"WorkID","Series","AlphabeticalPosition","RepoName","RepoRange","GalleryPage","GalleryRange","GeneratedImageFileName","GeneratedImageRelativePath","OriginalFileName","SourcePath","RepoImagePath","OriginalExtension","GeneratedExtension","SizeKB"
"RE-010811","Light Cult Crypto Club","9001","ron-english-light-cult-9001-10000","9001-10000","gallery-9001-9100.html","9001-9100","RE-010811.jpg","images/9001-9100/RE-010811.jpg","XHDZT6IV__8579 - Light Cult Crypto Club.JPG","E:\Zotero-organized-export\JPG-JPEG\Light Cult NFTs\XHDZT6IV__8579 - Light Cult Crypto Club.JPG","D:\github\ron-english-light-cult-9001-10000\images\9001-9100\RE-010811.jpg",".JPG",".jpg","55.1"
"RE-010812","Light Cult Crypto Club","9002","ron-english-light-cult-9001-10000","9001-10000","gallery-9001-9100.html","9001-9100","RE-010812.jpg","images/9001-9100/RE-010812.jpg","XHIGS3TX__6399 - Light Cult Crypto Club.JPG","E:\Zotero-organized-export\JPG-JPEG\Light Cult NFTs\XHIGS3TX__6399 - Light Cult Crypto Club.JPG","D:\github\ron-english-light-cult-9001-10000\images\9001-9100\RE-010812.jpg",".JPG",".jpg","69"
"RE-010813","Light Cult Crypto Club","9003","ron-english-light-cult-9001-10000","9001-10000","gallery-9001-9100.html","9001-9100","RE-010813.jpg","images/9001-9100/RE-010813.jpg","XHJ5UISP__3850 - Light Cult Crypto Club.JPG","E:\Zotero-organized-export\JPG-JPEG\Light Cult NFTs\XHJ5UISP__3850 - Light Cult Crypto Club.JPG","D:\github\ron-english-light-cult-9001-10000\images\9001-9100\RE-010813.jpg",".JPG",".jpg","123.1"
"RE-010814","Light Cult Crypto Club","9004","ron-english-light-cult-9001-10000","9001-10000","gallery-9001-9100.html","9001-9100","RE-010814.jpg","images/9001-9100/RE-010814.jpg","XHK9SZN7__9183 - Light Cult Crypto Club.JPG","E:\Zotero-organized-export\JPG-JPEG\Light Cult NFTs\XHK9SZN7__9183 - Light Cult Crypto Club.JPG","D:\github\ron-english-light-cult-9001-10000\images\9001-9100\RE-010814.jpg",".JPG",".jpg","123.9"
"RE-010815","Light Cult Crypto Club","9005","ron-english-light-cult-9001-10000","9001-10000","gallery-9001-9100.html","9001-9100","RE-010815.jpg","images/9001-9100/RE-010815.jpg","XHPS73XH__4888 - Light Cult Crypto Club.JPG","E:\Zotero-organized-export\JPG-JPEG\Light Cult NFTs\XHPS73XH__4888 - Light Cult Crypto Club.JPG","D:\github\ron-english-light-cult-9001-10000\images\9001-9100\RE-010815.jpg",".JPG",".jpg","125.7"
"RE-010816","Light Cult Crypto Club","9006","ron-english-light-cult-9001-10000","9001-10000","gallery-9001-9100.html","9001-9100","RE-010816.jpg","images/9001-9100/RE-010816.jpg","XHQ93ZLS__3168 - Light Cult Crypto Club.JPG","E:\Zotero-organized-export\JPG-JPEG\Light Cult NFTs\XHQ93ZLS__3168 - Light Cult Crypto Club.JPG","D:\github\ron-english-light-cult-9001-10000\images\9001-9100\RE-010816.jpg",".JPG",".jpg","55.7"
"RE-010817","Light Cult Crypto Club","9007","ron-english-light-cult-9001-10000","9001-10000","gallery-9001-9100.html","9001-9100","RE-010817.jpg","images/9001-9100/RE-010817.jpg","XHQJ7FY4__5414 - Light Cult Crypto Club.JPG","E:\Zotero-organized-export\JPG-JPEG\Light Cult NFTs\XHQJ7FY4__5414 - Light Cult Crypto Club.JPG","D:\github\ron-english-light-cult-9001-10000\images\9001-9100\RE-010817.jpg",".JPG",".jpg","49.4"
"RE-010818","Light Cult Crypto Club","9008","ron-english-light-cult-9001-10000","9001-10000","gallery-9001-9100.html","9001-9100","RE-010818.jpg","images/9001-9100/RE-010818.jpg","XHTJXL9W__6671 - Light Cult Crypto Club.JPG","E:\Zotero-organized-export\JPG-JPEG\Light Cult NFTs\XHTJXL9W__6671 - Light Cult Crypto Club.JPG","D:\github\ron-english-light-cult-9001-10000\images\9001-9100\RE-010818.jpg",".JPG",".jpg","73.5"
"RE-010819","Light Cult Crypto Club","9009","ron-english-light-cult-9001-10000","9001-10000","gallery-9001-9100.html","9001-9100","RE-010819.jpg","images/9001-9100/RE-010819.jpg","XHWTF5RA__3522 - Light Cult Crypto Club.JPG","E:\Zotero-organized-export\JPG-JPEG\Light Cult NFTs\XHWTF5RA__3522 - Light Cult Crypto Club.JPG","D:\github\ron-english-light-cult-9001-10000\images\9001-9100\RE-010819.jpg",".JPG",".jpg","74.6"
"RE-010820","Light Cult Crypto Club","9010","ron-english-light-cult-9001-10000","9001-10000","gallery-9001-9100.html","9001-9100","RE-010820.jpg","images/9001-9100/RE-010820.jpg","XHYC5LRZ__8442 - Light Cult Crypto Club.JPG","E:\Zotero-organized-export\JPG-JPEG\Light Cult NFTs\XHYC5LRZ__8442 - Light Cult Crypto Club.JPG","D:\github\ron-english-light-cult-9001-10000\images\9001-9100\RE-010820.jpg",".JPG",".jpg","55.1"
"RE-010821","Light Cult Crypto Club","9011","ron-english-light-cult-9001-10000","9001-10000","gallery-9001-9100.html","9001-9100","RE-010821.jpg","images/9001-9100/RE-010821.jpg","XI7Q2QDI__8760 - Light Cult Crypto Club.JPG","E:\Zotero-organized-export\JPG-JPEG\Light Cult NFTs\XI7Q2QDI__8760 - Light Cult Crypto Club.JPG","D:\github\ron-english-light-cult-9001-10000\images\9001-9100\RE-010821.jpg",".JPG",".jpg","91.5"
"RE-010822","Light Cult Crypto Club","9012","ron-english-light-cult-9001-10000","9001-10000","gallery-9001-9100.html","9001-9100","RE-010822.jpg","images/9001-9100/RE-010822.jpg","XI8HLJHT__Diapositiva171.JPG","E:\Zotero-organized-export\JPG-JPEG\Light Cult NFTs\XI8HLJHT__Diapositiva171.JPG","D:\github\ron-english-light-cult-9001-10000\images\9001-9100\RE-010822.jpg",".JPG",".jpg","94.9"
"RE-010823","Light Cult Crypto Club","9013","ron-english-light-cult-9001-10000","9001-10000","gallery-9001-9100.html","9001-9100","RE-010823.jpg","images/9001-9100/RE-010823.jpg","XI9G6FNS__3447 - Light Cult Crypto Club.JPG","E:\Zotero-organized-export\JPG-JPEG\Light Cult NFTs\XI9G6FNS__3447 - Light Cult Crypto Club.JPG","D:\github\ron-english-light-cult-9001-10000\images\9001-9100\RE-010823.jpg",".JPG",".jpg","50.8"
"RE-010824","Light Cult Crypto Club","9014","ron-english-light-cult-9001-10000","9001-10000","gallery-9001-9100.html","9001-9100","RE-010824.jpg","images/9001-9100/RE-010824.jpg","XICIAHXM__7391 - Light Cult Crypto Club.JPG","E:\Zotero-organized-export\JPG-JPEG\Light Cult NFTs\XICIAHXM__7391 - Light Cult Crypto Club.JPG","D:\github\ron-english-light-cult-9001-10000\images\9001-9100\RE-010824.jpg",".JPG",".jpg","43.3"
"RE-010825","Light Cult Crypto Club","9015","ron-english-light-cult-9001-10000","9001-10000","gallery-9001-9100.html","9001-9100","RE-010825.jpg","images/9001-9100/RE-010825.jpg","XIHWAIM7__3667 - Light Cult Crypto Club.JPG","E:\Zotero-organized-export\JPG-JPEG\Light Cult NFTs\XIHWAIM7__3667 - Light Cult Crypto Club.JPG","D:\github\ron-english-light-cult-9001-10000\images\9001-9100\RE-010825.jpg",".JPG",".jpg","39"
"RE-010826","Light Cult Crypto Club","9016","ron-english-light-cult-9001-10000","9001-10000","gallery-9001-9100.html","9001-9100","RE-010826.jpg","images/9001-9100/RE-010826.jpg","XIKGXR9M__9627 - Light Cult Crypto Club.JPG","E:\Zotero-organized-export\JPG-JPEG\Light Cult NFTs\XIKGXR9M__9627 - Light Cult Crypto Club.JPG","D:\github\ron-english-light-cult-9001-10000\images\9001-9100\RE-010826.jpg",".JPG",".jpg","81.4"
"RE-010827","Light Cult Crypto Club","9017","ron-english-light-cult-9001-10000","9001-10000","gallery-9001-9100.html","9001-9100","RE-010827.jpg","images/9001-9100/RE-010827.jpg","XITTNXNY__4187 - Light Cult Crypto Club.JPG","E:\Zotero-organized-export\JPG-JPEG\Light Cult NFTs\XITTNXNY__4187 - Light Cult Crypto Club.JPG","D:\github\ron-english-light-cult-9001-10000\images\9001-9100\RE-010827.jpg",".JPG",".jpg","97.8"
"RE-010828","Light Cult Crypto Club","9018","ron-english-light-cult-9001-10000","9001-10000","gallery-9001-9100.html","9001-9100","RE-010828.jpg","images/9001-9100/RE-010828.jpg","XITXX73Z__7077 - Light Cult Crypto Club.JPG","E:\Zotero-organized-export\JPG-JPEG\Light Cult NFTs\XITXX73Z__7077 - Light Cult Crypto Club.JPG","D:\github\ron-english-light-cult-9001-10000\images\9001-9100\RE-010828.jpg",".JPG",".jpg","59.7"
"RE-010829","Light Cult Crypto Club","9019","ron-english-light-cult-9001-10000","9001-10000","gallery-9001-9100.html","9001-9100","RE-010829.jpg","images/9001-9100/RE-010829.jpg","XJ2V4U3Z__5792 - Light Cult Crypto Club.JPG","E:\Zotero-organized-export\JPG-JPEG\Light Cult NFTs\XJ2V4U3Z__5792 - Light Cult Crypto Club.JPG","D:\github\ron-english-light-cult-9001-10000\images\9001-9100\RE-010829.jpg",".JPG",".jpg","126"
"RE-010830","Light Cult Crypto Club","9020","ron-english-light-cult-9001-10000","9001-10000","gallery-9001-9100.html","9001-9100","RE-010830.jpg","images/9001-9100/RE-010830.jpg","XJ3MD8BR__8002 - Light Cult Crypto Club.JPG","E:\Zotero-organized-export\JPG-JPEG\Light Cult NFTs\XJ3MD8BR__8002 - Light Cult Crypto Club.JPG","D:\github\ron-english-light-cult-9001-10000\images\9001-9100\RE-010830.jpg",".JPG",".jpg","124.2"
"RE-010831","Light Cult Crypto Club","9021","ron-english-light-cult-9001-10000","9001-10000","gallery-9001-9100.html","9001-9100","RE-010831.jpg","images/9001-9100/RE-010831.jpg","XJ3QZMQ3__6302 - Light Cult Crypto Club.JPG","E:\Zotero-organized-export\JPG-JPEG\Light Cult NFTs\XJ3QZMQ3__6302 - Light Cult Crypto Club.JPG","D:\github\ron-english-light-cult-9001-10000\images\9001-9100\RE-010831.jpg",".JPG",".jpg","89.2"
"RE-010832","Light Cult Crypto Club","9022","ron-english-light-cult-9001-10000","9001-10000","gallery-9001-9100.html","9001-9100","RE-010832.jpg","images/9001-9100/RE-010832.jpg","XJKJMVLM__3794 - Light Cult Crypto Club.JPG","E:\Zotero-organized-export\JPG-JPEG\Light Cult NFTs\XJKJMVLM__3794 - Light Cult Crypto Club.JPG","D:\github\ron-english-light-cult-9001-10000\images\9001-9100\RE-010832.jpg",".JPG",".jpg","100.5"
"RE-010833","Light Cult Crypto Club","9023","ron-english-light-cult-9001-10000","9001-10000","gallery-9001-9100.html","9001-9100","RE-010833.jpg","images/9001-9100/RE-010833.jpg","XJPZPCVQ__Diapositiva520.JPG","E:\Zotero-organized-export\JPG-JPEG\Light Cult NFTs\XJPZPCVQ__Diapositiva520.JPG","D:\github\ron-english-light-cult-9001-10000\images\9001-9100\RE-010833.jpg",".JPG",".jpg","74.5"
"RE-010834","Light Cult Crypto Club","9024","ron-english-light-cult-9001-10000","9001-10000","gallery-9001-9100.html","9001-9100","RE-010834.jpg","images/9001-9100/RE-010834.jpg","XJQGXPHP__Diapositiva460.JPG","E:\Zotero-organized-export\JPG-JPEG\Light Cult NFTs\XJQGXPHP__Diapositiva460.JPG","D:\github\ron-english-light-cult-9001-10000\images\9001-9100\RE-010834.jpg",".JPG",".jpg","143.3"
"RE-010835","Light Cult Crypto Club","9025","ron-english-light-cult-9001-10000","9001-10000","gallery-9001-9100.html","9001-9100","RE-010835.jpg","images/9001-9100/RE-010835.jpg","XJUY7ZKK__3335 - Light Cult Crypto Club.JPG","E:\Zotero-organized-export\JPG-JPEG\Light Cult NFTs\XJUY7ZKK__3335 - Light Cult Crypto Club.JPG","D:\github\ron-english-light-cult-9001-10000\images\9001-9100\RE-010835.jpg",".JPG",".jpg","47.7"
"RE-010836","Light Cult Crypto Club","9026","ron-english-light-cult-9001-10000","9001-10000","gallery-9001-9100.html","9001-9100","RE-010836.jpg","images/9001-9100/RE-010836.jpg","XJV428GT__6933 - Light Cult Crypto Club.JPG","E:\Zotero-organized-export\JPG-JPEG\Light Cult NFTs\XJV428GT__6933 - Light Cult Crypto Club.JPG","D:\github\ron-english-light-cult-9001-10000\images\9001-9100\RE-010836.jpg",".JPG",".jpg","54.2"
"RE-010837","Light Cult Crypto Club","9027","ron-english-light-cult-9001-10000","9001-10000","gallery-9001-9100.html","9001-9100","RE-010837.jpg","images/9001-9100/RE-010837.jpg","XJVE4MNU__6714 - Light Cult Crypto Club.JPG","E:\Zotero-organized-export\JPG-JPEG\Light Cult NFTs\XJVE4MNU__6714 - Light Cult Crypto Club.JPG","D:\github\ron-english-light-cult-9001-10000\images\9001-9100\RE-010837.jpg",".JPG",".jpg","148.8"
"RE-010838","Light Cult Crypto Club","9028","ron-english-light-cult-9001-10000","9001-10000","gallery-9001-9100.html","9001-9100","RE-010838.jpg","images/9001-9100/RE-010838.jpg","XJXRGYKK__7924 - Light Cult Crypto Club.JPG","E:\Zotero-organized-export\JPG-JPEG\Light Cult NFTs\XJXRGYKK__7924 - Light Cult Crypto Club.JPG","D:\github\ron-english-light-cult-9001-10000\images\9001-9100\RE-010838.jpg",".JPG",".jpg","143.3"
"RE-010839","Light Cult Crypto Club","9029","ron-english-light-cult-9001-10000","9001-10000","gallery-9001-9100.html","9001-9100","RE-010839.jpg","images/9001-9100/RE-010839.jpg","XK4MDUKN__9257 - Light Cult Crypto Club.JPG","E:\Zotero-organized-export\JPG-JPEG\Light Cult NFTs\XK4MDUKN__9257 - Light Cult Crypto Club.JPG","D:\github\ron-english-light-cult-9001-10000\images\9001-9100\RE-010839.jpg",".JPG",".jpg","76"
"RE-010840","Light Cult Crypto Club","9030","ron-english-light-cult-9001-10000","9001-10000","gallery-9001-9100.html","9001-9100","RE-010840.jpg","images/9001-9100/RE-010840.jpg","XK4PH2GX__3672 - Light Cult Crypto Club.JPG","E:\Zotero-organized-export\JPG-JPEG\Light Cult NFTs\XK4PH2GX__3672 - Light Cult Crypto Club.JPG","D:\github\ron-english-light-cult-9001-10000\images\9001-9100\RE-010840.jpg",".JPG",".jpg","77.9"
"RE-010841","Light Cult Crypto Club","9031","ron-english-light-cult-9001-10000","9001-10000","gallery-9001-9100.html","9001-9100","RE-010841.jpg","images/9001-9100/RE-010841.jpg","XK4SUQBT__4991 - Light Cult Crypto Club.JPG","E:\Zotero-organized-export\JPG-JPEG\Light Cult NFTs\XK4SUQBT__4991 - Light Cult Crypto Club.JPG","D:\github\ron-english-light-cult-9001-10000\images\9001-9100\RE-010841.jpg",".JPG",".jpg","136.3"
"RE-010842","Light Cult Crypto Club","9032","ron-english-light-cult-9001-10000","9001-10000","gallery-9001-9100.html","9001-9100","RE-010842.jpg","images/9001-9100/RE-010842.jpg","XKA6836T__8379 - Light Cult Crypto Club.JPG","E:\Zotero-organized-export\JPG-JPEG\Light Cult NFTs\XKA6836T__8379 - Light Cult Crypto Club.JPG","D:\github\ron-english-light-cult-9001-10000\images\9001-9100\RE-010842.jpg",".JPG",".jpg","57.4"
"RE-010843","Light Cult Crypto Club","9033","ron-english-light-cult-9001-10000","9001-10000","gallery-9001-9100.html","9001-9100","RE-010843.jpg","images/9001-9100/RE-010843.jpg","XKN5KAMZ__6263 - Light Cult Crypto Club.JPG","E:\Zotero-organized-export\JPG-JPEG\Light Cult NFTs\XKN5KAMZ__6263 - Light Cult Crypto Club.JPG","D:\github\ron-english-light-cult-9001-10000\images\9001-9100\RE-010843.jpg",".JPG",".jpg","87.6"
"RE-010844","Light Cult Crypto Club","9034","ron-english-light-cult-9001-10000","9001-10000","gallery-9001-9100.html","9001-9100","RE-010844.jpg","images/9001-9100/RE-010844.jpg","XKPSZ6YZ__Diapositiva398.JPG","E:\Zotero-organized-export\JPG-JPEG\Light Cult NFTs\XKPSZ6YZ__Diapositiva398.JPG","D:\github\ron-english-light-cult-9001-10000\images\9001-9100\RE-010844.jpg",".JPG",".jpg","61"
"RE-010845","Light Cult Crypto Club","9035","ron-english-light-cult-9001-10000","9001-10000","gallery-9001-9100.html","9001-9100","RE-010845.jpg","images/9001-9100/RE-010845.jpg","XKSYGH9S__Diapositiva567.JPG","E:\Zotero-organized-export\JPG-JPEG\Light Cult NFTs\XKSYGH9S__Diapositiva567.JPG","D:\github\ron-english-light-cult-9001-10000\images\9001-9100\RE-010845.jpg",".JPG",".jpg","78.3"
"RE-010846","Light Cult Crypto Club","9036","ron-english-light-cult-9001-10000","9001-10000","gallery-9001-9100.html","9001-9100","RE-010846.jpg","images/9001-9100/RE-010846.jpg","XL78I9LN__9344 - Light Cult Crypto Club.JPG","E:\Zotero-organized-export\JPG-JPEG\Light Cult NFTs\XL78I9LN__9344 - Light Cult Crypto Club.JPG","D:\github\ron-english-light-cult-9001-10000\images\9001-9100\RE-010846.jpg",".JPG",".jpg","129.4"
"RE-010847","Light Cult Crypto Club","9037","ron-english-light-cult-9001-10000","9001-10000","gallery-9001-9100.html","9001-9100","RE-010847.jpg","images/9001-9100/RE-010847.jpg","XLIY6HCY__Diapositiva132.JPG","E:\Zotero-organized-export\JPG-JPEG\Light Cult NFTs\XLIY6HCY__Diapositiva132.JPG","D:\github\ron-english-light-cult-9001-10000\images\9001-9100\RE-010847.jpg",".JPG",".jpg","71"
"RE-010848","Light Cult Crypto Club","9038","ron-english-light-cult-9001-10000","9001-10000","gallery-9001-9100.html","9001-9100","RE-010848.jpg","images/9001-9100/RE-010848.jpg","XLM3K4VW__8701 - Light Cult Crypto Club.JPG","E:\Zotero-organized-export\JPG-JPEG\Light Cult NFTs\XLM3K4VW__8701 - Light Cult Crypto Club.JPG","D:\github\ron-english-light-cult-9001-10000\images\9001-9100\RE-010848.jpg",".JPG",".jpg","97.7"
"RE-010849","Light Cult Crypto Club","9039","ron-english-light-cult-9001-10000","9001-10000","gallery-9001-9100.html","9001-9100","RE-010849.jpg","images/9001-9100/RE-010849.jpg","XLS5KYUN__3293 - Light Cult Crypto Club.JPG","E:\Zotero-organized-export\JPG-JPEG\Light Cult NFTs\XLS5KYUN__3293 - Light Cult Crypto Club.JPG","D:\github\ron-english-light-cult-9001-10000\images\9001-9100\RE-010849.jpg",".JPG",".jpg","150.7"
"RE-010850","Light Cult Crypto Club","9040","ron-english-light-cult-9001-10000","9001-10000","gallery-9001-9100.html","9001-9100","RE-010850.jpg","images/9001-9100/RE-010850.jpg","XLSE4LSD__8027 - Light Cult Crypto Club.JPG","E:\Zotero-organized-export\JPG-JPEG\Light Cult NFTs\XLSE4LSD__8027 - Light Cult Crypto Club.JPG","D:\github\ron-english-light-cult-9001-10000\images\9001-9100\RE-010850.jpg",".JPG",".jpg","137.1"
"RE-010851","Light Cult Crypto Club","9041","ron-english-light-cult-9001-10000","9001-10000","gallery-9001-9100.html","9001-9100","RE-010851.jpg","images/9001-9100/RE-010851.jpg","XLV8V9AI__6454 - Light Cult Crypto Club.JPG","E:\Zotero-organized-export\JPG-JPEG\Light Cult NFTs\XLV8V9AI__6454 - Light Cult Crypto Club.JPG","D:\github\ron-english-light-cult-9001-10000\images\9001-9100\RE-010851.jpg",".JPG",".jpg","112.6"
"RE-010852","Light Cult Crypto Club","9042","ron-english-light-cult-9001-10000","9001-10000","gallery-9001-9100.html","9001-9100","RE-010852.jpg","images/9001-9100/RE-010852.jpg","XLVMD56L__7950 - Light Cult Crypto Club.JPG","E:\Zotero-organized-export\JPG-JPEG\Light Cult NFTs\XLVMD56L__7950 - Light Cult Crypto Club.JPG","D:\github\ron-english-light-cult-9001-10000\images\9001-9100\RE-010852.jpg",".JPG",".jpg","124.3"
"RE-010853","Light Cult Crypto Club","9043","ron-english-light-cult-9001-10000","9001-10000","gallery-9001-9100.html","9001-9100","RE-010853.jpg","images/9001-9100/RE-010853.jpg","XM2XHDDZ__8925 - Light Cult Crypto Club.JPG","E:\Zotero-organized-export\JPG-JPEG\Light Cult NFTs\XM2XHDDZ__8925 - Light Cult Crypto Club.JPG","D:\github\ron-english-light-cult-9001-10000\images\9001-9100\RE-010853.jpg",".JPG",".jpg","87.9"
"RE-010854","Light Cult Crypto Club","9044","ron-english-light-cult-9001-10000","9001-10000","gallery-9001-9100.html","9001-9100","RE-010854.jpg","images/9001-9100/RE-010854.jpg","XM2Y2CL9__4884 - Light Cult Crypto Club.JPG","E:\Zotero-organized-export\JPG-JPEG\Light Cult NFTs\XM2Y2CL9__4884 - Light Cult Crypto Club.JPG","D:\github\ron-english-light-cult-9001-10000\images\9001-9100\RE-010854.jpg",".JPG",".jpg","47.9"
"RE-010855","Light Cult Crypto Club","9045","ron-english-light-cult-9001-10000","9001-10000","gallery-9001-9100.html","9001-9100","RE-010855.jpg","images/9001-9100/RE-010855.jpg","XM45Q5AN__6629 - Light Cult Crypto Club.JPG","E:\Zotero-organized-export\JPG-JPEG\Light Cult NFTs\XM45Q5AN__6629 - Light Cult Crypto Club.JPG","D:\github\ron-english-light-cult-9001-10000\images\9001-9100\RE-010855.jpg",".JPG",".jpg","120.9"
"RE-010856","Light Cult Crypto Club","9046","ron-english-light-cult-9001-10000","9001-10000","gallery-9001-9100.html","9001-9100","RE-010856.jpg","images/9001-9100/RE-010856.jpg","XM53RZC4__5729 - Light Cult Crypto Club.JPG","E:\Zotero-organized-export\JPG-JPEG\Light Cult NFTs\XM53RZC4__5729 - Light Cult Crypto Club.JPG","D:\github\ron-english-light-cult-9001-10000\images\9001-9100\RE-010856.jpg",".JPG",".jpg","108.2"
"RE-010857","Light Cult Crypto Club","9047","ron-english-light-cult-9001-10000","9001-10000","gallery-9001-9100.html","9001-9100","RE-010857.jpg","images/9001-9100/RE-010857.jpg","XM5C3W8E__Diapositiva985.JPG","E:\Zotero-organized-export\JPG-JPEG\Light Cult NFTs\XM5C3W8E__Diapositiva985.JPG","D:\github\ron-english-light-cult-9001-10000\images\9001-9100\RE-010857.jpg",".JPG",".jpg","92.7"
"RE-010858","Light Cult Crypto Club","9048","ron-english-light-cult-9001-10000","9001-10000","gallery-9001-9100.html","9001-9100","RE-010858.jpg","images/9001-9100/RE-010858.jpg","XM8ZZK6L__Diapositiva221.JPG","E:\Zotero-organized-export\JPG-JPEG\Light Cult NFTs\XM8ZZK6L__Diapositiva221.JPG","D:\github\ron-english-light-cult-9001-10000\images\9001-9100\RE-010858.jpg",".JPG",".jpg","111.1"
"RE-010859","Light Cult Crypto Club","9049","ron-english-light-cult-9001-10000","9001-10000","gallery-9001-9100.html","9001-9100","RE-010859.jpg","images/9001-9100/RE-010859.jpg","XMLB9IY5__6985 - Light Cult Crypto Club.JPG","E:\Zotero-organized-export\JPG-JPEG\Light Cult NFTs\XMLB9IY5__6985 - Light Cult Crypto Club.JPG","D:\github\ron-english-light-cult-9001-10000\images\9001-9100\RE-010859.jpg",".JPG",".jpg","124.2"
"RE-010860","Light Cult Crypto Club","9050","ron-english-light-cult-9001-10000","9001-10000","gallery-9001-9100.html","9001-9100","RE-010860.jpg","images/9001-9100/RE-010860.jpg","XMM6EBCE__5711 - Light Cult Crypto Club.JPG","E:\Zotero-organized-export\JPG-JPEG\Light Cult NFTs\XMM6EBCE__5711 - Light Cult Crypto Club.JPG","D:\github\ron-english-light-cult-9001-10000\images\9001-9100\RE-010860.jpg",".JPG",".jpg","151.5"
"RE-010861","Light Cult Crypto Club","9051","ron-english-light-cult-9001-10000","9001-10000","gallery-9001-9100.html","9001-9100","RE-010861.jpg","images/9001-9100/RE-010861.jpg","XMXA9RQI__Diapositiva853.JPG","E:\Zotero-organized-export\JPG-JPEG\Light Cult NFTs\XMXA9RQI__Diapositiva853.JPG","D:\github\ron-english-light-cult-9001-10000\images\9001-9100\RE-010861.jpg",".JPG",".jpg","132.6"
"RE-010862","Light Cult Crypto Club","9052","ron-english-light-cult-9001-10000","9001-10000","gallery-9001-9100.html","9001-9100","RE-010862.jpg","images/9001-9100/RE-010862.jpg","XMYBJYUX__5565 - Light Cult Crypto Club.JPG","E:\Zotero-organized-export\JPG-JPEG\Light Cult NFTs\XMYBJYUX__5565 - Light Cult Crypto Club.JPG","D:\github\ron-english-light-cult-9001-10000\images\9001-9100\RE-010862.jpg",".JPG",".jpg","78.5"
"RE-010863","Light Cult Crypto Club","9053","ron-english-light-cult-9001-10000","9001-10000","gallery-9001-9100.html","9001-9100","RE-010863.jpg","images/9001-9100/RE-010863.jpg","XNBRDQ7P__6494 - Light Cult Crypto Club.JPG","E:\Zotero-organized-export\JPG-JPEG\Light Cult NFTs\XNBRDQ7P__6494 - Light Cult Crypto Club.JPG","D:\github\ron-english-light-cult-9001-10000\images\9001-9100\RE-010863.jpg",".JPG",".jpg","129"
"RE-010864","Light Cult Crypto Club","9054","ron-english-light-cult-9001-10000","9001-10000","gallery-9001-9100.html","9001-9100","RE-010864.jpg","images/9001-9100/RE-010864.jpg","XNBUXZQT__3561 - Light Cult Crypto Club.JPG","E:\Zotero-organized-export\JPG-JPEG\Light Cult NFTs\XNBUXZQT__3561 - Light Cult Crypto Club.JPG","D:\github\ron-english-light-cult-9001-10000\images\9001-9100\RE-010864.jpg",".JPG",".jpg","85.3"
"RE-010865","Light Cult Crypto Club","9055","ron-english-light-cult-9001-10000","9001-10000","gallery-9001-9100.html","9001-9100","RE-010865.jpg","images/9001-9100/RE-010865.jpg","XNCCFZHQ__5970 - Light Cult Crypto Club.JPG","E:\Zotero-organized-export\JPG-JPEG\Light Cult NFTs\XNCCFZHQ__5970 - Light Cult Crypto Club.JPG","D:\github\ron-english-light-cult-9001-10000\images\9001-9100\RE-010865.jpg",".JPG",".jpg","121.6"
"RE-010866","Light Cult Crypto Club","9056","ron-english-light-cult-9001-10000","9001-10000","gallery-9001-9100.html","9001-9100","RE-010866.jpg","images/9001-9100/RE-010866.jpg","XNDFH58D__4164 - Light Cult Crypto Club.JPG","E:\Zotero-organized-export\JPG-JPEG\Light Cult NFTs\XNDFH58D__4164 - Light Cult Crypto Club.JPG","D:\github\ron-english-light-cult-9001-10000\images\9001-9100\RE-010866.jpg",".JPG",".jpg","78.3"
"RE-010867","Light Cult Crypto Club","9057","ron-english-light-cult-9001-10000","9001-10000","gallery-9001-9100.html","9001-9100","RE-010867.jpg","images/9001-9100/RE-010867.jpg","XNE9RMFQ__5380 - Light Cult Crypto Club.JPG","E:\Zotero-organized-export\JPG-JPEG\Light Cult NFTs\XNE9RMFQ__5380 - Light Cult Crypto Club.JPG","D:\github\ron-english-light-cult-9001-10000\images\9001-9100\RE-010867.jpg",".JPG",".jpg","57.7"
"RE-010868","Light Cult Crypto Club","9058","ron-english-light-cult-9001-10000","9001-10000","gallery-9001-9100.html","9001-9100","RE-010868.jpg","images/9001-9100/RE-010868.jpg","XNFDZM9C__5295 - Light Cult Crypto Club.JPG","E:\Zotero-organized-export\JPG-JPEG\Light Cult NFTs\XNFDZM9C__5295 - Light Cult Crypto Club.JPG","D:\github\ron-english-light-cult-9001-10000\images\9001-9100\RE-010868.jpg",".JPG",".jpg","76.2"
"RE-010869","Light Cult Crypto Club","9059","ron-english-light-cult-9001-10000","9001-10000","gallery-9001-9100.html","9001-9100","RE-010869.jpg","images/9001-9100/RE-010869.jpg","XNVKGHRD__8900 - Light Cult Crypto Club.JPG","E:\Zotero-organized-export\JPG-JPEG\Light Cult NFTs\XNVKGHRD__8900 - Light Cult Crypto Club.JPG","D:\github\ron-english-light-cult-9001-10000\images\9001-9100\RE-010869.jpg",".JPG",".jpg","208.5"
"RE-010870","Light Cult Crypto Club","9060","ron-english-light-cult-9001-10000","9001-10000","gallery-9001-9100.html","9001-9100","RE-010870.jpg","images/9001-9100/RE-010870.jpg","XNXTNWJN__Diapositiva384.JPG","E:\Zotero-organized-export\JPG-JPEG\Light Cult NFTs\XNXTNWJN__Diapositiva384.JPG","D:\github\ron-english-light-cult-9001-10000\images\9001-9100\RE-010870.jpg",".JPG",".jpg","124.5"
"RE-010871","Light Cult Crypto Club","9061","ron-english-light-cult-9001-10000","9001-10000","gallery-9001-9100.html","9001-9100","RE-010871.jpg","images/9001-9100/RE-010871.jpg","XP55T9B8__6503 - Light Cult Crypto Club.JPG","E:\Zotero-organized-export\JPG-JPEG\Light Cult NFTs\XP55T9B8__6503 - Light Cult Crypto Club.JPG","D:\github\ron-english-light-cult-9001-10000\images\9001-9100\RE-010871.jpg",".JPG",".jpg","47"
"RE-010872","Light Cult Crypto Club","9062","ron-english-light-cult-9001-10000","9001-10000","gallery-9001-9100.html","9001-9100","RE-010872.jpg","images/9001-9100/RE-010872.jpg","XPBFRKZF__7243 - Light Cult Crypto Club.JPG","E:\Zotero-organized-export\JPG-JPEG\Light Cult NFTs\XPBFRKZF__7243 - Light Cult Crypto Club.JPG","D:\github\ron-english-light-cult-9001-10000\images\9001-9100\RE-010872.jpg",".JPG",".jpg","137.2"
"RE-010873","Light Cult Crypto Club","9063","ron-english-light-cult-9001-10000","9001-10000","gallery-9001-9100.html","9001-9100","RE-010873.jpg","images/9001-9100/RE-010873.jpg","XPD2FVFE__Diapositiva103.JPG","E:\Zotero-organized-export\JPG-JPEG\Light Cult NFTs\XPD2FVFE__Diapositiva103.JPG","D:\github\ron-english-light-cult-9001-10000\images\9001-9100\RE-010873.jpg",".JPG",".jpg","132"
"RE-010874","Light Cult Crypto Club","9064","ron-english-light-cult-9001-10000","9001-10000","gallery-9001-9100.html","9001-9100","RE-010874.jpg","images/9001-9100/RE-010874.jpg","XPEHTCHB__8110 - Light Cult Crypto Club.JPG","E:\Zotero-organized-export\JPG-JPEG\Light Cult NFTs\XPEHTCHB__8110 - Light Cult Crypto Club.JPG","D:\github\ron-english-light-cult-9001-10000\images\9001-9100\RE-010874.jpg",".JPG",".jpg","87"
"RE-010875","Light Cult Crypto Club","9065","ron-english-light-cult-9001-10000","9001-10000","gallery-9001-9100.html","9001-9100","RE-010875.jpg","images/9001-9100/RE-010875.jpg","XPR724GF__6801 - Light Cult Crypto Club.JPG","E:\Zotero-organized-export\JPG-JPEG\Light Cult NFTs\XPR724GF__6801 - Light Cult Crypto Club.JPG","D:\github\ron-english-light-cult-9001-10000\images\9001-9100\RE-010875.jpg",".JPG",".jpg","133.4"
"RE-010876","Light Cult Crypto Club","9066","ron-english-light-cult-9001-10000","9001-10000","gallery-9001-9100.html","9001-9100","RE-010876.jpg","images/9001-9100/RE-010876.jpg","XPVGBRJL__8397 - Light Cult Crypto Club.JPG","E:\Zotero-organized-export\JPG-JPEG\Light Cult NFTs\XPVGBRJL__8397 - Light Cult Crypto Club.JPG","D:\github\ron-english-light-cult-9001-10000\images\9001-9100\RE-010876.jpg",".JPG",".jpg","112.3"
"RE-010877","Light Cult Crypto Club","9067","ron-english-light-cult-9001-10000","9001-10000","gallery-9001-9100.html","9001-9100","RE-010877.jpg","images/9001-9100/RE-010877.jpg","XPZZESE7__6778 - Light Cult Crypto Club.JPG","E:\Zotero-organized-export\JPG-JPEG\Light Cult NFTs\XPZZESE7__6778 - Light Cult Crypto Club.JPG","D:\github\ron-english-light-cult-9001-10000\images\9001-9100\RE-010877.jpg",".JPG",".jpg","140.7"
"RE-010878","Light Cult Crypto Club","9068","ron-english-light-cult-9001-10000","9001-10000","gallery-9001-9100.html","9001-9100","RE-010878.jpg","images/9001-9100/RE-010878.jpg","XQ24JJWY__9509 - Light Cult Crypto Club.JPG","E:\Zotero-organized-export\JPG-JPEG\Light Cult NFTs\XQ24JJWY__9509 - Light Cult Crypto Club.JPG","D:\github\ron-english-light-cult-9001-10000\images\9001-9100\RE-010878.jpg",".JPG",".jpg","123.9"
"RE-010879","Light Cult Crypto Club","9069","ron-english-light-cult-9001-10000","9001-10000","gallery-9001-9100.html","9001-9100","RE-010879.jpg","images/9001-9100/RE-010879.jpg","XQ25BN3L__4649 - Light Cult Crypto Club.JPG","E:\Zotero-organized-export\JPG-JPEG\Light Cult NFTs\XQ25BN3L__4649 - Light Cult Crypto Club.JPG","D:\github\ron-english-light-cult-9001-10000\images\9001-9100\RE-010879.jpg",".JPG",".jpg","169.2"
"RE-010880","Light Cult Crypto Club","9070","ron-english-light-cult-9001-10000","9001-10000","gallery-9001-9100.html","9001-9100","RE-010880.jpg","images/9001-9100/RE-010880.jpg","XQ2D88MV__Diapositiva407.JPG","E:\Zotero-organized-export\JPG-JPEG\Light Cult NFTs\XQ2D88MV__Diapositiva407.JPG","D:\github\ron-english-light-cult-9001-10000\images\9001-9100\RE-010880.jpg",".JPG",".jpg","68.6"
"RE-010881","Light Cult Crypto Club","9071","ron-english-light-cult-9001-10000","9001-10000","gallery-9001-9100.html","9001-9100","RE-010881.jpg","images/9001-9100/RE-010881.jpg","XQ8NPEII__3179 - Light Cult Crypto Club.JPG","E:\Zotero-organized-export\JPG-JPEG\Light Cult NFTs\XQ8NPEII__3179 - Light Cult Crypto Club.JPG","D:\github\ron-english-light-cult-9001-10000\images\9001-9100\RE-010881.jpg",".JPG",".jpg","60.6"
"RE-010882","Light Cult Crypto Club","9072","ron-english-light-cult-9001-10000","9001-10000","gallery-9001-9100.html","9001-9100","RE-010882.jpg","images/9001-9100/RE-010882.jpg","XQB6DJ9V__8785 - Light Cult Crypto Club.JPG","E:\Zotero-organized-export\JPG-JPEG\Light Cult NFTs\XQB6DJ9V__8785 - Light Cult Crypto Club.JPG","D:\github\ron-english-light-cult-9001-10000\images\9001-9100\RE-010882.jpg",".JPG",".jpg","117.2"
"RE-010883","Light Cult Crypto Club","9073","ron-english-light-cult-9001-10000","9001-10000","gallery-9001-9100.html","9001-9100","RE-010883.jpg","images/9001-9100/RE-010883.jpg","XQF5WWCY__6382 - Light Cult Crypto Club.JPG","E:\Zotero-organized-export\JPG-JPEG\Light Cult NFTs\XQF5WWCY__6382 - Light Cult Crypto Club.JPG","D:\github\ron-english-light-cult-9001-10000\images\9001-9100\RE-010883.jpg",".JPG",".jpg","43.5"
"RE-010884","Light Cult Crypto Club","9074","ron-english-light-cult-9001-10000","9001-10000","gallery-9001-9100.html","9001-9100","RE-010884.jpg","images/9001-9100/RE-010884.jpg","XQGXW4SA__4193 - Light Cult Crypto Club.JPG","E:\Zotero-organized-export\JPG-JPEG\Light Cult NFTs\XQGXW4SA__4193 - Light Cult Crypto Club.JPG","D:\github\ron-english-light-cult-9001-10000\images\9001-9100\RE-010884.jpg",".JPG",".jpg","120.6"
"RE-010885","Light Cult Crypto Club","9075","ron-english-light-cult-9001-10000","9001-10000","gallery-9001-9100.html","9001-9100","RE-010885.jpg","images/9001-9100/RE-010885.jpg","XQRF7EVS__6776 - Light Cult Crypto Club.JPG","E:\Zotero-organized-export\JPG-JPEG\Light Cult NFTs\XQRF7EVS__6776 - Light Cult Crypto Club.JPG","D:\github\ron-english-light-cult-9001-10000\images\9001-9100\RE-010885.jpg",".JPG",".jpg","48.4"
"RE-010886","Light Cult Crypto Club","9076","ron-english-light-cult-9001-10000","9001-10000","gallery-9001-9100.html","9001-9100","RE-010886.jpg","images/9001-9100/RE-010886.jpg","XR8KBN9I__Diapositiva790.JPG","E:\Zotero-organized-export\JPG-JPEG\Light Cult NFTs\XR8KBN9I__Diapositiva790.JPG","D:\github\ron-english-light-cult-9001-10000\images\9001-9100\RE-010886.jpg",".JPG",".jpg","88.7"
"RE-010887","Light Cult Crypto Club","9077","ron-english-light-cult-9001-10000","9001-10000","gallery-9001-9100.html","9001-9100","RE-010887.jpg","images/9001-9100/RE-010887.jpg","XRHHMIGS__Diapositiva650.JPG","E:\Zotero-organized-export\JPG-JPEG\Light Cult NFTs\XRHHMIGS__Diapositiva650.JPG","D:\github\ron-english-light-cult-9001-10000\images\9001-9100\RE-010887.jpg",".JPG",".jpg","58.6"
"RE-010888","Light Cult Crypto Club","9078","ron-english-light-cult-9001-10000","9001-10000","gallery-9001-9100.html","9001-9100","RE-010888.jpg","images/9001-9100/RE-010888.jpg","XRHX74LL__4538 - Light Cult Crypto Club.JPG","E:\Zotero-organized-export\JPG-JPEG\Light Cult NFTs\XRHX74LL__4538 - Light Cult Crypto Club.JPG","D:\github\ron-english-light-cult-9001-10000\images\9001-9100\RE-010888.jpg",".JPG",".jpg","125.8"
"RE-010889","Light Cult Crypto Club","9079","ron-english-light-cult-9001-10000","9001-10000","gallery-9001-9100.html","9001-9100","RE-010889.jpg","images/9001-9100/RE-010889.jpg","XRN6R27A__6470 - Light Cult Crypto Club.JPG","E:\Zotero-organized-export\JPG-JPEG\Light Cult NFTs\XRN6R27A__6470 - Light Cult Crypto Club.JPG","D:\github\ron-english-light-cult-9001-10000\images\9001-9100\RE-010889.jpg",".JPG",".jpg","127.4"
"RE-010890","Light Cult Crypto Club","9080","ron-english-light-cult-9001-10000","9001-10000","gallery-9001-9100.html","9001-9100","RE-010890.jpg","images/9001-9100/RE-010890.jpg","XRPWAYI7__4458 - Light Cult Crypto Club.JPG","E:\Zotero-organized-export\JPG-JPEG\Light Cult NFTs\XRPWAYI7__4458 - Light Cult Crypto Club.JPG","D:\github\ron-english-light-cult-9001-10000\images\9001-9100\RE-010890.jpg",".JPG",".jpg","91.3"
"RE-010891","Light Cult Crypto Club","9081","ron-english-light-cult-9001-10000","9001-10000","gallery-9001-9100.html","9001-9100","RE-010891.jpg","images/9001-9100/RE-010891.jpg","XRPYX3SA__Diapositiva631.JPG","E:\Zotero-organized-export\JPG-JPEG\Light Cult NFTs\XRPYX3SA__Diapositiva631.JPG","D:\github\ron-english-light-cult-9001-10000\images\9001-9100\RE-010891.jpg",".JPG",".jpg","69.6"
"RE-010892","Light Cult Crypto Club","9082","ron-english-light-cult-9001-10000","9001-10000","gallery-9001-9100.html","9001-9100","RE-010892.jpg","images/9001-9100/RE-010892.jpg","XRSNU2PB__8491 - Light Cult Crypto Club.JPG","E:\Zotero-organized-export\JPG-JPEG\Light Cult NFTs\XRSNU2PB__8491 - Light Cult Crypto Club.JPG","D:\github\ron-english-light-cult-9001-10000\images\9001-9100\RE-010892.jpg",".JPG",".jpg","74.2"
"RE-010893","Light Cult Crypto Club","9083","ron-english-light-cult-9001-10000","9001-10000","gallery-9001-9100.html","9001-9100","RE-010893.jpg","images/9001-9100/RE-010893.jpg","XS3TP775__Diapositiva41.JPG","E:\Zotero-organized-export\JPG-JPEG\Light Cult NFTs\XS3TP775__Diapositiva41.JPG","D:\github\ron-english-light-cult-9001-10000\images\9001-9100\RE-010893.jpg",".JPG",".jpg","151.8"
"RE-010894","Light Cult Crypto Club","9084","ron-english-light-cult-9001-10000","9001-10000","gallery-9001-9100.html","9001-9100","RE-010894.jpg","images/9001-9100/RE-010894.jpg","XS6PWGJ6__3383 - Light Cult Crypto Club.JPG","E:\Zotero-organized-export\JPG-JPEG\Light Cult NFTs\XS6PWGJ6__3383 - Light Cult Crypto Club.JPG","D:\github\ron-english-light-cult-9001-10000\images\9001-9100\RE-010894.jpg",".JPG",".jpg","104.6"
"RE-010895","Light Cult Crypto Club","9085","ron-english-light-cult-9001-10000","9001-10000","gallery-9001-9100.html","9001-9100","RE-010895.jpg","images/9001-9100/RE-010895.jpg","XS8RZJUB__Diapositiva539.JPG","E:\Zotero-organized-export\JPG-JPEG\Light Cult NFTs\XS8RZJUB__Diapositiva539.JPG","D:\github\ron-english-light-cult-9001-10000\images\9001-9100\RE-010895.jpg",".JPG",".jpg","45.6"
"RE-010896","Light Cult Crypto Club","9086","ron-english-light-cult-9001-10000","9001-10000","gallery-9001-9100.html","9001-9100","RE-010896.jpg","images/9001-9100/RE-010896.jpg","XSA6TRBE__Diapositiva574.JPG","E:\Zotero-organized-export\JPG-JPEG\Light Cult NFTs\XSA6TRBE__Diapositiva574.JPG","D:\github\ron-english-light-cult-9001-10000\images\9001-9100\RE-010896.jpg",".JPG",".jpg","64.3"
"RE-010897","Light Cult Crypto Club","9087","ron-english-light-cult-9001-10000","9001-10000","gallery-9001-9100.html","9001-9100","RE-010897.jpg","images/9001-9100/RE-010897.jpg","XSC6P4S2__Diapositiva832.JPG","E:\Zotero-organized-export\JPG-JPEG\Light Cult NFTs\XSC6P4S2__Diapositiva832.JPG","D:\github\ron-english-light-cult-9001-10000\images\9001-9100\RE-010897.jpg",".JPG",".jpg","136.2"
"RE-010898","Light Cult Crypto Club","9088","ron-english-light-cult-9001-10000","9001-10000","gallery-9001-9100.html","9001-9100","RE-010898.jpg","images/9001-9100/RE-010898.jpg","XSCE6I2I__4505 - Light Cult Crypto Club.JPG","E:\Zotero-organized-export\JPG-JPEG\Light Cult NFTs\XSCE6I2I__4505 - Light Cult Crypto Club.JPG","D:\github\ron-english-light-cult-9001-10000\images\9001-9100\RE-010898.jpg",".JPG",".jpg","86.6"
"RE-010899","Light Cult Crypto Club","9089","ron-english-light-cult-9001-10000","9001-10000","gallery-9001-9100.html","9001-9100","RE-010899.jpg","images/9001-9100/RE-010899.jpg","XSDIBHIV__6799 - Light Cult Crypto Club.JPG","E:\Zotero-organized-export\JPG-JPEG\Light Cult NFTs\XSDIBHIV__6799 - Light Cult Crypto Club.JPG","D:\github\ron-english-light-cult-9001-10000\images\9001-9100\RE-010899.jpg",".JPG",".jpg","48.1"
"RE-010900","Light Cult Crypto Club","9090","ron-english-light-cult-9001-10000","9001-10000","gallery-9001-9100.html","9001-9100","RE-010900.jpg","images/9001-9100/RE-010900.jpg","XSKF5TVN__3907 - Light Cult Crypto Club.JPG","E:\Zotero-organized-export\JPG-JPEG\Light Cult NFTs\XSKF5TVN__3907 - Light Cult Crypto Club.JPG","D:\github\ron-english-light-cult-9001-10000\images\9001-9100\RE-010900.jpg",".JPG",".jpg","61.8"
"RE-010901","Light Cult Crypto Club","9091","ron-english-light-cult-9001-10000","9001-10000","gallery-9001-9100.html","9001-9100","RE-010901.jpg","images/9001-9100/RE-010901.jpg","XSMS49KU__Diapositiva958.JPG","E:\Zotero-organized-export\JPG-JPEG\Light Cult NFTs\XSMS49KU__Diapositiva958.JPG","D:\github\ron-english-light-cult-9001-10000\images\9001-9100\RE-010901.jpg",".JPG",".jpg","212.2"
"RE-010902","Light Cult Crypto Club","9092","ron-english-light-cult-9001-10000","9001-10000","gallery-9001-9100.html","9001-9100","RE-010902.jpg","images/9001-9100/RE-010902.jpg","XTB5NF3H__4964 - Light Cult Crypto Club.JPG","E:\Zotero-organized-export\JPG-JPEG\Light Cult NFTs\XTB5NF3H__4964 - Light Cult Crypto Club.JPG","D:\github\ron-english-light-cult-9001-10000\images\9001-9100\RE-010902.jpg",".JPG",".jpg","77.4"
"RE-010903","Light Cult Crypto Club","9093","ron-english-light-cult-9001-10000","9001-10000","gallery-9001-9100.html","9001-9100","RE-010903.jpg","images/9001-9100/RE-010903.jpg","XTCLKNGR__Diapositiva81.JPG","E:\Zotero-organized-export\JPG-JPEG\Light Cult NFTs\XTCLKNGR__Diapositiva81.JPG","D:\github\ron-english-light-cult-9001-10000\images\9001-9100\RE-010903.jpg",".JPG",".jpg","61.3"
"RE-010904","Light Cult Crypto Club","9094","ron-english-light-cult-9001-10000","9001-10000","gallery-9001-9100.html","9001-9100","RE-010904.jpg","images/9001-9100/RE-010904.jpg","XTFQGJIJ__8340 - Light Cult Crypto Club.JPG","E:\Zotero-organized-export\JPG-JPEG\Light Cult NFTs\XTFQGJIJ__8340 - Light Cult Crypto Club.JPG","D:\github\ron-english-light-cult-9001-10000\images\9001-9100\RE-010904.jpg",".JPG",".jpg","110.3"
"RE-010905","Light Cult Crypto Club","9095","ron-english-light-cult-9001-10000","9001-10000","gallery-9001-9100.html","9001-9100","RE-010905.jpg","images/9001-9100/RE-010905.jpg","XTIV6GGQ__Diapositiva120.JPG","E:\Zotero-organized-export\JPG-JPEG\Light Cult NFTs\XTIV6GGQ__Diapositiva120.JPG","D:\github\ron-english-light-cult-9001-10000\images\9001-9100\RE-010905.jpg",".JPG",".jpg","125.8"
"RE-010906","Light Cult Crypto Club","9096","ron-english-light-cult-9001-10000","9001-10000","gallery-9001-9100.html","9001-9100","RE-010906.jpg","images/9001-9100/RE-010906.jpg","XTPJ56R6__9046 - Light Cult Crypto Club.JPG","E:\Zotero-organized-export\JPG-JPEG\Light Cult NFTs\XTPJ56R6__9046 - Light Cult Crypto Club.JPG","D:\github\ron-english-light-cult-9001-10000\images\9001-9100\RE-010906.jpg",".JPG",".jpg","109.4"
"RE-010907","Light Cult Crypto Club","9097","ron-english-light-cult-9001-10000","9001-10000","gallery-9001-9100.html","9001-9100","RE-010907.jpg","images/9001-9100/RE-010907.jpg","XTSGB6EQ__7442 - Light Cult Crypto Club.JPG","E:\Zotero-organized-export\JPG-JPEG\Light Cult NFTs\XTSGB6EQ__7442 - Light Cult Crypto Club.JPG","D:\github\ron-english-light-cult-9001-10000\images\9001-9100\RE-010907.jpg",".JPG",".jpg","85.9"
"RE-010908","Light Cult Crypto Club","9098","ron-english-light-cult-9001-10000","9001-10000","gallery-9001-9100.html","9001-9100","RE-010908.jpg","images/9001-9100/RE-010908.jpg","XU2GNMCQ__9421 - Light Cult Crypto Club.JPG","E:\Zotero-organized-export\JPG-JPEG\Light Cult NFTs\XU2GNMCQ__9421 - Light Cult Crypto Club.JPG","D:\github\ron-english-light-cult-9001-10000\images\9001-9100\RE-010908.jpg",".JPG",".jpg","67.4"
"RE-010909","Light Cult Crypto Club","9099","ron-english-light-cult-9001-10000","9001-10000","gallery-9001-9100.html","9001-9100","RE-010909.jpg","images/9001-9100/RE-010909.jpg","XU4K25II__9006 - Light Cult Crypto Club.JPG","E:\Zotero-organized-export\JPG-JPEG\Light Cult NFTs\XU4K25II__9006 - Light Cult Crypto Club.JPG","D:\github\ron-english-light-cult-9001-10000\images\9001-9100\RE-010909.jpg",".JPG",".jpg","120.2"
"RE-010910","Light Cult Crypto Club","9100","ron-english-light-cult-9001-10000","9001-10000","gallery-9001-9100.html","9001-9100","RE-010910.jpg","images/9001-9100/RE-010910.jpg","XU5AK35T__7011 - Light Cult Crypto Club.JPG","E:\Zotero-organized-export\JPG-JPEG\Light Cult NFTs\XU5AK35T__7011 - Light Cult Crypto Club.JPG","D:\github\ron-english-light-cult-9001-10000\images\9001-9100\RE-010910.jpg",".JPG",".jpg","118.5"
"RE-010911","Light Cult Crypto Club","9101","ron-english-light-cult-9001-10000","9001-10000","gallery-9101-9200.html","9101-9200","RE-010911.jpg","images/9101-9200/RE-010911.jpg","XUCMY4K7__7737 - Light Cult Crypto Club.JPG","E:\Zotero-organized-export\JPG-JPEG\Light Cult NFTs\XUCMY4K7__7737 - Light Cult Crypto Club.JPG","D:\github\ron-english-light-cult-9001-10000\images\9101-9200\RE-010911.jpg",".JPG",".jpg","155.4"
"RE-010912","Light Cult Crypto Club","9102","ron-english-light-cult-9001-10000","9001-10000","gallery-9101-9200.html","9101-9200","RE-010912.jpg","images/9101-9200/RE-010912.jpg","XUEEWP6D__Diapositiva632.JPG","E:\Zotero-organized-export\JPG-JPEG\Light Cult NFTs\XUEEWP6D__Diapositiva632.JPG","D:\github\ron-english-light-cult-9001-10000\images\9101-9200\RE-010912.jpg",".JPG",".jpg","122.7"
"RE-010913","Light Cult Crypto Club","9103","ron-english-light-cult-9001-10000","9001-10000","gallery-9101-9200.html","9101-9200","RE-010913.jpg","images/9101-9200/RE-010913.jpg","XURRL3YB__Diapositiva412.JPG","E:\Zotero-organized-export\JPG-JPEG\Light Cult NFTs\XURRL3YB__Diapositiva412.JPG","D:\github\ron-english-light-cult-9001-10000\images\9101-9200\RE-010913.jpg",".JPG",".jpg","42.7"
"RE-010914","Light Cult Crypto Club","9104","ron-english-light-cult-9001-10000","9001-10000","gallery-9101-9200.html","9101-9200","RE-010914.jpg","images/9101-9200/RE-010914.jpg","XV2P3DMY__Diapositiva550.JPG","E:\Zotero-organized-export\JPG-JPEG\Light Cult NFTs\XV2P3DMY__Diapositiva550.JPG","D:\github\ron-english-light-cult-9001-10000\images\9101-9200\RE-010914.jpg",".JPG",".jpg","75.8"
"RE-010915","Light Cult Crypto Club","9105","ron-english-light-cult-9001-10000","9001-10000","gallery-9101-9200.html","9101-9200","RE-010915.jpg","images/9101-9200/RE-010915.jpg","XV6GEIW5__5060 - Light Cult Crypto Club.JPG","E:\Zotero-organized-export\JPG-JPEG\Light Cult NFTs\XV6GEIW5__5060 - Light Cult Crypto Club.JPG","D:\github\ron-english-light-cult-9001-10000\images\9101-9200\RE-010915.jpg",".JPG",".jpg","134.6"
"RE-010916","Light Cult Crypto Club","9106","ron-english-light-cult-9001-10000","9001-10000","gallery-9101-9200.html","9101-9200","RE-010916.jpg","images/9101-9200/RE-010916.jpg","XV87A3Y4__3670 - Light Cult Crypto Club.JPG","E:\Zotero-organized-export\JPG-JPEG\Light Cult NFTs\XV87A3Y4__3670 - Light Cult Crypto Club.JPG","D:\github\ron-english-light-cult-9001-10000\images\9101-9200\RE-010916.jpg",".JPG",".jpg","108.1"
"RE-010917","Light Cult Crypto Club","9107","ron-english-light-cult-9001-10000","9001-10000","gallery-9101-9200.html","9101-9200","RE-010917.jpg","images/9101-9200/RE-010917.jpg","XVJ7ZCC9__6333 - Light Cult Crypto Club.JPG","E:\Zotero-organized-export\JPG-JPEG\Light Cult NFTs\XVJ7ZCC9__6333 - Light Cult Crypto Club.JPG","D:\github\ron-english-light-cult-9001-10000\images\9101-9200\RE-010917.jpg",".JPG",".jpg","81.1"
"RE-010918","Light Cult Crypto Club","9108","ron-english-light-cult-9001-10000","9001-10000","gallery-9101-9200.html","9101-9200","RE-010918.jpg","images/9101-9200/RE-010918.jpg","XVLV6GRN__4001 - Light Cult Crypto Club.JPG","E:\Zotero-organized-export\JPG-JPEG\Light Cult NFTs\XVLV6GRN__4001 - Light Cult Crypto Club.JPG","D:\github\ron-english-light-cult-9001-10000\images\9101-9200\RE-010918.jpg",".JPG",".jpg","79.8"
"RE-010919","Light Cult Crypto Club","9109","ron-english-light-cult-9001-10000","9001-10000","gallery-9101-9200.html","9101-9200","RE-010919.jpg","images/9101-9200/RE-010919.jpg","XVMBED4T__7161 - Light Cult Crypto Club.JPG","E:\Zotero-organized-export\JPG-JPEG\Light Cult NFTs\XVMBED4T__7161 - Light Cult Crypto Club.JPG","D:\github\ron-english-light-cult-9001-10000\images\9101-9200\RE-010919.jpg",".JPG",".jpg","76.5"
"RE-010920","Light Cult Crypto Club","9110","ron-english-light-cult-9001-10000","9001-10000","gallery-9101-9200.html","9101-9200","RE-010920.jpg","images/9101-9200/RE-010920.jpg","XVZ38L9D__6068 - Light Cult Crypto Club.JPG","E:\Zotero-organized-export\JPG-JPEG\Light Cult NFTs\XVZ38L9D__6068 - Light Cult Crypto Club.JPG","D:\github\ron-english-light-cult-9001-10000\images\9101-9200\RE-010920.jpg",".JPG",".jpg","110.1"
"RE-010921","Light Cult Crypto Club","9111","ron-english-light-cult-9001-10000","9001-10000","gallery-9101-9200.html","9101-9200","RE-010921.jpg","images/9101-9200/RE-010921.jpg","XW2QG9AY__3863 - Light Cult Crypto Club.JPG","E:\Zotero-organized-export\JPG-JPEG\Light Cult NFTs\XW2QG9AY__3863 - Light Cult Crypto Club.JPG","D:\github\ron-english-light-cult-9001-10000\images\9101-9200\RE-010921.jpg",".JPG",".jpg","128.9"
"RE-010922","Light Cult Crypto Club","9112","ron-english-light-cult-9001-10000","9001-10000","gallery-9101-9200.html","9101-9200","RE-010922.jpg","images/9101-9200/RE-010922.jpg","XW8TEJWJ__8245 - Light Cult Crypto Club.JPG","E:\Zotero-organized-export\JPG-JPEG\Light Cult NFTs\XW8TEJWJ__8245 - Light Cult Crypto Club.JPG","D:\github\ron-english-light-cult-9001-10000\images\9101-9200\RE-010922.jpg",".JPG",".jpg","70"
"RE-010923","Light Cult Crypto Club","9113","ron-english-light-cult-9001-10000","9001-10000","gallery-9101-9200.html","9101-9200","RE-010923.jpg","images/9101-9200/RE-010923.jpg","XWC4Q24B__Diapositiva590.JPG","E:\Zotero-organized-export\JPG-JPEG\Light Cult NFTs\XWC4Q24B__Diapositiva590.JPG","D:\github\ron-english-light-cult-9001-10000\images\9101-9200\RE-010923.jpg",".JPG",".jpg","78.4"
"RE-010924","Light Cult Crypto Club","9114","ron-english-light-cult-9001-10000","9001-10000","gallery-9101-9200.html","9101-9200","RE-010924.jpg","images/9101-9200/RE-010924.jpg","XWCJGLYE__5069 - Light Cult Crypto Club.JPG","E:\Zotero-organized-export\JPG-JPEG\Light Cult NFTs\XWCJGLYE__5069 - Light Cult Crypto Club.JPG","D:\github\ron-english-light-cult-9001-10000\images\9101-9200\RE-010924.jpg",".JPG",".jpg","50.7"
"RE-010925","Light Cult Crypto Club","9115","ron-english-light-cult-9001-10000","9001-10000","gallery-9101-9200.html","9101-9200","RE-010925.jpg","images/9101-9200/RE-010925.jpg","XWCQFZUT__6019 - Light Cult Crypto Club.JPG","E:\Zotero-organized-export\JPG-JPEG\Light Cult NFTs\XWCQFZUT__6019 - Light Cult Crypto Club.JPG","D:\github\ron-english-light-cult-9001-10000\images\9101-9200\RE-010925.jpg",".JPG",".jpg","65"
"RE-010926","Light Cult Crypto Club","9116","ron-english-light-cult-9001-10000","9001-10000","gallery-9101-9200.html","9101-9200","RE-010926.jpg","images/9101-9200/RE-010926.jpg","XWCWVSYX__Diapositiva223.JPG","E:\Zotero-organized-export\JPG-JPEG\Light Cult NFTs\XWCWVSYX__Diapositiva223.JPG","D:\github\ron-english-light-cult-9001-10000\images\9101-9200\RE-010926.jpg",".JPG",".jpg","57.5"
"RE-010927","Light Cult Crypto Club","9117","ron-english-light-cult-9001-10000","9001-10000","gallery-9101-9200.html","9101-9200","RE-010927.jpg","images/9101-9200/RE-010927.jpg","XWGH7RJL__7633 - Light Cult Crypto Club.JPG","E:\Zotero-organized-export\JPG-JPEG\Light Cult NFTs\XWGH7RJL__7633 - Light Cult Crypto Club.JPG","D:\github\ron-english-light-cult-9001-10000\images\9101-9200\RE-010927.jpg",".JPG",".jpg","32.9"
"RE-010928","Light Cult Crypto Club","9118","ron-english-light-cult-9001-10000","9001-10000","gallery-9101-9200.html","9101-9200","RE-010928.jpg","images/9101-9200/RE-010928.jpg","XWJJCFD6__9473 - Light Cult Crypto Club.JPG","E:\Zotero-organized-export\JPG-JPEG\Light Cult NFTs\XWJJCFD6__9473 - Light Cult Crypto Club.JPG","D:\github\ron-english-light-cult-9001-10000\images\9101-9200\RE-010928.jpg",".JPG",".jpg","129.7"
"RE-010929","Light Cult Crypto Club","9119","ron-english-light-cult-9001-10000","9001-10000","gallery-9101-9200.html","9101-9200","RE-010929.jpg","images/9101-9200/RE-010929.jpg","XWKXQU6M__Diapositiva393.JPG","E:\Zotero-organized-export\JPG-JPEG\Light Cult NFTs\XWKXQU6M__Diapositiva393.JPG","D:\github\ron-english-light-cult-9001-10000\images\9101-9200\RE-010929.jpg",".JPG",".jpg","121"
"RE-010930","Light Cult Crypto Club","9120","ron-english-light-cult-9001-10000","9001-10000","gallery-9101-9200.html","9101-9200","RE-010930.jpg","images/9101-9200/RE-010930.jpg","XX5CXDG7__6265 - Light Cult Crypto Club.JPG","E:\Zotero-organized-export\JPG-JPEG\Light Cult NFTs\XX5CXDG7__6265 - Light Cult Crypto Club.JPG","D:\github\ron-english-light-cult-9001-10000\images\9101-9200\RE-010930.jpg",".JPG",".jpg","55.1"
"RE-010931","Light Cult Crypto Club","9121","ron-english-light-cult-9001-10000","9001-10000","gallery-9101-9200.html","9101-9200","RE-010931.jpg","images/9101-9200/RE-010931.jpg","XX8JDWD8__Diapositiva646.JPG","E:\Zotero-organized-export\JPG-JPEG\Light Cult NFTs\XX8JDWD8__Diapositiva646.JPG","D:\github\ron-english-light-cult-9001-10000\images\9101-9200\RE-010931.jpg",".JPG",".jpg","109.6"
"RE-010932","Light Cult Crypto Club","9122","ron-english-light-cult-9001-10000","9001-10000","gallery-9101-9200.html","9101-9200","RE-010932.jpg","images/9101-9200/RE-010932.jpg","XXFHRPIU__5058 - Light Cult Crypto Club.JPG","E:\Zotero-organized-export\JPG-JPEG\Light Cult NFTs\XXFHRPIU__5058 - Light Cult Crypto Club.JPG","D:\github\ron-english-light-cult-9001-10000\images\9101-9200\RE-010932.jpg",".JPG",".jpg","114.6"
"RE-010933","Light Cult Crypto Club","9123","ron-english-light-cult-9001-10000","9001-10000","gallery-9101-9200.html","9101-9200","RE-010933.jpg","images/9101-9200/RE-010933.jpg","XXIMBMM8__9008 - Light Cult Crypto Club.JPG","E:\Zotero-organized-export\JPG-JPEG\Light Cult NFTs\XXIMBMM8__9008 - Light Cult Crypto Club.JPG","D:\github\ron-english-light-cult-9001-10000\images\9101-9200\RE-010933.jpg",".JPG",".jpg","84.1"
"RE-010934","Light Cult Crypto Club","9124","ron-english-light-cult-9001-10000","9001-10000","gallery-9101-9200.html","9101-9200","RE-010934.jpg","images/9101-9200/RE-010934.jpg","XXM56N4E__5293 - Light Cult Crypto Club.JPG","E:\Zotero-organized-export\JPG-JPEG\Light Cult NFTs\XXM56N4E__5293 - Light Cult Crypto Club.JPG","D:\github\ron-english-light-cult-9001-10000\images\9101-9200\RE-010934.jpg",".JPG",".jpg","155.1"
"RE-010935","Light Cult Crypto Club","9125","ron-english-light-cult-9001-10000","9001-10000","gallery-9101-9200.html","9101-9200","RE-010935.jpg","images/9101-9200/RE-010935.jpg","XXV9D7DW__6812 - Light Cult Crypto Club.JPG","E:\Zotero-organized-export\JPG-JPEG\Light Cult NFTs\XXV9D7DW__6812 - Light Cult Crypto Club.JPG","D:\github\ron-english-light-cult-9001-10000\images\9101-9200\RE-010935.jpg",".JPG",".jpg","65.4"
"RE-010936","Light Cult Crypto Club","9126","ron-english-light-cult-9001-10000","9001-10000","gallery-9101-9200.html","9101-9200","RE-010936.jpg","images/9101-9200/RE-010936.jpg","XXWRAGHH__4244 - Light Cult Crypto Club.JPG","E:\Zotero-organized-export\JPG-JPEG\Light Cult NFTs\XXWRAGHH__4244 - Light Cult Crypto Club.JPG","D:\github\ron-english-light-cult-9001-10000\images\9101-9200\RE-010936.jpg",".JPG",".jpg","144.6"
"RE-010937","Light Cult Crypto Club","9127","ron-english-light-cult-9001-10000","9001-10000","gallery-9101-9200.html","9101-9200","RE-010937.jpg","images/9101-9200/RE-010937.jpg","XXXCXV3A__Diapositiva871.JPG","E:\Zotero-organized-export\JPG-JPEG\Light Cult NFTs\XXXCXV3A__Diapositiva871.JPG","D:\github\ron-english-light-cult-9001-10000\images\9101-9200\RE-010937.jpg",".JPG",".jpg","72.1"
"RE-010938","Light Cult Crypto Club","9128","ron-english-light-cult-9001-10000","9001-10000","gallery-9101-9200.html","9101-9200","RE-010938.jpg","images/9101-9200/RE-010938.jpg","XY27GZWG__9029 - Light Cult Crypto Club.JPG","E:\Zotero-organized-export\JPG-JPEG\Light Cult NFTs\XY27GZWG__9029 - Light Cult Crypto Club.JPG","D:\github\ron-english-light-cult-9001-10000\images\9101-9200\RE-010938.jpg",".JPG",".jpg","81.9"
"RE-010939","Light Cult Crypto Club","9129","ron-english-light-cult-9001-10000","9001-10000","gallery-9101-9200.html","9101-9200","RE-010939.jpg","images/9101-9200/RE-010939.jpg","XY6UU9U8__4835 - Light Cult Crypto Club.JPG","E:\Zotero-organized-export\JPG-JPEG\Light Cult NFTs\XY6UU9U8__4835 - Light Cult Crypto Club.JPG","D:\github\ron-english-light-cult-9001-10000\images\9101-9200\RE-010939.jpg",".JPG",".jpg","58.4"
"RE-010940","Light Cult Crypto Club","9130","ron-english-light-cult-9001-10000","9001-10000","gallery-9101-9200.html","9101-9200","RE-010940.jpg","images/9101-9200/RE-010940.jpg","XYC9BMNC__Diapositiva767.JPG","E:\Zotero-organized-export\JPG-JPEG\Light Cult NFTs\XYC9BMNC__Diapositiva767.JPG","D:\github\ron-english-light-cult-9001-10000\images\9101-9200\RE-010940.jpg",".JPG",".jpg","100.8"
"RE-010941","Light Cult Crypto Club","9131","ron-english-light-cult-9001-10000","9001-10000","gallery-9101-9200.html","9101-9200","RE-010941.jpg","images/9101-9200/RE-010941.jpg","XYE9JLZ6__5912 - Light Cult Crypto Club.JPG","E:\Zotero-organized-export\JPG-JPEG\Light Cult NFTs\XYE9JLZ6__5912 - Light Cult Crypto Club.JPG","D:\github\ron-english-light-cult-9001-10000\images\9101-9200\RE-010941.jpg",".JPG",".jpg","139.1"
"RE-010942","Light Cult Crypto Club","9132","ron-english-light-cult-9001-10000","9001-10000","gallery-9101-9200.html","9101-9200","RE-010942.jpg","images/9101-9200/RE-010942.jpg","XYECCMBN__Diapositiva76.JPG","E:\Zotero-organized-export\JPG-JPEG\Light Cult NFTs\XYECCMBN__Diapositiva76.JPG","D:\github\ron-english-light-cult-9001-10000\images\9101-9200\RE-010942.jpg",".JPG",".jpg","98.7"
"RE-010943","Light Cult Crypto Club","9133","ron-english-light-cult-9001-10000","9001-10000","gallery-9101-9200.html","9101-9200","RE-010943.jpg","images/9101-9200/RE-010943.jpg","XYEJ7K5Z__6400 - Light Cult Crypto Club.JPG","E:\Zotero-organized-export\JPG-JPEG\Light Cult NFTs\XYEJ7K5Z__6400 - Light Cult Crypto Club.JPG","D:\github\ron-english-light-cult-9001-10000\images\9101-9200\RE-010943.jpg",".JPG",".jpg","73.8"
"RE-010944","Light Cult Crypto Club","9134","ron-english-light-cult-9001-10000","9001-10000","gallery-9101-9200.html","9101-9200","RE-010944.jpg","images/9101-9200/RE-010944.jpg","XYHSCQ4J__7447 - Light Cult Crypto Club.JPG","E:\Zotero-organized-export\JPG-JPEG\Light Cult NFTs\XYHSCQ4J__7447 - Light Cult Crypto Club.JPG","D:\github\ron-english-light-cult-9001-10000\images\9101-9200\RE-010944.jpg",".JPG",".jpg","55.9"
"RE-010945","Light Cult Crypto Club","9135","ron-english-light-cult-9001-10000","9001-10000","gallery-9101-9200.html","9101-9200","RE-010945.jpg","images/9101-9200/RE-010945.jpg","XYJBEAIW__Diapositiva270.JPG","E:\Zotero-organized-export\JPG-JPEG\Light Cult NFTs\XYJBEAIW__Diapositiva270.JPG","D:\github\ron-english-light-cult-9001-10000\images\9101-9200\RE-010945.jpg",".JPG",".jpg","121.7"
"RE-010946","Light Cult Crypto Club","9136","ron-english-light-cult-9001-10000","9001-10000","gallery-9101-9200.html","9101-9200","RE-010946.jpg","images/9101-9200/RE-010946.jpg","XYL9H2GS__4927 - Light Cult Crypto Club.JPG","E:\Zotero-organized-export\JPG-JPEG\Light Cult NFTs\XYL9H2GS__4927 - Light Cult Crypto Club.JPG","D:\github\ron-english-light-cult-9001-10000\images\9101-9200\RE-010946.jpg",".JPG",".jpg","78.3"
"RE-010947","Light Cult Crypto Club","9137","ron-english-light-cult-9001-10000","9001-10000","gallery-9101-9200.html","9101-9200","RE-010947.jpg","images/9101-9200/RE-010947.jpg","XYR2Q6UA__3837 - Light Cult Crypto Club.JPG","E:\Zotero-organized-export\JPG-JPEG\Light Cult NFTs\XYR2Q6UA__3837 - Light Cult Crypto Club.JPG","D:\github\ron-english-light-cult-9001-10000\images\9101-9200\RE-010947.jpg",".JPG",".jpg","79.7"
"RE-010948","Light Cult Crypto Club","9138","ron-english-light-cult-9001-10000","9001-10000","gallery-9101-9200.html","9101-9200","RE-010948.jpg","images/9101-9200/RE-010948.jpg","XYUVM4PK__9717 - Light Cult Crypto Club.JPG","E:\Zotero-organized-export\JPG-JPEG\Light Cult NFTs\XYUVM4PK__9717 - Light Cult Crypto Club.JPG","D:\github\ron-english-light-cult-9001-10000\images\9101-9200\RE-010948.jpg",".JPG",".jpg","130.4"
"RE-010949","Light Cult Crypto Club","9139","ron-english-light-cult-9001-10000","9001-10000","gallery-9101-9200.html","9101-9200","RE-010949.jpg","images/9101-9200/RE-010949.jpg","XYXJFU95__3170 - Light Cult Crypto Club.JPG","E:\Zotero-organized-export\JPG-JPEG\Light Cult NFTs\XYXJFU95__3170 - Light Cult Crypto Club.JPG","D:\github\ron-english-light-cult-9001-10000\images\9101-9200\RE-010949.jpg",".JPG",".jpg","147.9"
"RE-010950","Light Cult Crypto Club","9140","ron-english-light-cult-9001-10000","9001-10000","gallery-9101-9200.html","9101-9200","RE-010950.jpg","images/9101-9200/RE-010950.jpg","XYXPHH7R__9996 - Light Cult Crypto Club.JPG","E:\Zotero-organized-export\JPG-JPEG\Light Cult NFTs\XYXPHH7R__9996 - Light Cult Crypto Club.JPG","D:\github\ron-english-light-cult-9001-10000\images\9101-9200\RE-010950.jpg",".JPG",".jpg","110.1"
"RE-010951","Light Cult Crypto Club","9141","ron-english-light-cult-9001-10000","9001-10000","gallery-9101-9200.html","9101-9200","RE-010951.jpg","images/9101-9200/RE-010951.jpg","XZ9NG5RZ__3697 - Light Cult Crypto Club.JPG","E:\Zotero-organized-export\JPG-JPEG\Light Cult NFTs\XZ9NG5RZ__3697 - Light Cult Crypto Club.JPG","D:\github\ron-english-light-cult-9001-10000\images\9101-9200\RE-010951.jpg",".JPG",".jpg","113.3"
"RE-010952","Light Cult Crypto Club","9142","ron-english-light-cult-9001-10000","9001-10000","gallery-9101-9200.html","9101-9200","RE-010952.jpg","images/9101-9200/RE-010952.jpg","XZAXPWK5__6606 - Light Cult Crypto Club.JPG","E:\Zotero-organized-export\JPG-JPEG\Light Cult NFTs\XZAXPWK5__6606 - Light Cult Crypto Club.JPG","D:\github\ron-english-light-cult-9001-10000\images\9101-9200\RE-010952.jpg",".JPG",".jpg","122.5"
"RE-010953","Light Cult Crypto Club","9143","ron-english-light-cult-9001-10000","9001-10000","gallery-9101-9200.html","9101-9200","RE-010953.jpg","images/9101-9200/RE-010953.jpg","XZE5RVM4__3564 - Light Cult Crypto Club.JPG","E:\Zotero-organized-export\JPG-JPEG\Light Cult NFTs\XZE5RVM4__3564 - Light Cult Crypto Club.JPG","D:\github\ron-english-light-cult-9001-10000\images\9101-9200\RE-010953.jpg",".JPG",".jpg","139.6"
"RE-010954","Light Cult Crypto Club","9144","ron-english-light-cult-9001-10000","9001-10000","gallery-9101-9200.html","9101-9200","RE-010954.jpg","images/9101-9200/RE-010954.jpg","XZK3BS6S__4865 - Light Cult Crypto Club.JPG","E:\Zotero-organized-export\JPG-JPEG\Light Cult NFTs\XZK3BS6S__4865 - Light Cult Crypto Club.JPG","D:\github\ron-english-light-cult-9001-10000\images\9101-9200\RE-010954.jpg",".JPG",".jpg","134.2"
"RE-010955","Light Cult Crypto Club","9145","ron-english-light-cult-9001-10000","9001-10000","gallery-9101-9200.html","9101-9200","RE-010955.jpg","images/9101-9200/RE-010955.jpg","XZK9S52S__3722 - Light Cult Crypto Club.JPG","E:\Zotero-organized-export\JPG-JPEG\Light Cult NFTs\XZK9S52S__3722 - Light Cult Crypto Club.JPG","D:\github\ron-english-light-cult-9001-10000\images\9101-9200\RE-010955.jpg",".JPG",".jpg","116.6"
"RE-010956","Light Cult Crypto Club","9146","ron-english-light-cult-9001-10000","9001-10000","gallery-9101-9200.html","9101-9200","RE-010956.jpg","images/9101-9200/RE-010956.jpg","XZPDF2NF__4934 - Light Cult Crypto Club.JPG","E:\Zotero-organized-export\JPG-JPEG\Light Cult NFTs\XZPDF2NF__4934 - Light Cult Crypto Club.JPG","D:\github\ron-english-light-cult-9001-10000\images\9101-9200\RE-010956.jpg",".JPG",".jpg","136"
"RE-010957","Light Cult Crypto Club","9147","ron-english-light-cult-9001-10000","9001-10000","gallery-9101-9200.html","9101-9200","RE-010957.jpg","images/9101-9200/RE-010957.jpg","Y2BIH625__9109 - Light Cult Crypto Club.JPG","E:\Zotero-organized-export\JPG-JPEG\Light Cult NFTs\Y2BIH625__9109 - Light Cult Crypto Club.JPG","D:\github\ron-english-light-cult-9001-10000\images\9101-9200\RE-010957.jpg",".JPG",".jpg","122.3"
"RE-010958","Light Cult Crypto Club","9148","ron-english-light-cult-9001-10000","9001-10000","gallery-9101-9200.html","9101-9200","RE-010958.jpg","images/9101-9200/RE-010958.jpg","Y2JQKF7F__Diapositiva296.JPG","E:\Zotero-organized-export\JPG-JPEG\Light Cult NFTs\Y2JQKF7F__Diapositiva296.JPG","D:\github\ron-english-light-cult-9001-10000\images\9101-9200\RE-010958.jpg",".JPG",".jpg","65"
"RE-010959","Light Cult Crypto Club","9149","ron-english-light-cult-9001-10000","9001-10000","gallery-9101-9200.html","9101-9200","RE-010959.jpg","images/9101-9200/RE-010959.jpg","Y2NALSIP__9512 - Light Cult Crypto Club.JPG","E:\Zotero-organized-export\JPG-JPEG\Light Cult NFTs\Y2NALSIP__9512 - Light Cult Crypto Club.JPG","D:\github\ron-english-light-cult-9001-10000\images\9101-9200\RE-010959.jpg",".JPG",".jpg","56.8"
"RE-010960","Light Cult Crypto Club","9150","ron-english-light-cult-9001-10000","9001-10000","gallery-9101-9200.html","9101-9200","RE-010960.jpg","images/9101-9200/RE-010960.jpg","Y2NX83DN__9150 - Light Cult Crypto Club.JPG","E:\Zotero-organized-export\JPG-JPEG\Light Cult NFTs\Y2NX83DN__9150 - Light Cult Crypto Club.JPG","D:\github\ron-english-light-cult-9001-10000\images\9101-9200\RE-010960.jpg",".JPG",".jpg","60.6"
"RE-010961","Light Cult Crypto Club","9151","ron-english-light-cult-9001-10000","9001-10000","gallery-9101-9200.html","9101-9200","RE-010961.jpg","images/9101-9200/RE-010961.jpg","Y2QMVM4G__9741 - Light Cult Crypto Club.JPG","E:\Zotero-organized-export\JPG-JPEG\Light Cult NFTs\Y2QMVM4G__9741 - Light Cult Crypto Club.JPG","D:\github\ron-english-light-cult-9001-10000\images\9101-9200\RE-010961.jpg",".JPG",".jpg","132.2"
"RE-010962","Light Cult Crypto Club","9152","ron-english-light-cult-9001-10000","9001-10000","gallery-9101-9200.html","9101-9200","RE-010962.jpg","images/9101-9200/RE-010962.jpg","Y33JB6V2__5417 - Light Cult Crypto Club.JPG","E:\Zotero-organized-export\JPG-JPEG\Light Cult NFTs\Y33JB6V2__5417 - Light Cult Crypto Club.JPG","D:\github\ron-english-light-cult-9001-10000\images\9101-9200\RE-010962.jpg",".JPG",".jpg","231"
"RE-010963","Light Cult Crypto Club","9153","ron-english-light-cult-9001-10000","9001-10000","gallery-9101-9200.html","9101-9200","RE-010963.jpg","images/9101-9200/RE-010963.jpg","Y34M9SWG__8781 - Light Cult Crypto Club.JPG","E:\Zotero-organized-export\JPG-JPEG\Light Cult NFTs\Y34M9SWG__8781 - Light Cult Crypto Club.JPG","D:\github\ron-english-light-cult-9001-10000\images\9101-9200\RE-010963.jpg",".JPG",".jpg","117.3"
"RE-010964","Light Cult Crypto Club","9154","ron-english-light-cult-9001-10000","9001-10000","gallery-9101-9200.html","9101-9200","RE-010964.jpg","images/9101-9200/RE-010964.jpg","Y39WXSAP__7454 - Light Cult Crypto Club.JPG","E:\Zotero-organized-export\JPG-JPEG\Light Cult NFTs\Y39WXSAP__7454 - Light Cult Crypto Club.JPG","D:\github\ron-english-light-cult-9001-10000\images\9101-9200\RE-010964.jpg",".JPG",".jpg","93.6"
"RE-010965","Light Cult Crypto Club","9155","ron-english-light-cult-9001-10000","9001-10000","gallery-9101-9200.html","9101-9200","RE-010965.jpg","images/9101-9200/RE-010965.jpg","Y3B3GMWC__8312 - Light Cult Crypto Club.JPG","E:\Zotero-organized-export\JPG-JPEG\Light Cult NFTs\Y3B3GMWC__8312 - Light Cult Crypto Club.JPG","D:\github\ron-english-light-cult-9001-10000\images\9101-9200\RE-010965.jpg",".JPG",".jpg","85.3"
"RE-010966","Light Cult Crypto Club","9156","ron-english-light-cult-9001-10000","9001-10000","gallery-9101-9200.html","9101-9200","RE-010966.jpg","images/9101-9200/RE-010966.jpg","Y3CXNQLV__9384 - Light Cult Crypto Club.JPG","E:\Zotero-organized-export\JPG-JPEG\Light Cult NFTs\Y3CXNQLV__9384 - Light Cult Crypto Club.JPG","D:\github\ron-english-light-cult-9001-10000\images\9101-9200\RE-010966.jpg",".JPG",".jpg","110.6"
"RE-010967","Light Cult Crypto Club","9157","ron-english-light-cult-9001-10000","9001-10000","gallery-9101-9200.html","9101-9200","RE-010967.jpg","images/9101-9200/RE-010967.jpg","Y3D4Q6RP__7626 - Light Cult Crypto Club.JPG","E:\Zotero-organized-export\JPG-JPEG\Light Cult NFTs\Y3D4Q6RP__7626 - Light Cult Crypto Club.JPG","D:\github\ron-english-light-cult-9001-10000\images\9101-9200\RE-010967.jpg",".JPG",".jpg","90.3"
"RE-010968","Light Cult Crypto Club","9158","ron-english-light-cult-9001-10000","9001-10000","gallery-9101-9200.html","9101-9200","RE-010968.jpg","images/9101-9200/RE-010968.jpg","Y3DDQ8PU__9792 - Light Cult Crypto Club.JPG","E:\Zotero-organized-export\JPG-JPEG\Light Cult NFTs\Y3DDQ8PU__9792 - Light Cult Crypto Club.JPG","D:\github\ron-english-light-cult-9001-10000\images\9101-9200\RE-010968.jpg",".JPG",".jpg","129.2"
"RE-010969","Light Cult Crypto Club","9159","ron-english-light-cult-9001-10000","9001-10000","gallery-9101-9200.html","9101-9200","RE-010969.jpg","images/9101-9200/RE-010969.jpg","Y3I4ZAZ6__7807 - Light Cult Crypto Club.JPG","E:\Zotero-organized-export\JPG-JPEG\Light Cult NFTs\Y3I4ZAZ6__7807 - Light Cult Crypto Club.JPG","D:\github\ron-english-light-cult-9001-10000\images\9101-9200\RE-010969.jpg",".JPG",".jpg","137.6"
"RE-010970","Light Cult Crypto Club","9160","ron-english-light-cult-9001-10000","9001-10000","gallery-9101-9200.html","9101-9200","RE-010970.jpg","images/9101-9200/RE-010970.jpg","Y3IAKM9Z__Diapositiva32.JPG","E:\Zotero-organized-export\JPG-JPEG\Light Cult NFTs\Y3IAKM9Z__Diapositiva32.JPG","D:\github\ron-english-light-cult-9001-10000\images\9101-9200\RE-010970.jpg",".JPG",".jpg","140.6"
"RE-010971","Light Cult Crypto Club","9161","ron-english-light-cult-9001-10000","9001-10000","gallery-9101-9200.html","9101-9200","RE-010971.jpg","images/9101-9200/RE-010971.jpg","Y3MU25PH__Diapositiva803.JPG","E:\Zotero-organized-export\JPG-JPEG\Light Cult NFTs\Y3MU25PH__Diapositiva803.JPG","D:\github\ron-english-light-cult-9001-10000\images\9101-9200\RE-010971.jpg",".JPG",".jpg","77.8"
"RE-010972","Light Cult Crypto Club","9162","ron-english-light-cult-9001-10000","9001-10000","gallery-9101-9200.html","9101-9200","RE-010972.jpg","images/9101-9200/RE-010972.jpg","Y3PV7ZZ3__4819 - Light Cult Crypto Club.JPG","E:\Zotero-organized-export\JPG-JPEG\Light Cult NFTs\Y3PV7ZZ3__4819 - Light Cult Crypto Club.JPG","D:\github\ron-english-light-cult-9001-10000\images\9101-9200\RE-010972.jpg",".JPG",".jpg","133.5"
"RE-010973","Light Cult Crypto Club","9163","ron-english-light-cult-9001-10000","9001-10000","gallery-9101-9200.html","9101-9200","RE-010973.jpg","images/9101-9200/RE-010973.jpg","Y3T2PJLX__Diapositiva516.JPG","E:\Zotero-organized-export\JPG-JPEG\Light Cult NFTs\Y3T2PJLX__Diapositiva516.JPG","D:\github\ron-english-light-cult-9001-10000\images\9101-9200\RE-010973.jpg",".JPG",".jpg","65.3"
"RE-010974","Light Cult Crypto Club","9164","ron-english-light-cult-9001-10000","9001-10000","gallery-9101-9200.html","9101-9200","RE-010974.jpg","images/9101-9200/RE-010974.jpg","Y3Z2EU79__9938 - Light Cult Crypto Club.JPG","E:\Zotero-organized-export\JPG-JPEG\Light Cult NFTs\Y3Z2EU79__9938 - Light Cult Crypto Club.JPG","D:\github\ron-english-light-cult-9001-10000\images\9101-9200\RE-010974.jpg",".JPG",".jpg","118.8"
"RE-010975","Light Cult Crypto Club","9165","ron-english-light-cult-9001-10000","9001-10000","gallery-9101-9200.html","9101-9200","RE-010975.jpg","images/9101-9200/RE-010975.jpg","Y3Z64GYD__Diapositiva142.JPG","E:\Zotero-organized-export\JPG-JPEG\Light Cult NFTs\Y3Z64GYD__Diapositiva142.JPG","D:\github\ron-english-light-cult-9001-10000\images\9101-9200\RE-010975.jpg",".JPG",".jpg","75.8"
"RE-010976","Light Cult Crypto Club","9166","ron-english-light-cult-9001-10000","9001-10000","gallery-9101-9200.html","9101-9200","RE-010976.jpg","images/9101-9200/RE-010976.jpg","Y423TYM7__9248 - Light Cult Crypto Club.JPG","E:\Zotero-organized-export\JPG-JPEG\Light Cult NFTs\Y423TYM7__9248 - Light Cult Crypto Club.JPG","D:\github\ron-english-light-cult-9001-10000\images\9101-9200\RE-010976.jpg",".JPG",".jpg","130.4"
"RE-010977","Light Cult Crypto Club","9167","ron-english-light-cult-9001-10000","9001-10000","gallery-9101-9200.html","9101-9200","RE-010977.jpg","images/9101-9200/RE-010977.jpg","Y43A79TL__8550 - Light Cult Crypto Club.JPG","E:\Zotero-organized-export\JPG-JPEG\Light Cult NFTs\Y43A79TL__8550 - Light Cult Crypto Club.JPG","D:\github\ron-english-light-cult-9001-10000\images\9101-9200\RE-010977.jpg",".JPG",".jpg","84.7"
"RE-010978","Light Cult Crypto Club","9168","ron-english-light-cult-9001-10000","9001-10000","gallery-9101-9200.html","9101-9200","RE-010978.jpg","images/9101-9200/RE-010978.jpg","Y43DL32Q__8844 - Light Cult Crypto Club.JPG","E:\Zotero-organized-export\JPG-JPEG\Light Cult NFTs\Y43DL32Q__8844 - Light Cult Crypto Club.JPG","D:\github\ron-english-light-cult-9001-10000\images\9101-9200\RE-010978.jpg",".JPG",".jpg","123.1"
"RE-010979","Light Cult Crypto Club","9169","ron-english-light-cult-9001-10000","9001-10000","gallery-9101-9200.html","9101-9200","RE-010979.jpg","images/9101-9200/RE-010979.jpg","Y45S4MGR__Diapositiva291.JPG","E:\Zotero-organized-export\JPG-JPEG\Light Cult NFTs\Y45S4MGR__Diapositiva291.JPG","D:\github\ron-english-light-cult-9001-10000\images\9101-9200\RE-010979.jpg",".JPG",".jpg","120.9"
"RE-010980","Light Cult Crypto Club","9170","ron-english-light-cult-9001-10000","9001-10000","gallery-9101-9200.html","9101-9200","RE-010980.jpg","images/9101-9200/RE-010980.jpg","Y48H82AX__8222 - Light Cult Crypto Club.JPG","E:\Zotero-organized-export\JPG-JPEG\Light Cult NFTs\Y48H82AX__8222 - Light Cult Crypto Club.JPG","D:\github\ron-english-light-cult-9001-10000\images\9101-9200\RE-010980.jpg",".JPG",".jpg","62.4"
"RE-010981","Light Cult Crypto Club","9171","ron-english-light-cult-9001-10000","9001-10000","gallery-9101-9200.html","9101-9200","RE-010981.jpg","images/9101-9200/RE-010981.jpg","Y4HE3ZVY__4303 - Light Cult Crypto Club.JPG","E:\Zotero-organized-export\JPG-JPEG\Light Cult NFTs\Y4HE3ZVY__4303 - Light Cult Crypto Club.JPG","D:\github\ron-english-light-cult-9001-10000\images\9101-9200\RE-010981.jpg",".JPG",".jpg","126.8"
"RE-010982","Light Cult Crypto Club","9172","ron-english-light-cult-9001-10000","9001-10000","gallery-9101-9200.html","9101-9200","RE-010982.jpg","images/9101-9200/RE-010982.jpg","Y4SPTS9B__3705 - Light Cult Crypto Club.JPG","E:\Zotero-organized-export\JPG-JPEG\Light Cult NFTs\Y4SPTS9B__3705 - Light Cult Crypto Club.JPG","D:\github\ron-english-light-cult-9001-10000\images\9101-9200\RE-010982.jpg",".JPG",".jpg","57.9"
"RE-010983","Light Cult Crypto Club","9173","ron-english-light-cult-9001-10000","9001-10000","gallery-9101-9200.html","9101-9200","RE-010983.jpg","images/9101-9200/RE-010983.jpg","Y4V2BQHX__Diapositiva387.JPG","E:\Zotero-organized-export\JPG-JPEG\Light Cult NFTs\Y4V2BQHX__Diapositiva387.JPG","D:\github\ron-english-light-cult-9001-10000\images\9101-9200\RE-010983.jpg",".JPG",".jpg","146.7"
"RE-010984","Light Cult Crypto Club","9174","ron-english-light-cult-9001-10000","9001-10000","gallery-9101-9200.html","9101-9200","RE-010984.jpg","images/9101-9200/RE-010984.jpg","Y56ISM8U__Diapositiva142.JPG","E:\Zotero-organized-export\JPG-JPEG\Light Cult NFTs\Y56ISM8U__Diapositiva142.JPG","D:\github\ron-english-light-cult-9001-10000\images\9101-9200\RE-010984.jpg",".JPG",".jpg","60"
"RE-010985","Light Cult Crypto Club","9175","ron-english-light-cult-9001-10000","9001-10000","gallery-9101-9200.html","9101-9200","RE-010985.jpg","images/9101-9200/RE-010985.jpg","Y594GG9W__4747 - Light Cult Crypto Club.JPG","E:\Zotero-organized-export\JPG-JPEG\Light Cult NFTs\Y594GG9W__4747 - Light Cult Crypto Club.JPG","D:\github\ron-english-light-cult-9001-10000\images\9101-9200\RE-010985.jpg",".JPG",".jpg","117.4"
"RE-010986","Light Cult Crypto Club","9176","ron-english-light-cult-9001-10000","9001-10000","gallery-9101-9200.html","9101-9200","RE-010986.jpg","images/9101-9200/RE-010986.jpg","Y5E5T36M__7966 - Light Cult Crypto Club.JPG","E:\Zotero-organized-export\JPG-JPEG\Light Cult NFTs\Y5E5T36M__7966 - Light Cult Crypto Club.JPG","D:\github\ron-english-light-cult-9001-10000\images\9101-9200\RE-010986.jpg",".JPG",".jpg","153.7"
"RE-010987","Light Cult Crypto Club","9177","ron-english-light-cult-9001-10000","9001-10000","gallery-9101-9200.html","9101-9200","RE-010987.jpg","images/9101-9200/RE-010987.jpg","Y5H9YIHJ__6298 - Light Cult Crypto Club.JPG","E:\Zotero-organized-export\JPG-JPEG\Light Cult NFTs\Y5H9YIHJ__6298 - Light Cult Crypto Club.JPG","D:\github\ron-english-light-cult-9001-10000\images\9101-9200\RE-010987.jpg",".JPG",".jpg","68.1"
"RE-010988","Light Cult Crypto Club","9178","ron-english-light-cult-9001-10000","9001-10000","gallery-9101-9200.html","9101-9200","RE-010988.jpg","images/9101-9200/RE-010988.jpg","Y5IRVHRC__3688 - Light Cult Crypto Club.JPG","E:\Zotero-organized-export\JPG-JPEG\Light Cult NFTs\Y5IRVHRC__3688 - Light Cult Crypto Club.JPG","D:\github\ron-english-light-cult-9001-10000\images\9101-9200\RE-010988.jpg",".JPG",".jpg","91.2"
"RE-010989","Light Cult Crypto Club","9179","ron-english-light-cult-9001-10000","9001-10000","gallery-9101-9200.html","9101-9200","RE-010989.jpg","images/9101-9200/RE-010989.jpg","Y5ITU3KT__6818 - Light Cult Crypto Club.JPG","E:\Zotero-organized-export\JPG-JPEG\Light Cult NFTs\Y5ITU3KT__6818 - Light Cult Crypto Club.JPG","D:\github\ron-english-light-cult-9001-10000\images\9101-9200\RE-010989.jpg",".JPG",".jpg","127.8"
"RE-010990","Light Cult Crypto Club","9180","ron-english-light-cult-9001-10000","9001-10000","gallery-9101-9200.html","9101-9200","RE-010990.jpg","images/9101-9200/RE-010990.jpg","Y5IY8XU2__6898 - Light Cult Crypto Club.JPG","E:\Zotero-organized-export\JPG-JPEG\Light Cult NFTs\Y5IY8XU2__6898 - Light Cult Crypto Club.JPG","D:\github\ron-english-light-cult-9001-10000\images\9101-9200\RE-010990.jpg",".JPG",".jpg","146.6"
"RE-010991","Light Cult Crypto Club","9181","ron-english-light-cult-9001-10000","9001-10000","gallery-9101-9200.html","9101-9200","RE-010991.jpg","images/9101-9200/RE-010991.jpg","Y5P63LK6__9547 - Light Cult Crypto Club.JPG","E:\Zotero-organized-export\JPG-JPEG\Light Cult NFTs\Y5P63LK6__9547 - Light Cult Crypto Club.JPG","D:\github\ron-english-light-cult-9001-10000\images\9101-9200\RE-010991.jpg",".JPG",".jpg","88.8"
"RE-010992","Light Cult Crypto Club","9182","ron-english-light-cult-9001-10000","9001-10000","gallery-9101-9200.html","9101-9200","RE-010992.jpg","images/9101-9200/RE-010992.jpg","Y5TKUDGT__Diapositiva622.JPG","E:\Zotero-organized-export\JPG-JPEG\Light Cult NFTs\Y5TKUDGT__Diapositiva622.JPG","D:\github\ron-english-light-cult-9001-10000\images\9101-9200\RE-010992.jpg",".JPG",".jpg","155.7"
"RE-010993","Light Cult Crypto Club","9183","ron-english-light-cult-9001-10000","9001-10000","gallery-9101-9200.html","9101-9200","RE-010993.jpg","images/9101-9200/RE-010993.jpg","Y5UUEB56__3491 - Light Cult Crypto Club.JPG","E:\Zotero-organized-export\JPG-JPEG\Light Cult NFTs\Y5UUEB56__3491 - Light Cult Crypto Club.JPG","D:\github\ron-english-light-cult-9001-10000\images\9101-9200\RE-010993.jpg",".JPG",".jpg","142.5"
"RE-010994","Light Cult Crypto Club","9184","ron-english-light-cult-9001-10000","9001-10000","gallery-9101-9200.html","9101-9200","RE-010994.jpg","images/9101-9200/RE-010994.jpg","Y5YDR33U__7309 - Light Cult Crypto Club.JPG","E:\Zotero-organized-export\JPG-JPEG\Light Cult NFTs\Y5YDR33U__7309 - Light Cult Crypto Club.JPG","D:\github\ron-english-light-cult-9001-10000\images\9101-9200\RE-010994.jpg",".JPG",".jpg","132.6"
"RE-010995","Light Cult Crypto Club","9185","ron-english-light-cult-9001-10000","9001-10000","gallery-9101-9200.html","9101-9200","RE-010995.jpg","images/9101-9200/RE-010995.jpg","Y69YAAPL__Diapositiva225.JPG","E:\Zotero-organized-export\JPG-JPEG\Light Cult NFTs\Y69YAAPL__Diapositiva225.JPG","D:\github\ron-english-light-cult-9001-10000\images\9101-9200\RE-010995.jpg",".JPG",".jpg","161.4"
"RE-010996","Light Cult Crypto Club","9186","ron-english-light-cult-9001-10000","9001-10000","gallery-9101-9200.html","9101-9200","RE-010996.jpg","images/9101-9200/RE-010996.jpg","Y6DXXZJK__9757 - Light Cult Crypto Club.JPG","E:\Zotero-organized-export\JPG-JPEG\Light Cult NFTs\Y6DXXZJK__9757 - Light Cult Crypto Club.JPG","D:\github\ron-english-light-cult-9001-10000\images\9101-9200\RE-010996.jpg",".JPG",".jpg","151"
"RE-010997","Light Cult Crypto Club","9187","ron-english-light-cult-9001-10000","9001-10000","gallery-9101-9200.html","9101-9200","RE-010997.jpg","images/9101-9200/RE-010997.jpg","Y6J3ZS7P__Diapositiva598.JPG","E:\Zotero-organized-export\JPG-JPEG\Light Cult NFTs\Y6J3ZS7P__Diapositiva598.JPG","D:\github\ron-english-light-cult-9001-10000\images\9101-9200\RE-010997.jpg",".JPG",".jpg","110"
"RE-010998","Light Cult Crypto Club","9188","ron-english-light-cult-9001-10000","9001-10000","gallery-9101-9200.html","9101-9200","RE-010998.jpg","images/9101-9200/RE-010998.jpg","Y6L8HY6E__Diapositiva589.JPG","E:\Zotero-organized-export\JPG-JPEG\Light Cult NFTs\Y6L8HY6E__Diapositiva589.JPG","D:\github\ron-english-light-cult-9001-10000\images\9101-9200\RE-010998.jpg",".JPG",".jpg","57.2"
"RE-010999","Light Cult Crypto Club","9189","ron-english-light-cult-9001-10000","9001-10000","gallery-9101-9200.html","9101-9200","RE-010999.jpg","images/9101-9200/RE-010999.jpg","Y6Z2A9VR__5467 - Light Cult Crypto Club.JPG","E:\Zotero-organized-export\JPG-JPEG\Light Cult NFTs\Y6Z2A9VR__5467 - Light Cult Crypto Club.JPG","D:\github\ron-english-light-cult-9001-10000\images\9101-9200\RE-010999.jpg",".JPG",".jpg","69.6"
"RE-011000","Light Cult Crypto Club","9190","ron-english-light-cult-9001-10000","9001-10000","gallery-9101-9200.html","9101-9200","RE-011000.jpg","images/9101-9200/RE-011000.jpg","Y6ZL2A2M__3569 - Light Cult Crypto Club.JPG","E:\Zotero-organized-export\JPG-JPEG\Light Cult NFTs\Y6ZL2A2M__3569 - Light Cult Crypto Club.JPG","D:\github\ron-english-light-cult-9001-10000\images\9101-9200\RE-011000.jpg",".JPG",".jpg","97.1"
"RE-011001","Light Cult Crypto Club","9191","ron-english-light-cult-9001-10000","9001-10000","gallery-9101-9200.html","9101-9200","RE-011001.jpg","images/9101-9200/RE-011001.jpg","Y754TPC5__9877 - Light Cult Crypto Club.JPG","E:\Zotero-organized-export\JPG-JPEG\Light Cult NFTs\Y754TPC5__9877 - Light Cult Crypto Club.JPG","D:\github\ron-english-light-cult-9001-10000\images\9101-9200\RE-011001.jpg",".JPG",".jpg","91.2"
"RE-011002","Light Cult Crypto Club","9192","ron-english-light-cult-9001-10000","9001-10000","gallery-9101-9200.html","9101-9200","RE-011002.jpg","images/9101-9200/RE-011002.jpg","Y77CB4K6__8718 - Light Cult Crypto Club.JPG","E:\Zotero-organized-export\JPG-JPEG\Light Cult NFTs\Y77CB4K6__8718 - Light Cult Crypto Club.JPG","D:\github\ron-english-light-cult-9001-10000\images\9101-9200\RE-011002.jpg",".JPG",".jpg","73.6"
"RE-011003","Light Cult Crypto Club","9193","ron-english-light-cult-9001-10000","9001-10000","gallery-9101-9200.html","9101-9200","RE-011003.jpg","images/9101-9200/RE-011003.jpg","Y78BC6QY__4528 - Light Cult Crypto Club.JPG","E:\Zotero-organized-export\JPG-JPEG\Light Cult NFTs\Y78BC6QY__4528 - Light Cult Crypto Club.JPG","D:\github\ron-english-light-cult-9001-10000\images\9101-9200\RE-011003.jpg",".JPG",".jpg","90.2"
"RE-011004","Light Cult Crypto Club","9194","ron-english-light-cult-9001-10000","9001-10000","gallery-9101-9200.html","9101-9200","RE-011004.jpg","images/9101-9200/RE-011004.jpg","Y7CKNLMZ__9397 - Light Cult Crypto Club.JPG","E:\Zotero-organized-export\JPG-JPEG\Light Cult NFTs\Y7CKNLMZ__9397 - Light Cult Crypto Club.JPG","D:\github\ron-english-light-cult-9001-10000\images\9101-9200\RE-011004.jpg",".JPG",".jpg","63.3"
"RE-011005","Light Cult Crypto Club","9195","ron-english-light-cult-9001-10000","9001-10000","gallery-9101-9200.html","9101-9200","RE-011005.jpg","images/9101-9200/RE-011005.jpg","Y83L6ZXI__6281 - Light Cult Crypto Club.JPG","E:\Zotero-organized-export\JPG-JPEG\Light Cult NFTs\Y83L6ZXI__6281 - Light Cult Crypto Club.JPG","D:\github\ron-english-light-cult-9001-10000\images\9101-9200\RE-011005.jpg",".JPG",".jpg","45.2"
"RE-011006","Light Cult Crypto Club","9196","ron-english-light-cult-9001-10000","9001-10000","gallery-9101-9200.html","9101-9200","RE-011006.jpg","images/9101-9200/RE-011006.jpg","Y8GCRREF__5485 - Light Cult Crypto Club.JPG","E:\Zotero-organized-export\JPG-JPEG\Light Cult NFTs\Y8GCRREF__5485 - Light Cult Crypto Club.JPG","D:\github\ron-english-light-cult-9001-10000\images\9101-9200\RE-011006.jpg",".JPG",".jpg","92.8"
"RE-011007","Light Cult Crypto Club","9197","ron-english-light-cult-9001-10000","9001-10000","gallery-9101-9200.html","9101-9200","RE-011007.jpg","images/9101-9200/RE-011007.jpg","Y8GLLMD2__Diapositiva591.JPG","E:\Zotero-organized-export\JPG-JPEG\Light Cult NFTs\Y8GLLMD2__Diapositiva591.JPG","D:\github\ron-english-light-cult-9001-10000\images\9101-9200\RE-011007.jpg",".JPG",".jpg","41.3"
"RE-011008","Light Cult Crypto Club","9198","ron-english-light-cult-9001-10000","9001-10000","gallery-9101-9200.html","9101-9200","RE-011008.jpg","images/9101-9200/RE-011008.jpg","Y8MCGLMS__9916 - Light Cult Crypto Club.JPG","E:\Zotero-organized-export\JPG-JPEG\Light Cult NFTs\Y8MCGLMS__9916 - Light Cult Crypto Club.JPG","D:\github\ron-english-light-cult-9001-10000\images\9101-9200\RE-011008.jpg",".JPG",".jpg","143.6"
"RE-011009","Light Cult Crypto Club","9199","ron-english-light-cult-9001-10000","9001-10000","gallery-9101-9200.html","9101-9200","RE-011009.jpg","images/9101-9200/RE-011009.jpg","Y8NXM7DN__6731 - Light Cult Crypto Club.JPG","E:\Zotero-organized-export\JPG-JPEG\Light Cult NFTs\Y8NXM7DN__6731 - Light Cult Crypto Club.JPG","D:\github\ron-english-light-cult-9001-10000\images\9101-9200\RE-011009.jpg",".JPG",".jpg","42.4"
"RE-011010","Light Cult Crypto Club","9200","ron-english-light-cult-9001-10000","9001-10000","gallery-9101-9200.html","9101-9200","RE-011010.jpg","images/9101-9200/RE-011010.jpg","Y8TI8P83__7558 - Light Cult Crypto Club.JPG","E:\Zotero-organized-export\JPG-JPEG\Light Cult NFTs\Y8TI8P83__7558 - Light Cult Crypto Club.JPG","D:\github\ron-english-light-cult-9001-10000\images\9101-9200\RE-011010.jpg",".JPG",".jpg","55.8"
"RE-011011","Light Cult Crypto Club","9201","ron-english-light-cult-9001-10000","9001-10000","gallery-9201-9300.html","9201-9300","RE-011011.jpg","images/9201-9300/RE-011011.jpg","Y8U6R3RM__5898 - Light Cult Crypto Club.JPG","E:\Zotero-organized-export\JPG-JPEG\Light Cult NFTs\Y8U6R3RM__5898 - Light Cult Crypto Club.JPG","D:\github\ron-english-light-cult-9001-10000\images\9201-9300\RE-011011.jpg",".JPG",".jpg","103.5"
"RE-011012","Light Cult Crypto Club","9202","ron-english-light-cult-9001-10000","9001-10000","gallery-9201-9300.html","9201-9300","RE-011012.jpg","images/9201-9300/RE-011012.jpg","Y8WHLIMU__8036 - Light Cult Crypto Club.JPG","E:\Zotero-organized-export\JPG-JPEG\Light Cult NFTs\Y8WHLIMU__8036 - Light Cult Crypto Club.JPG","D:\github\ron-english-light-cult-9001-10000\images\9201-9300\RE-011012.jpg",".JPG",".jpg","122.1"
"RE-011013","Light Cult Crypto Club","9203","ron-english-light-cult-9001-10000","9001-10000","gallery-9201-9300.html","9201-9300","RE-011013.jpg","images/9201-9300/RE-011013.jpg","Y8ZP6E7T__7363 - Light Cult Crypto Club.JPG","E:\Zotero-organized-export\JPG-JPEG\Light Cult NFTs\Y8ZP6E7T__7363 - Light Cult Crypto Club.JPG","D:\github\ron-english-light-cult-9001-10000\images\9201-9300\RE-011013.jpg",".JPG",".jpg","58.4"
"RE-011014","Light Cult Crypto Club","9204","ron-english-light-cult-9001-10000","9001-10000","gallery-9201-9300.html","9201-9300","RE-011014.jpg","images/9201-9300/RE-011014.jpg","Y96HCX5J__9844 - Light Cult Crypto Club.JPG","E:\Zotero-organized-export\JPG-JPEG\Light Cult NFTs\Y96HCX5J__9844 - Light Cult Crypto Club.JPG","D:\github\ron-english-light-cult-9001-10000\images\9201-9300\RE-011014.jpg",".JPG",".jpg","139.6"
"RE-011015","Light Cult Crypto Club","9205","ron-english-light-cult-9001-10000","9001-10000","gallery-9201-9300.html","9201-9300","RE-011015.jpg","images/9201-9300/RE-011015.jpg","Y994TWHE__8396 - Light Cult Crypto Club.JPG","E:\Zotero-organized-export\JPG-JPEG\Light Cult NFTs\Y994TWHE__8396 - Light Cult Crypto Club.JPG","D:\github\ron-english-light-cult-9001-10000\images\9201-9300\RE-011015.jpg",".JPG",".jpg","87.3"
"RE-011016","Light Cult Crypto Club","9206","ron-english-light-cult-9001-10000","9001-10000","gallery-9201-9300.html","9201-9300","RE-011016.jpg","images/9201-9300/RE-011016.jpg","Y9CH2Q4F__6577 - Light Cult Crypto Club.JPG","E:\Zotero-organized-export\JPG-JPEG\Light Cult NFTs\Y9CH2Q4F__6577 - Light Cult Crypto Club.JPG","D:\github\ron-english-light-cult-9001-10000\images\9201-9300\RE-011016.jpg",".JPG",".jpg","67.3"
"RE-011017","Light Cult Crypto Club","9207","ron-english-light-cult-9001-10000","9001-10000","gallery-9201-9300.html","9201-9300","RE-011017.jpg","images/9201-9300/RE-011017.jpg","Y9CRXUF3__Diapositiva2.JPG","E:\Zotero-organized-export\JPG-JPEG\Light Cult NFTs\Y9CRXUF3__Diapositiva2.JPG","D:\github\ron-english-light-cult-9001-10000\images\9201-9300\RE-011017.jpg",".JPG",".jpg","81.5"
"RE-011018","Light Cult Crypto Club","9208","ron-english-light-cult-9001-10000","9001-10000","gallery-9201-9300.html","9201-9300","RE-011018.jpg","images/9201-9300/RE-011018.jpg","Y9JHMQLW__Diapositiva438.JPG","E:\Zotero-organized-export\JPG-JPEG\Light Cult NFTs\Y9JHMQLW__Diapositiva438.JPG","D:\github\ron-english-light-cult-9001-10000\images\9201-9300\RE-011018.jpg",".JPG",".jpg","82.9"
"RE-011019","Light Cult Crypto Club","9209","ron-english-light-cult-9001-10000","9001-10000","gallery-9201-9300.html","9201-9300","RE-011019.jpg","images/9201-9300/RE-011019.jpg","Y9Q49VG4__5524 - Light Cult Crypto Club.JPG","E:\Zotero-organized-export\JPG-JPEG\Light Cult NFTs\Y9Q49VG4__5524 - Light Cult Crypto Club.JPG","D:\github\ron-english-light-cult-9001-10000\images\9201-9300\RE-011019.jpg",".JPG",".jpg","133.3"
"RE-011020","Light Cult Crypto Club","9210","ron-english-light-cult-9001-10000","9001-10000","gallery-9201-9300.html","9201-9300","RE-011020.jpg","images/9201-9300/RE-011020.jpg","Y9WVMDJX__Diapositiva766.JPG","E:\Zotero-organized-export\JPG-JPEG\Light Cult NFTs\Y9WVMDJX__Diapositiva766.JPG","D:\github\ron-english-light-cult-9001-10000\images\9201-9300\RE-011020.jpg",".JPG",".jpg","87.4"
"RE-011021","Light Cult Crypto Club","9211","ron-english-light-cult-9001-10000","9001-10000","gallery-9201-9300.html","9201-9300","RE-011021.jpg","images/9201-9300/RE-011021.jpg","Y9WVY6EE__6698 - Light Cult Crypto Club.JPG","E:\Zotero-organized-export\JPG-JPEG\Light Cult NFTs\Y9WVY6EE__6698 - Light Cult Crypto Club.JPG","D:\github\ron-english-light-cult-9001-10000\images\9201-9300\RE-011021.jpg",".JPG",".jpg","95.2"
"RE-011022","Light Cult Crypto Club","9212","ron-english-light-cult-9001-10000","9001-10000","gallery-9201-9300.html","9201-9300","RE-011022.jpg","images/9201-9300/RE-011022.jpg","Y9XI4Z9G__Diapositiva906.JPG","E:\Zotero-organized-export\JPG-JPEG\Light Cult NFTs\Y9XI4Z9G__Diapositiva906.JPG","D:\github\ron-english-light-cult-9001-10000\images\9201-9300\RE-011022.jpg",".JPG",".jpg","41.2"
"RE-011023","Light Cult Crypto Club","9213","ron-english-light-cult-9001-10000","9001-10000","gallery-9201-9300.html","9201-9300","RE-011023.jpg","images/9201-9300/RE-011023.jpg","Y9YEAARE__9596 - Light Cult Crypto Club.JPG","E:\Zotero-organized-export\JPG-JPEG\Light Cult NFTs\Y9YEAARE__9596 - Light Cult Crypto Club.JPG","D:\github\ron-english-light-cult-9001-10000\images\9201-9300\RE-011023.jpg",".JPG",".jpg","83.7"
"RE-011024","Light Cult Crypto Club","9214","ron-english-light-cult-9001-10000","9001-10000","gallery-9201-9300.html","9201-9300","RE-011024.jpg","images/9201-9300/RE-011024.jpg","YA6QDQDV__Diapositiva141.JPG","E:\Zotero-organized-export\JPG-JPEG\Light Cult NFTs\YA6QDQDV__Diapositiva141.JPG","D:\github\ron-english-light-cult-9001-10000\images\9201-9300\RE-011024.jpg",".JPG",".jpg","110.2"
"RE-011025","Light Cult Crypto Club","9215","ron-english-light-cult-9001-10000","9001-10000","gallery-9201-9300.html","9201-9300","RE-011025.jpg","images/9201-9300/RE-011025.jpg","YA7KRSKJ__4863 - Light Cult Crypto Club.JPG","E:\Zotero-organized-export\JPG-JPEG\Light Cult NFTs\YA7KRSKJ__4863 - Light Cult Crypto Club.JPG","D:\github\ron-english-light-cult-9001-10000\images\9201-9300\RE-011025.jpg",".JPG",".jpg","72.5"
"RE-011026","Light Cult Crypto Club","9216","ron-english-light-cult-9001-10000","9001-10000","gallery-9201-9300.html","9201-9300","RE-011026.jpg","images/9201-9300/RE-011026.jpg","YAESXRQU__4393 - Light Cult Crypto Club.JPG","E:\Zotero-organized-export\JPG-JPEG\Light Cult NFTs\YAESXRQU__4393 - Light Cult Crypto Club.JPG","D:\github\ron-english-light-cult-9001-10000\images\9201-9300\RE-011026.jpg",".JPG",".jpg","35"
"RE-011027","Light Cult Crypto Club","9217","ron-english-light-cult-9001-10000","9001-10000","gallery-9201-9300.html","9201-9300","RE-011027.jpg","images/9201-9300/RE-011027.jpg","YAHYSDD9__6738 - Light Cult Crypto Club.JPG","E:\Zotero-organized-export\JPG-JPEG\Light Cult NFTs\YAHYSDD9__6738 - Light Cult Crypto Club.JPG","D:\github\ron-english-light-cult-9001-10000\images\9201-9300\RE-011027.jpg",".JPG",".jpg","83.6"
"RE-011028","Light Cult Crypto Club","9218","ron-english-light-cult-9001-10000","9001-10000","gallery-9201-9300.html","9201-9300","RE-011028.jpg","images/9201-9300/RE-011028.jpg","YASKGSLJ__4435 - Light Cult Crypto Club.JPG","E:\Zotero-organized-export\JPG-JPEG\Light Cult NFTs\YASKGSLJ__4435 - Light Cult Crypto Club.JPG","D:\github\ron-english-light-cult-9001-10000\images\9201-9300\RE-011028.jpg",".JPG",".jpg","67.8"
"RE-011029","Light Cult Crypto Club","9219","ron-english-light-cult-9001-10000","9001-10000","gallery-9201-9300.html","9201-9300","RE-011029.jpg","images/9201-9300/RE-011029.jpg","YAW96FUH__3167 - Light Cult Crypto Club.JPG","E:\Zotero-organized-export\JPG-JPEG\Light Cult NFTs\YAW96FUH__3167 - Light Cult Crypto Club.JPG","D:\github\ron-english-light-cult-9001-10000\images\9201-9300\RE-011029.jpg",".JPG",".jpg","76.7"
"RE-011030","Light Cult Crypto Club","9220","ron-english-light-cult-9001-10000","9001-10000","gallery-9201-9300.html","9201-9300","RE-011030.jpg","images/9201-9300/RE-011030.jpg","YB4BWCNW__8225 - Light Cult Crypto Club.JPG","E:\Zotero-organized-export\JPG-JPEG\Light Cult NFTs\YB4BWCNW__8225 - Light Cult Crypto Club.JPG","D:\github\ron-english-light-cult-9001-10000\images\9201-9300\RE-011030.jpg",".JPG",".jpg","144.3"
"RE-011031","Light Cult Crypto Club","9221","ron-english-light-cult-9001-10000","9001-10000","gallery-9201-9300.html","9201-9300","RE-011031.jpg","images/9201-9300/RE-011031.jpg","YB728JTA__Diapositiva457.JPG","E:\Zotero-organized-export\JPG-JPEG\Light Cult NFTs\YB728JTA__Diapositiva457.JPG","D:\github\ron-english-light-cult-9001-10000\images\9201-9300\RE-011031.jpg",".JPG",".jpg","121.2"
"RE-011032","Light Cult Crypto Club","9222","ron-english-light-cult-9001-10000","9001-10000","gallery-9201-9300.html","9201-9300","RE-011032.jpg","images/9201-9300/RE-011032.jpg","YB76UUQ7__Diapositiva286.JPG","E:\Zotero-organized-export\JPG-JPEG\Light Cult NFTs\YB76UUQ7__Diapositiva286.JPG","D:\github\ron-english-light-cult-9001-10000\images\9201-9300\RE-011032.jpg",".JPG",".jpg","45.4"
"RE-011033","Light Cult Crypto Club","9223","ron-english-light-cult-9001-10000","9001-10000","gallery-9201-9300.html","9201-9300","RE-011033.jpg","images/9201-9300/RE-011033.jpg","YB878G3Q__3743 - Light Cult Crypto Club.JPG","E:\Zotero-organized-export\JPG-JPEG\Light Cult NFTs\YB878G3Q__3743 - Light Cult Crypto Club.JPG","D:\github\ron-english-light-cult-9001-10000\images\9201-9300\RE-011033.jpg",".JPG",".jpg","149.6"
"RE-011034","Light Cult Crypto Club","9224","ron-english-light-cult-9001-10000","9001-10000","gallery-9201-9300.html","9201-9300","RE-011034.jpg","images/9201-9300/RE-011034.jpg","YBBQJBC3__8200 - Light Cult Crypto Club.JPG","E:\Zotero-organized-export\JPG-JPEG\Light Cult NFTs\YBBQJBC3__8200 - Light Cult Crypto Club.JPG","D:\github\ron-english-light-cult-9001-10000\images\9201-9300\RE-011034.jpg",".JPG",".jpg","56.2"
"RE-011035","Light Cult Crypto Club","9225","ron-english-light-cult-9001-10000","9001-10000","gallery-9201-9300.html","9201-9300","RE-011035.jpg","images/9201-9300/RE-011035.jpg","YBC2QNHF__6802 - Light Cult Crypto Club.JPG","E:\Zotero-organized-export\JPG-JPEG\Light Cult NFTs\YBC2QNHF__6802 - Light Cult Crypto Club.JPG","D:\github\ron-english-light-cult-9001-10000\images\9201-9300\RE-011035.jpg",".JPG",".jpg","127.3"
"RE-011036","Light Cult Crypto Club","9226","ron-english-light-cult-9001-10000","9001-10000","gallery-9201-9300.html","9201-9300","RE-011036.jpg","images/9201-9300/RE-011036.jpg","YBD52IZH__7908 - Light Cult Crypto Club.JPG","E:\Zotero-organized-export\JPG-JPEG\Light Cult NFTs\YBD52IZH__7908 - Light Cult Crypto Club.JPG","D:\github\ron-english-light-cult-9001-10000\images\9201-9300\RE-011036.jpg",".JPG",".jpg","63.9"
"RE-011037","Light Cult Crypto Club","9227","ron-english-light-cult-9001-10000","9001-10000","gallery-9201-9300.html","9201-9300","RE-011037.jpg","images/9201-9300/RE-011037.jpg","YBEE9M2F__8540 - Light Cult Crypto Club.JPG","E:\Zotero-organized-export\JPG-JPEG\Light Cult NFTs\YBEE9M2F__8540 - Light Cult Crypto Club.JPG","D:\github\ron-english-light-cult-9001-10000\images\9201-9300\RE-011037.jpg",".JPG",".jpg","127.1"
"RE-011038","Light Cult Crypto Club","9228","ron-english-light-cult-9001-10000","9001-10000","gallery-9201-9300.html","9201-9300","RE-011038.jpg","images/9201-9300/RE-011038.jpg","YBIKDFNM__6756 - Light Cult Crypto Club.JPG","E:\Zotero-organized-export\JPG-JPEG\Light Cult NFTs\YBIKDFNM__6756 - Light Cult Crypto Club.JPG","D:\github\ron-english-light-cult-9001-10000\images\9201-9300\RE-011038.jpg",".JPG",".jpg","139.1"
"RE-011039","Light Cult Crypto Club","9229","ron-english-light-cult-9001-10000","9001-10000","gallery-9201-9300.html","9201-9300","RE-011039.jpg","images/9201-9300/RE-011039.jpg","YBJGDWVH__Diapositiva145.JPG","E:\Zotero-organized-export\JPG-JPEG\Light Cult NFTs\YBJGDWVH__Diapositiva145.JPG","D:\github\ron-english-light-cult-9001-10000\images\9201-9300\RE-011039.jpg",".JPG",".jpg","67.1"
"RE-011040","Light Cult Crypto Club","9230","ron-english-light-cult-9001-10000","9001-10000","gallery-9201-9300.html","9201-9300","RE-011040.jpg","images/9201-9300/RE-011040.jpg","YBYB83VL__6676 - Light Cult Crypto Club.JPG","E:\Zotero-organized-export\JPG-JPEG\Light Cult NFTs\YBYB83VL__6676 - Light Cult Crypto Club.JPG","D:\github\ron-english-light-cult-9001-10000\images\9201-9300\RE-011040.jpg",".JPG",".jpg","85.6"
"RE-011041","Light Cult Crypto Club","9231","ron-english-light-cult-9001-10000","9001-10000","gallery-9201-9300.html","9201-9300","RE-011041.jpg","images/9201-9300/RE-011041.jpg","YBZTX6T6__3884 - Light Cult Crypto Club.JPG","E:\Zotero-organized-export\JPG-JPEG\Light Cult NFTs\YBZTX6T6__3884 - Light Cult Crypto Club.JPG","D:\github\ron-english-light-cult-9001-10000\images\9201-9300\RE-011041.jpg",".JPG",".jpg","116.1"
"RE-011042","Light Cult Crypto Club","9232","ron-english-light-cult-9001-10000","9001-10000","gallery-9201-9300.html","9201-9300","RE-011042.jpg","images/9201-9300/RE-011042.jpg","YC8CSYJQ__Diapositiva27.JPG","E:\Zotero-organized-export\JPG-JPEG\Light Cult NFTs\YC8CSYJQ__Diapositiva27.JPG","D:\github\ron-english-light-cult-9001-10000\images\9201-9300\RE-011042.jpg",".JPG",".jpg","137.2"
"RE-011043","Light Cult Crypto Club","9233","ron-english-light-cult-9001-10000","9001-10000","gallery-9201-9300.html","9201-9300","RE-011043.jpg","images/9201-9300/RE-011043.jpg","YC8NXA3K__Diapositiva917.JPG","E:\Zotero-organized-export\JPG-JPEG\Light Cult NFTs\YC8NXA3K__Diapositiva917.JPG","D:\github\ron-english-light-cult-9001-10000\images\9201-9300\RE-011043.jpg",".JPG",".jpg","120.3"
"RE-011044","Light Cult Crypto Club","9234","ron-english-light-cult-9001-10000","9001-10000","gallery-9201-9300.html","9201-9300","RE-011044.jpg","images/9201-9300/RE-011044.jpg","YCBZGZFN__5823 - Light Cult Crypto Club.JPG","E:\Zotero-organized-export\JPG-JPEG\Light Cult NFTs\YCBZGZFN__5823 - Light Cult Crypto Club.JPG","D:\github\ron-english-light-cult-9001-10000\images\9201-9300\RE-011044.jpg",".JPG",".jpg","134.3"
"RE-011045","Light Cult Crypto Club","9235","ron-english-light-cult-9001-10000","9001-10000","gallery-9201-9300.html","9201-9300","RE-011045.jpg","images/9201-9300/RE-011045.jpg","YCEUZJEE__4524 - Light Cult Crypto Club.JPG","E:\Zotero-organized-export\JPG-JPEG\Light Cult NFTs\YCEUZJEE__4524 - Light Cult Crypto Club.JPG","D:\github\ron-english-light-cult-9001-10000\images\9201-9300\RE-011045.jpg",".JPG",".jpg","70"
"RE-011046","Light Cult Crypto Club","9236","ron-english-light-cult-9001-10000","9001-10000","gallery-9201-9300.html","9201-9300","RE-011046.jpg","images/9201-9300/RE-011046.jpg","YCFUVP5B__Diapositiva770.JPG","E:\Zotero-organized-export\JPG-JPEG\Light Cult NFTs\YCFUVP5B__Diapositiva770.JPG","D:\github\ron-english-light-cult-9001-10000\images\9201-9300\RE-011046.jpg",".JPG",".jpg","64.8"
"RE-011047","Light Cult Crypto Club","9237","ron-english-light-cult-9001-10000","9001-10000","gallery-9201-9300.html","9201-9300","RE-011047.jpg","images/9201-9300/RE-011047.jpg","YCH2GY4T__3385 - Light Cult Crypto Club.JPG","E:\Zotero-organized-export\JPG-JPEG\Light Cult NFTs\YCH2GY4T__3385 - Light Cult Crypto Club.JPG","D:\github\ron-english-light-cult-9001-10000\images\9201-9300\RE-011047.jpg",".JPG",".jpg","115.9"
"RE-011048","Light Cult Crypto Club","9238","ron-english-light-cult-9001-10000","9001-10000","gallery-9201-9300.html","9201-9300","RE-011048.jpg","images/9201-9300/RE-011048.jpg","YCLZDNBJ__9483 - Light Cult Crypto Club.JPG","E:\Zotero-organized-export\JPG-JPEG\Light Cult NFTs\YCLZDNBJ__9483 - Light Cult Crypto Club.JPG","D:\github\ron-english-light-cult-9001-10000\images\9201-9300\RE-011048.jpg",".JPG",".jpg","84.9"
"RE-011049","Light Cult Crypto Club","9239","ron-english-light-cult-9001-10000","9001-10000","gallery-9201-9300.html","9201-9300","RE-011049.jpg","images/9201-9300/RE-011049.jpg","YCPAS733__9892 - Light Cult Crypto Club.JPG","E:\Zotero-organized-export\JPG-JPEG\Light Cult NFTs\YCPAS733__9892 - Light Cult Crypto Club.JPG","D:\github\ron-english-light-cult-9001-10000\images\9201-9300\RE-011049.jpg",".JPG",".jpg","117.8"
"RE-011050","Light Cult Crypto Club","9240","ron-english-light-cult-9001-10000","9001-10000","gallery-9201-9300.html","9201-9300","RE-011050.jpg","images/9201-9300/RE-011050.jpg","YCPTTLJQ__Diapositiva285.JPG","E:\Zotero-organized-export\JPG-JPEG\Light Cult NFTs\YCPTTLJQ__Diapositiva285.JPG","D:\github\ron-english-light-cult-9001-10000\images\9201-9300\RE-011050.jpg",".JPG",".jpg","36.6"
"RE-011051","Light Cult Crypto Club","9241","ron-english-light-cult-9001-10000","9001-10000","gallery-9201-9300.html","9201-9300","RE-011051.jpg","images/9201-9300/RE-011051.jpg","YD3DM3C2__3867 - Light Cult Crypto Club.JPG","E:\Zotero-organized-export\JPG-JPEG\Light Cult NFTs\YD3DM3C2__3867 - Light Cult Crypto Club.JPG","D:\github\ron-english-light-cult-9001-10000\images\9201-9300\RE-011051.jpg",".JPG",".jpg","67.6"
"RE-011052","Light Cult Crypto Club","9242","ron-english-light-cult-9001-10000","9001-10000","gallery-9201-9300.html","9201-9300","RE-011052.jpg","images/9201-9300/RE-011052.jpg","YD98PV8S__Diapositiva782.JPG","E:\Zotero-organized-export\JPG-JPEG\Light Cult NFTs\YD98PV8S__Diapositiva782.JPG","D:\github\ron-english-light-cult-9001-10000\images\9201-9300\RE-011052.jpg",".JPG",".jpg","69.3"
"RE-011053","Light Cult Crypto Club","9243","ron-english-light-cult-9001-10000","9001-10000","gallery-9201-9300.html","9201-9300","RE-011053.jpg","images/9201-9300/RE-011053.jpg","YDT5E42C__8339 - Light Cult Crypto Club.JPG","E:\Zotero-organized-export\JPG-JPEG\Light Cult NFTs\YDT5E42C__8339 - Light Cult Crypto Club.JPG","D:\github\ron-english-light-cult-9001-10000\images\9201-9300\RE-011053.jpg",".JPG",".jpg","38.9"
"RE-011054","Light Cult Crypto Club","9244","ron-english-light-cult-9001-10000","9001-10000","gallery-9201-9300.html","9201-9300","RE-011054.jpg","images/9201-9300/RE-011054.jpg","YDYH7JDS__3999 - Light Cult Crypto Club.JPG","E:\Zotero-organized-export\JPG-JPEG\Light Cult NFTs\YDYH7JDS__3999 - Light Cult Crypto Club.JPG","D:\github\ron-english-light-cult-9001-10000\images\9201-9300\RE-011054.jpg",".JPG",".jpg","131"
"RE-011055","Light Cult Crypto Club","9245","ron-english-light-cult-9001-10000","9001-10000","gallery-9201-9300.html","9201-9300","RE-011055.jpg","images/9201-9300/RE-011055.jpg","YDYL3UJI__8543 - Light Cult Crypto Club.JPG","E:\Zotero-organized-export\JPG-JPEG\Light Cult NFTs\YDYL3UJI__8543 - Light Cult Crypto Club.JPG","D:\github\ron-english-light-cult-9001-10000\images\9201-9300\RE-011055.jpg",".JPG",".jpg","50.6"
"RE-011056","Light Cult Crypto Club","9246","ron-english-light-cult-9001-10000","9001-10000","gallery-9201-9300.html","9201-9300","RE-011056.jpg","images/9201-9300/RE-011056.jpg","YE5WDBUL__Diapositiva568.JPG","E:\Zotero-organized-export\JPG-JPEG\Light Cult NFTs\YE5WDBUL__Diapositiva568.JPG","D:\github\ron-english-light-cult-9001-10000\images\9201-9300\RE-011056.jpg",".JPG",".jpg","150.9"
"RE-011057","Light Cult Crypto Club","9247","ron-english-light-cult-9001-10000","9001-10000","gallery-9201-9300.html","9201-9300","RE-011057.jpg","images/9201-9300/RE-011057.jpg","YEIFDUAL__Diapositiva22.JPG","E:\Zotero-organized-export\JPG-JPEG\Light Cult NFTs\YEIFDUAL__Diapositiva22.JPG","D:\github\ron-english-light-cult-9001-10000\images\9201-9300\RE-011057.jpg",".JPG",".jpg","61.9"
"RE-011058","Light Cult Crypto Club","9248","ron-english-light-cult-9001-10000","9001-10000","gallery-9201-9300.html","9201-9300","RE-011058.jpg","images/9201-9300/RE-011058.jpg","YERGS8GT__Diapositiva715.JPG","E:\Zotero-organized-export\JPG-JPEG\Light Cult NFTs\YERGS8GT__Diapositiva715.JPG","D:\github\ron-english-light-cult-9001-10000\images\9201-9300\RE-011058.jpg",".JPG",".jpg","161.9"
"RE-011059","Light Cult Crypto Club","9249","ron-english-light-cult-9001-10000","9001-10000","gallery-9201-9300.html","9201-9300","RE-011059.jpg","images/9201-9300/RE-011059.jpg","YETM6MZY__Diapositiva175.JPG","E:\Zotero-organized-export\JPG-JPEG\Light Cult NFTs\YETM6MZY__Diapositiva175.JPG","D:\github\ron-english-light-cult-9001-10000\images\9201-9300\RE-011059.jpg",".JPG",".jpg","75.4"
"RE-011060","Light Cult Crypto Club","9250","ron-english-light-cult-9001-10000","9001-10000","gallery-9201-9300.html","9201-9300","RE-011060.jpg","images/9201-9300/RE-011060.jpg","YEW5WTGH__7863 - Light Cult Crypto Club.JPG","E:\Zotero-organized-export\JPG-JPEG\Light Cult NFTs\YEW5WTGH__7863 - Light Cult Crypto Club.JPG","D:\github\ron-english-light-cult-9001-10000\images\9201-9300\RE-011060.jpg",".JPG",".jpg","134"
"RE-011061","Light Cult Crypto Club","9251","ron-english-light-cult-9001-10000","9001-10000","gallery-9201-9300.html","9201-9300","RE-011061.jpg","images/9201-9300/RE-011061.jpg","YF6KIXPJ__3034 - Light Cult Crypto Club.JPG","E:\Zotero-organized-export\JPG-JPEG\Light Cult NFTs\YF6KIXPJ__3034 - Light Cult Crypto Club.JPG","D:\github\ron-english-light-cult-9001-10000\images\9201-9300\RE-011061.jpg",".JPG",".jpg","46.4"
"RE-011062","Light Cult Crypto Club","9252","ron-english-light-cult-9001-10000","9001-10000","gallery-9201-9300.html","9201-9300","RE-011062.jpg","images/9201-9300/RE-011062.jpg","YF8KU3SC__Diapositiva773.JPG","E:\Zotero-organized-export\JPG-JPEG\Light Cult NFTs\YF8KU3SC__Diapositiva773.JPG","D:\github\ron-english-light-cult-9001-10000\images\9201-9300\RE-011062.jpg",".JPG",".jpg","38.5"
"RE-011063","Light Cult Crypto Club","9253","ron-english-light-cult-9001-10000","9001-10000","gallery-9201-9300.html","9201-9300","RE-011063.jpg","images/9201-9300/RE-011063.jpg","YF9GHCSQ__6515 - Light Cult Crypto Club.JPG","E:\Zotero-organized-export\JPG-JPEG\Light Cult NFTs\YF9GHCSQ__6515 - Light Cult Crypto Club.JPG","D:\github\ron-english-light-cult-9001-10000\images\9201-9300\RE-011063.jpg",".JPG",".jpg","67.9"
"RE-011064","Light Cult Crypto Club","9254","ron-english-light-cult-9001-10000","9001-10000","gallery-9201-9300.html","9201-9300","RE-011064.jpg","images/9201-9300/RE-011064.jpg","YFHJ8JTT__Diapositiva222.JPG","E:\Zotero-organized-export\JPG-JPEG\Light Cult NFTs\YFHJ8JTT__Diapositiva222.JPG","D:\github\ron-english-light-cult-9001-10000\images\9201-9300\RE-011064.jpg",".JPG",".jpg","144.4"
"RE-011065","Light Cult Crypto Club","9255","ron-english-light-cult-9001-10000","9001-10000","gallery-9201-9300.html","9201-9300","RE-011065.jpg","images/9201-9300/RE-011065.jpg","YFIDITLB__Diapositiva997.JPG","E:\Zotero-organized-export\JPG-JPEG\Light Cult NFTs\YFIDITLB__Diapositiva997.JPG","D:\github\ron-english-light-cult-9001-10000\images\9201-9300\RE-011065.jpg",".JPG",".jpg","78.7"
"RE-011066","Light Cult Crypto Club","9256","ron-english-light-cult-9001-10000","9001-10000","gallery-9201-9300.html","9201-9300","RE-011066.jpg","images/9201-9300/RE-011066.jpg","YFN8EN4H__Diapositiva34.JPG","E:\Zotero-organized-export\JPG-JPEG\Light Cult NFTs\YFN8EN4H__Diapositiva34.JPG","D:\github\ron-english-light-cult-9001-10000\images\9201-9300\RE-011066.jpg",".JPG",".jpg","76.2"
"RE-011067","Light Cult Crypto Club","9257","ron-english-light-cult-9001-10000","9001-10000","gallery-9201-9300.html","9201-9300","RE-011067.jpg","images/9201-9300/RE-011067.jpg","YFNIX8XP__Diapositiva561.JPG","E:\Zotero-organized-export\JPG-JPEG\Light Cult NFTs\YFNIX8XP__Diapositiva561.JPG","D:\github\ron-english-light-cult-9001-10000\images\9201-9300\RE-011067.jpg",".JPG",".jpg","48.7"
"RE-011068","Light Cult Crypto Club","9258","ron-english-light-cult-9001-10000","9001-10000","gallery-9201-9300.html","9201-9300","RE-011068.jpg","images/9201-9300/RE-011068.jpg","YFTL2U9S__Diapositiva343.JPG","E:\Zotero-organized-export\JPG-JPEG\Light Cult NFTs\YFTL2U9S__Diapositiva343.JPG","D:\github\ron-english-light-cult-9001-10000\images\9201-9300\RE-011068.jpg",".JPG",".jpg","65.6"
"RE-011069","Light Cult Crypto Club","9259","ron-english-light-cult-9001-10000","9001-10000","gallery-9201-9300.html","9201-9300","RE-011069.jpg","images/9201-9300/RE-011069.jpg","YGANYGBS__Diapositiva613.JPG","E:\Zotero-organized-export\JPG-JPEG\Light Cult NFTs\YGANYGBS__Diapositiva613.JPG","D:\github\ron-english-light-cult-9001-10000\images\9201-9300\RE-011069.jpg",".JPG",".jpg","36.3"
"RE-011070","Light Cult Crypto Club","9260","ron-english-light-cult-9001-10000","9001-10000","gallery-9201-9300.html","9201-9300","RE-011070.jpg","images/9201-9300/RE-011070.jpg","YGDSFCCP__3484 - Light Cult Crypto Club.JPG","E:\Zotero-organized-export\JPG-JPEG\Light Cult NFTs\YGDSFCCP__3484 - Light Cult Crypto Club.JPG","D:\github\ron-english-light-cult-9001-10000\images\9201-9300\RE-011070.jpg",".JPG",".jpg","57.8"
"RE-011071","Light Cult Crypto Club","9261","ron-english-light-cult-9001-10000","9001-10000","gallery-9201-9300.html","9201-9300","RE-011071.jpg","images/9201-9300/RE-011071.jpg","YGDXPHZ2__8593 - Light Cult Crypto Club.JPG","E:\Zotero-organized-export\JPG-JPEG\Light Cult NFTs\YGDXPHZ2__8593 - Light Cult Crypto Club.JPG","D:\github\ron-english-light-cult-9001-10000\images\9201-9300\RE-011071.jpg",".JPG",".jpg","117.6"
"RE-011072","Light Cult Crypto Club","9262","ron-english-light-cult-9001-10000","9001-10000","gallery-9201-9300.html","9201-9300","RE-011072.jpg","images/9201-9300/RE-011072.jpg","YGF7ILNN__4279 - Light Cult Crypto Club.JPG","E:\Zotero-organized-export\JPG-JPEG\Light Cult NFTs\YGF7ILNN__4279 - Light Cult Crypto Club.JPG","D:\github\ron-english-light-cult-9001-10000\images\9201-9300\RE-011072.jpg",".JPG",".jpg","74.8"
"RE-011073","Light Cult Crypto Club","9263","ron-english-light-cult-9001-10000","9001-10000","gallery-9201-9300.html","9201-9300","RE-011073.jpg","images/9201-9300/RE-011073.jpg","YGFKXU6G__5894 - Light Cult Crypto Club.JPG","E:\Zotero-organized-export\JPG-JPEG\Light Cult NFTs\YGFKXU6G__5894 - Light Cult Crypto Club.JPG","D:\github\ron-english-light-cult-9001-10000\images\9201-9300\RE-011073.jpg",".JPG",".jpg","119.5"
"RE-011074","Light Cult Crypto Club","9264","ron-english-light-cult-9001-10000","9001-10000","gallery-9201-9300.html","9201-9300","RE-011074.jpg","images/9201-9300/RE-011074.jpg","YGHRDAUN__7712 - Light Cult Crypto Club.JPG","E:\Zotero-organized-export\JPG-JPEG\Light Cult NFTs\YGHRDAUN__7712 - Light Cult Crypto Club.JPG","D:\github\ron-english-light-cult-9001-10000\images\9201-9300\RE-011074.jpg",".JPG",".jpg","130"
"RE-011075","Light Cult Crypto Club","9265","ron-english-light-cult-9001-10000","9001-10000","gallery-9201-9300.html","9201-9300","RE-011075.jpg","images/9201-9300/RE-011075.jpg","YGIK7ZV9__6498 - Light Cult Crypto Club.JPG","E:\Zotero-organized-export\JPG-JPEG\Light Cult NFTs\YGIK7ZV9__6498 - Light Cult Crypto Club.JPG","D:\github\ron-english-light-cult-9001-10000\images\9201-9300\RE-011075.jpg",".JPG",".jpg","38.9"
"RE-011076","Light Cult Crypto Club","9266","ron-english-light-cult-9001-10000","9001-10000","gallery-9201-9300.html","9201-9300","RE-011076.jpg","images/9201-9300/RE-011076.jpg","YGJ4WCI5__Diapositiva864.JPG","E:\Zotero-organized-export\JPG-JPEG\Light Cult NFTs\YGJ4WCI5__Diapositiva864.JPG","D:\github\ron-english-light-cult-9001-10000\images\9201-9300\RE-011076.jpg",".JPG",".jpg","124"
"RE-011077","Light Cult Crypto Club","9267","ron-english-light-cult-9001-10000","9001-10000","gallery-9201-9300.html","9201-9300","RE-011077.jpg","images/9201-9300/RE-011077.jpg","YGKRBTNF__8163 - Light Cult Crypto Club.JPG","E:\Zotero-organized-export\JPG-JPEG\Light Cult NFTs\YGKRBTNF__8163 - Light Cult Crypto Club.JPG","D:\github\ron-english-light-cult-9001-10000\images\9201-9300\RE-011077.jpg",".JPG",".jpg","74"
"RE-011078","Light Cult Crypto Club","9268","ron-english-light-cult-9001-10000","9001-10000","gallery-9201-9300.html","9201-9300","RE-011078.jpg","images/9201-9300/RE-011078.jpg","YGL6RU5T__Diapositiva488.JPG","E:\Zotero-organized-export\JPG-JPEG\Light Cult NFTs\YGL6RU5T__Diapositiva488.JPG","D:\github\ron-english-light-cult-9001-10000\images\9201-9300\RE-011078.jpg",".JPG",".jpg","56.7"
"RE-011079","Light Cult Crypto Club","9269","ron-english-light-cult-9001-10000","9001-10000","gallery-9201-9300.html","9201-9300","RE-011079.jpg","images/9201-9300/RE-011079.jpg","YGLGTVWM__3061 - Light Cult Crypto Club.JPG","E:\Zotero-organized-export\JPG-JPEG\Light Cult NFTs\YGLGTVWM__3061 - Light Cult Crypto Club.JPG","D:\github\ron-english-light-cult-9001-10000\images\9201-9300\RE-011079.jpg",".JPG",".jpg","69.2"
"RE-011080","Light Cult Crypto Club","9270","ron-english-light-cult-9001-10000","9001-10000","gallery-9201-9300.html","9201-9300","RE-011080.jpg","images/9201-9300/RE-011080.jpg","YGVEARJZ__Diapositiva417.JPG","E:\Zotero-organized-export\JPG-JPEG\Light Cult NFTs\YGVEARJZ__Diapositiva417.JPG","D:\github\ron-english-light-cult-9001-10000\images\9201-9300\RE-011080.jpg",".JPG",".jpg","74.6"
"RE-011081","Light Cult Crypto Club","9271","ron-english-light-cult-9001-10000","9001-10000","gallery-9201-9300.html","9201-9300","RE-011081.jpg","images/9201-9300/RE-011081.jpg","YH9EF8IH__3583 - Light Cult Crypto Club.JPG","E:\Zotero-organized-export\JPG-JPEG\Light Cult NFTs\YH9EF8IH__3583 - Light Cult Crypto Club.JPG","D:\github\ron-english-light-cult-9001-10000\images\9201-9300\RE-011081.jpg",".JPG",".jpg","81.9"
"RE-011082","Light Cult Crypto Club","9272","ron-english-light-cult-9001-10000","9001-10000","gallery-9201-9300.html","9201-9300","RE-011082.jpg","images/9201-9300/RE-011082.jpg","YHAIFTDU__5224 - Light Cult Crypto Club.JPG","E:\Zotero-organized-export\JPG-JPEG\Light Cult NFTs\YHAIFTDU__5224 - Light Cult Crypto Club.JPG","D:\github\ron-english-light-cult-9001-10000\images\9201-9300\RE-011082.jpg",".JPG",".jpg","65.7"
"RE-011083","Light Cult Crypto Club","9273","ron-english-light-cult-9001-10000","9001-10000","gallery-9201-9300.html","9201-9300","RE-011083.jpg","images/9201-9300/RE-011083.jpg","YHBYBDTA__Diapositiva778.JPG","E:\Zotero-organized-export\JPG-JPEG\Light Cult NFTs\YHBYBDTA__Diapositiva778.JPG","D:\github\ron-english-light-cult-9001-10000\images\9201-9300\RE-011083.jpg",".JPG",".jpg","153.8"
"RE-011084","Light Cult Crypto Club","9274","ron-english-light-cult-9001-10000","9001-10000","gallery-9201-9300.html","9201-9300","RE-011084.jpg","images/9201-9300/RE-011084.jpg","YHIW2SS5__9925 - Light Cult Crypto Club.JPG","E:\Zotero-organized-export\JPG-JPEG\Light Cult NFTs\YHIW2SS5__9925 - Light Cult Crypto Club.JPG","D:\github\ron-english-light-cult-9001-10000\images\9201-9300\RE-011084.jpg",".JPG",".jpg","99.2"
"RE-011085","Light Cult Crypto Club","9275","ron-english-light-cult-9001-10000","9001-10000","gallery-9201-9300.html","9201-9300","RE-011085.jpg","images/9201-9300/RE-011085.jpg","YHWJE4LG__9207 - Light Cult Crypto Club.JPG","E:\Zotero-organized-export\JPG-JPEG\Light Cult NFTs\YHWJE4LG__9207 - Light Cult Crypto Club.JPG","D:\github\ron-english-light-cult-9001-10000\images\9201-9300\RE-011085.jpg",".JPG",".jpg","45.5"
"RE-011086","Light Cult Crypto Club","9276","ron-english-light-cult-9001-10000","9001-10000","gallery-9201-9300.html","9201-9300","RE-011086.jpg","images/9201-9300/RE-011086.jpg","YI237WSN__8313 - Light Cult Crypto Club.JPG","E:\Zotero-organized-export\JPG-JPEG\Light Cult NFTs\YI237WSN__8313 - Light Cult Crypto Club.JPG","D:\github\ron-english-light-cult-9001-10000\images\9201-9300\RE-011086.jpg",".JPG",".jpg","48.8"
"RE-011087","Light Cult Crypto Club","9277","ron-english-light-cult-9001-10000","9001-10000","gallery-9201-9300.html","9201-9300","RE-011087.jpg","images/9201-9300/RE-011087.jpg","YI2TBFAV__9828 - Light Cult Crypto Club.JPG","E:\Zotero-organized-export\JPG-JPEG\Light Cult NFTs\YI2TBFAV__9828 - Light Cult Crypto Club.JPG","D:\github\ron-english-light-cult-9001-10000\images\9201-9300\RE-011087.jpg",".JPG",".jpg","86"
"RE-011088","Light Cult Crypto Club","9278","ron-english-light-cult-9001-10000","9001-10000","gallery-9201-9300.html","9201-9300","RE-011088.jpg","images/9201-9300/RE-011088.jpg","YIA5BLCC__Diapositiva926.JPG","E:\Zotero-organized-export\JPG-JPEG\Light Cult NFTs\YIA5BLCC__Diapositiva926.JPG","D:\github\ron-english-light-cult-9001-10000\images\9201-9300\RE-011088.jpg",".JPG",".jpg","61.2"
"RE-011089","Light Cult Crypto Club","9279","ron-english-light-cult-9001-10000","9001-10000","gallery-9201-9300.html","9201-9300","RE-011089.jpg","images/9201-9300/RE-011089.jpg","YIMYHIWF__Diapositiva945.JPG","E:\Zotero-organized-export\JPG-JPEG\Light Cult NFTs\YIMYHIWF__Diapositiva945.JPG","D:\github\ron-english-light-cult-9001-10000\images\9201-9300\RE-011089.jpg",".JPG",".jpg","68.5"
"RE-011090","Light Cult Crypto Club","9280","ron-english-light-cult-9001-10000","9001-10000","gallery-9201-9300.html","9201-9300","RE-011090.jpg","images/9201-9300/RE-011090.jpg","YIV5I4D8__9529 - Light Cult Crypto Club.JPG","E:\Zotero-organized-export\JPG-JPEG\Light Cult NFTs\YIV5I4D8__9529 - Light Cult Crypto Club.JPG","D:\github\ron-english-light-cult-9001-10000\images\9201-9300\RE-011090.jpg",".JPG",".jpg","98"
"RE-011091","Light Cult Crypto Club","9281","ron-english-light-cult-9001-10000","9001-10000","gallery-9201-9300.html","9201-9300","RE-011091.jpg","images/9201-9300/RE-011091.jpg","YIWJN658__9039 - Light Cult Crypto Club.JPG","E:\Zotero-organized-export\JPG-JPEG\Light Cult NFTs\YIWJN658__9039 - Light Cult Crypto Club.JPG","D:\github\ron-english-light-cult-9001-10000\images\9201-9300\RE-011091.jpg",".JPG",".jpg","58.9"
"RE-011092","Light Cult Crypto Club","9282","ron-english-light-cult-9001-10000","9001-10000","gallery-9201-9300.html","9201-9300","RE-011092.jpg","images/9201-9300/RE-011092.jpg","YIYDM3QX__Diapositiva349.JPG","E:\Zotero-organized-export\JPG-JPEG\Light Cult NFTs\YIYDM3QX__Diapositiva349.JPG","D:\github\ron-english-light-cult-9001-10000\images\9201-9300\RE-011092.jpg",".JPG",".jpg","103.8"
"RE-011093","Light Cult Crypto Club","9283","ron-english-light-cult-9001-10000","9001-10000","gallery-9201-9300.html","9201-9300","RE-011093.jpg","images/9201-9300/RE-011093.jpg","YIZ58V7I__5680 - Light Cult Crypto Club.JPG","E:\Zotero-organized-export\JPG-JPEG\Light Cult NFTs\YIZ58V7I__5680 - Light Cult Crypto Club.JPG","D:\github\ron-english-light-cult-9001-10000\images\9201-9300\RE-011093.jpg",".JPG",".jpg","126.8"
"RE-011094","Light Cult Crypto Club","9284","ron-english-light-cult-9001-10000","9001-10000","gallery-9201-9300.html","9201-9300","RE-011094.jpg","images/9201-9300/RE-011094.jpg","YJ3JRAUV__6970 - Light Cult Crypto Club.JPG","E:\Zotero-organized-export\JPG-JPEG\Light Cult NFTs\YJ3JRAUV__6970 - Light Cult Crypto Club.JPG","D:\github\ron-english-light-cult-9001-10000\images\9201-9300\RE-011094.jpg",".JPG",".jpg","86.5"
"RE-011095","Light Cult Crypto Club","9285","ron-english-light-cult-9001-10000","9001-10000","gallery-9201-9300.html","9201-9300","RE-011095.jpg","images/9201-9300/RE-011095.jpg","YJ6935Q3__9048 - Light Cult Crypto Club.JPG","E:\Zotero-organized-export\JPG-JPEG\Light Cult NFTs\YJ6935Q3__9048 - Light Cult Crypto Club.JPG","D:\github\ron-english-light-cult-9001-10000\images\9201-9300\RE-011095.jpg",".JPG",".jpg","129.2"
"RE-011096","Light Cult Crypto Club","9286","ron-english-light-cult-9001-10000","9001-10000","gallery-9201-9300.html","9201-9300","RE-011096.jpg","images/9201-9300/RE-011096.jpg","YJBAAI6T__8957 - Light Cult Crypto Club.JPG","E:\Zotero-organized-export\JPG-JPEG\Light Cult NFTs\YJBAAI6T__8957 - Light Cult Crypto Club.JPG","D:\github\ron-english-light-cult-9001-10000\images\9201-9300\RE-011096.jpg",".JPG",".jpg","135.2"
"RE-011097","Light Cult Crypto Club","9287","ron-english-light-cult-9001-10000","9001-10000","gallery-9201-9300.html","9201-9300","RE-011097.jpg","images/9201-9300/RE-011097.jpg","YJMJAMAE__3795 - Light Cult Crypto Club.JPG","E:\Zotero-organized-export\JPG-JPEG\Light Cult NFTs\YJMJAMAE__3795 - Light Cult Crypto Club.JPG","D:\github\ron-english-light-cult-9001-10000\images\9201-9300\RE-011097.jpg",".JPG",".jpg","138.8"
"RE-011098","Light Cult Crypto Club","9288","ron-english-light-cult-9001-10000","9001-10000","gallery-9201-9300.html","9201-9300","RE-011098.jpg","images/9201-9300/RE-011098.jpg","YJPJVS9N__5747 - Light Cult Crypto Club.JPG","E:\Zotero-organized-export\JPG-JPEG\Light Cult NFTs\YJPJVS9N__5747 - Light Cult Crypto Club.JPG","D:\github\ron-english-light-cult-9001-10000\images\9201-9300\RE-011098.jpg",".JPG",".jpg","69.3"
"RE-011099","Light Cult Crypto Club","9289","ron-english-light-cult-9001-10000","9001-10000","gallery-9201-9300.html","9201-9300","RE-011099.jpg","images/9201-9300/RE-011099.jpg","YJPNZW5Z__8937 - Light Cult Crypto Club.JPG","E:\Zotero-organized-export\JPG-JPEG\Light Cult NFTs\YJPNZW5Z__8937 - Light Cult Crypto Club.JPG","D:\github\ron-english-light-cult-9001-10000\images\9201-9300\RE-011099.jpg",".JPG",".jpg","131.6"
"RE-011100","Light Cult Crypto Club","9290","ron-english-light-cult-9001-10000","9001-10000","gallery-9201-9300.html","9201-9300","RE-011100.jpg","images/9201-9300/RE-011100.jpg","YJRP9WVL__Diapositiva121.JPG","E:\Zotero-organized-export\JPG-JPEG\Light Cult NFTs\YJRP9WVL__Diapositiva121.JPG","D:\github\ron-english-light-cult-9001-10000\images\9201-9300\RE-011100.jpg",".JPG",".jpg","43.7"
"RE-011101","Light Cult Crypto Club","9291","ron-english-light-cult-9001-10000","9001-10000","gallery-9201-9300.html","9201-9300","RE-011101.jpg","images/9201-9300/RE-011101.jpg","YJRQZ4LQ__7459 - Light Cult Crypto Club.JPG","E:\Zotero-organized-export\JPG-JPEG\Light Cult NFTs\YJRQZ4LQ__7459 - Light Cult Crypto Club.JPG","D:\github\ron-english-light-cult-9001-10000\images\9201-9300\RE-011101.jpg",".JPG",".jpg","119.1"
"RE-011102","Light Cult Crypto Club","9292","ron-english-light-cult-9001-10000","9001-10000","gallery-9201-9300.html","9201-9300","RE-011102.jpg","images/9201-9300/RE-011102.jpg","YJS4HYB5__Diapositiva165.JPG","E:\Zotero-organized-export\JPG-JPEG\Light Cult NFTs\YJS4HYB5__Diapositiva165.JPG","D:\github\ron-english-light-cult-9001-10000\images\9201-9300\RE-011102.jpg",".JPG",".jpg","101.7"
"RE-011103","Light Cult Crypto Club","9293","ron-english-light-cult-9001-10000","9001-10000","gallery-9201-9300.html","9201-9300","RE-011103.jpg","images/9201-9300/RE-011103.jpg","YJS8QXKK__Diapositiva788.JPG","E:\Zotero-organized-export\JPG-JPEG\Light Cult NFTs\YJS8QXKK__Diapositiva788.JPG","D:\github\ron-english-light-cult-9001-10000\images\9201-9300\RE-011103.jpg",".JPG",".jpg","81.7"
"RE-011104","Light Cult Crypto Club","9294","ron-english-light-cult-9001-10000","9001-10000","gallery-9201-9300.html","9201-9300","RE-011104.jpg","images/9201-9300/RE-011104.jpg","YJSQ76FP__5693 - Light Cult Crypto Club.JPG","E:\Zotero-organized-export\JPG-JPEG\Light Cult NFTs\YJSQ76FP__5693 - Light Cult Crypto Club.JPG","D:\github\ron-english-light-cult-9001-10000\images\9201-9300\RE-011104.jpg",".JPG",".jpg","80.7"
"RE-011105","Light Cult Crypto Club","9295","ron-english-light-cult-9001-10000","9001-10000","gallery-9201-9300.html","9201-9300","RE-011105.jpg","images/9201-9300/RE-011105.jpg","YJSQXSMI__4214 - Light Cult Crypto Club.JPG","E:\Zotero-organized-export\JPG-JPEG\Light Cult NFTs\YJSQXSMI__4214 - Light Cult Crypto Club.JPG","D:\github\ron-english-light-cult-9001-10000\images\9201-9300\RE-011105.jpg",".JPG",".jpg","127"
"RE-011106","Light Cult Crypto Club","9296","ron-english-light-cult-9001-10000","9001-10000","gallery-9201-9300.html","9201-9300","RE-011106.jpg","images/9201-9300/RE-011106.jpg","YJSUXAAB__3901 - Light Cult Crypto Club.JPG","E:\Zotero-organized-export\JPG-JPEG\Light Cult NFTs\YJSUXAAB__3901 - Light Cult Crypto Club.JPG","D:\github\ron-english-light-cult-9001-10000\images\9201-9300\RE-011106.jpg",".JPG",".jpg","44.2"
"RE-011107","Light Cult Crypto Club","9297","ron-english-light-cult-9001-10000","9001-10000","gallery-9201-9300.html","9201-9300","RE-011107.jpg","images/9201-9300/RE-011107.jpg","YJUJUCEP__9900 - Light Cult Crypto Club.JPG","E:\Zotero-organized-export\JPG-JPEG\Light Cult NFTs\YJUJUCEP__9900 - Light Cult Crypto Club.JPG","D:\github\ron-english-light-cult-9001-10000\images\9201-9300\RE-011107.jpg",".JPG",".jpg","139.7"
"RE-011108","Light Cult Crypto Club","9298","ron-english-light-cult-9001-10000","9001-10000","gallery-9201-9300.html","9201-9300","RE-011108.jpg","images/9201-9300/RE-011108.jpg","YJUP8KGP__4548 - Light Cult Crypto Club.JPG","E:\Zotero-organized-export\JPG-JPEG\Light Cult NFTs\YJUP8KGP__4548 - Light Cult Crypto Club.JPG","D:\github\ron-english-light-cult-9001-10000\images\9201-9300\RE-011108.jpg",".JPG",".jpg","73.2"
"RE-011109","Light Cult Crypto Club","9299","ron-english-light-cult-9001-10000","9001-10000","gallery-9201-9300.html","9201-9300","RE-011109.jpg","images/9201-9300/RE-011109.jpg","YJVGLEB3__5156 - Light Cult Crypto Club.JPG","E:\Zotero-organized-export\JPG-JPEG\Light Cult NFTs\YJVGLEB3__5156 - Light Cult Crypto Club.JPG","D:\github\ron-english-light-cult-9001-10000\images\9201-9300\RE-011109.jpg",".JPG",".jpg","144.1"
"RE-011110","Light Cult Crypto Club","9300","ron-english-light-cult-9001-10000","9001-10000","gallery-9201-9300.html","9201-9300","RE-011110.jpg","images/9201-9300/RE-011110.jpg","YJVZUU67__7790 - Light Cult Crypto Club.JPG","E:\Zotero-organized-export\JPG-JPEG\Light Cult NFTs\YJVZUU67__7790 - Light Cult Crypto Club.JPG","D:\github\ron-english-light-cult-9001-10000\images\9201-9300\RE-011110.jpg",".JPG",".jpg","73.4"
"RE-011111","Light Cult Crypto Club","9301","ron-english-light-cult-9001-10000","9001-10000","gallery-9301-9400.html","9301-9400","RE-011111.jpg","images/9301-9400/RE-011111.jpg","YJZFCS5R__4788 - Light Cult Crypto Club.JPG","E:\Zotero-organized-export\JPG-JPEG\Light Cult NFTs\YJZFCS5R__4788 - Light Cult Crypto Club.JPG","D:\github\ron-english-light-cult-9001-10000\images\9301-9400\RE-011111.jpg",".JPG",".jpg","27.7"
"RE-011112","Light Cult Crypto Club","9302","ron-english-light-cult-9001-10000","9001-10000","gallery-9301-9400.html","9301-9400","RE-011112.jpg","images/9301-9400/RE-011112.jpg","YK27CB5T__Diapositiva994.JPG","E:\Zotero-organized-export\JPG-JPEG\Light Cult NFTs\YK27CB5T__Diapositiva994.JPG","D:\github\ron-english-light-cult-9001-10000\images\9301-9400\RE-011112.jpg",".JPG",".jpg","30.7"
"RE-011113","Light Cult Crypto Club","9303","ron-english-light-cult-9001-10000","9001-10000","gallery-9301-9400.html","9301-9400","RE-011113.jpg","images/9301-9400/RE-011113.jpg","YK4WBQ7L__3620 - Light Cult Crypto Club.JPG","E:\Zotero-organized-export\JPG-JPEG\Light Cult NFTs\YK4WBQ7L__3620 - Light Cult Crypto Club.JPG","D:\github\ron-english-light-cult-9001-10000\images\9301-9400\RE-011113.jpg",".JPG",".jpg","119.5"
"RE-011114","Light Cult Crypto Club","9304","ron-english-light-cult-9001-10000","9001-10000","gallery-9301-9400.html","9301-9400","RE-011114.jpg","images/9301-9400/RE-011114.jpg","YK5IU8W8__3314 - Light Cult Crypto Club.JPG","E:\Zotero-organized-export\JPG-JPEG\Light Cult NFTs\YK5IU8W8__3314 - Light Cult Crypto Club.JPG","D:\github\ron-english-light-cult-9001-10000\images\9301-9400\RE-011114.jpg",".JPG",".jpg","80.2"
"RE-011115","Light Cult Crypto Club","9305","ron-english-light-cult-9001-10000","9001-10000","gallery-9301-9400.html","9301-9400","RE-011115.jpg","images/9301-9400/RE-011115.jpg","YKB8CR57__Diapositiva480.JPG","E:\Zotero-organized-export\JPG-JPEG\Light Cult NFTs\YKB8CR57__Diapositiva480.JPG","D:\github\ron-english-light-cult-9001-10000\images\9301-9400\RE-011115.jpg",".JPG",".jpg","81.7"
"RE-011116","Light Cult Crypto Club","9306","ron-english-light-cult-9001-10000","9001-10000","gallery-9301-9400.html","9301-9400","RE-011116.jpg","images/9301-9400/RE-011116.jpg","YKE8KYNQ__5599 - Light Cult Crypto Club.JPG","E:\Zotero-organized-export\JPG-JPEG\Light Cult NFTs\YKE8KYNQ__5599 - Light Cult Crypto Club.JPG","D:\github\ron-english-light-cult-9001-10000\images\9301-9400\RE-011116.jpg",".JPG",".jpg","140.3"
"RE-011117","Light Cult Crypto Club","9307","ron-english-light-cult-9001-10000","9001-10000","gallery-9301-9400.html","9301-9400","RE-011117.jpg","images/9301-9400/RE-011117.jpg","YKEPCAWG__8135 - Light Cult Crypto Club.JPG","E:\Zotero-organized-export\JPG-JPEG\Light Cult NFTs\YKEPCAWG__8135 - Light Cult Crypto Club.JPG","D:\github\ron-english-light-cult-9001-10000\images\9301-9400\RE-011117.jpg",".JPG",".jpg","103.3"
"RE-011118","Light Cult Crypto Club","9308","ron-english-light-cult-9001-10000","9001-10000","gallery-9301-9400.html","9301-9400","RE-011118.jpg","images/9301-9400/RE-011118.jpg","YKI59NDR__4672 - Light Cult Crypto Club.JPG","E:\Zotero-organized-export\JPG-JPEG\Light Cult NFTs\YKI59NDR__4672 - Light Cult Crypto Club.JPG","D:\github\ron-english-light-cult-9001-10000\images\9301-9400\RE-011118.jpg",".JPG",".jpg","44"
"RE-011119","Light Cult Crypto Club","9309","ron-english-light-cult-9001-10000","9001-10000","gallery-9301-9400.html","9301-9400","RE-011119.jpg","images/9301-9400/RE-011119.jpg","YKIILRM3__8521 - Light Cult Crypto Club.JPG","E:\Zotero-organized-export\JPG-JPEG\Light Cult NFTs\YKIILRM3__8521 - Light Cult Crypto Club.JPG","D:\github\ron-english-light-cult-9001-10000\images\9301-9400\RE-011119.jpg",".JPG",".jpg","56.2"
"RE-011120","Light Cult Crypto Club","9310","ron-english-light-cult-9001-10000","9001-10000","gallery-9301-9400.html","9301-9400","RE-011120.jpg","images/9301-9400/RE-011120.jpg","YKKLV92X__4484 - Light Cult Crypto Club.JPG","E:\Zotero-organized-export\JPG-JPEG\Light Cult NFTs\YKKLV92X__4484 - Light Cult Crypto Club.JPG","D:\github\ron-english-light-cult-9001-10000\images\9301-9400\RE-011120.jpg",".JPG",".jpg","73.4"
"RE-011121","Light Cult Crypto Club","9311","ron-english-light-cult-9001-10000","9001-10000","gallery-9301-9400.html","9301-9400","RE-011121.jpg","images/9301-9400/RE-011121.jpg","YKNNLI78__3861 - Light Cult Crypto Club.JPG","E:\Zotero-organized-export\JPG-JPEG\Light Cult NFTs\YKNNLI78__3861 - Light Cult Crypto Club.JPG","D:\github\ron-english-light-cult-9001-10000\images\9301-9400\RE-011121.jpg",".JPG",".jpg","146.4"
"RE-011122","Light Cult Crypto Club","9312","ron-english-light-cult-9001-10000","9001-10000","gallery-9301-9400.html","9301-9400","RE-011122.jpg","images/9301-9400/RE-011122.jpg","YKSB5RIG__6346 - Light Cult Crypto Club.JPG","E:\Zotero-organized-export\JPG-JPEG\Light Cult NFTs\YKSB5RIG__6346 - Light Cult Crypto Club.JPG","D:\github\ron-english-light-cult-9001-10000\images\9301-9400\RE-011122.jpg",".JPG",".jpg","126.8"
"RE-011123","Light Cult Crypto Club","9313","ron-english-light-cult-9001-10000","9001-10000","gallery-9301-9400.html","9301-9400","RE-011123.jpg","images/9301-9400/RE-011123.jpg","YKTEUDL5__7590 - Light Cult Crypto Club.JPG","E:\Zotero-organized-export\JPG-JPEG\Light Cult NFTs\YKTEUDL5__7590 - Light Cult Crypto Club.JPG","D:\github\ron-english-light-cult-9001-10000\images\9301-9400\RE-011123.jpg",".JPG",".jpg","91.8"
"RE-011124","Light Cult Crypto Club","9314","ron-english-light-cult-9001-10000","9001-10000","gallery-9301-9400.html","9301-9400","RE-011124.jpg","images/9301-9400/RE-011124.jpg","YKUE5CFA__3214 - Light Cult Crypto Club.JPG","E:\Zotero-organized-export\JPG-JPEG\Light Cult NFTs\YKUE5CFA__3214 - Light Cult Crypto Club.JPG","D:\github\ron-english-light-cult-9001-10000\images\9301-9400\RE-011124.jpg",".JPG",".jpg","102.3"
"RE-011125","Light Cult Crypto Club","9315","ron-english-light-cult-9001-10000","9001-10000","gallery-9301-9400.html","9301-9400","RE-011125.jpg","images/9301-9400/RE-011125.jpg","YKVIPFZ4__Diapositiva477.JPG","E:\Zotero-organized-export\JPG-JPEG\Light Cult NFTs\YKVIPFZ4__Diapositiva477.JPG","D:\github\ron-english-light-cult-9001-10000\images\9301-9400\RE-011125.jpg",".JPG",".jpg","112.5"
"RE-011126","Light Cult Crypto Club","9316","ron-english-light-cult-9001-10000","9001-10000","gallery-9301-9400.html","9301-9400","RE-011126.jpg","images/9301-9400/RE-011126.jpg","YL2VH98Q__3112 - Light Cult Crypto Club.JPG","E:\Zotero-organized-export\JPG-JPEG\Light Cult NFTs\YL2VH98Q__3112 - Light Cult Crypto Club.JPG","D:\github\ron-english-light-cult-9001-10000\images\9301-9400\RE-011126.jpg",".JPG",".jpg","127"
"RE-011127","Light Cult Crypto Club","9317","ron-english-light-cult-9001-10000","9001-10000","gallery-9301-9400.html","9301-9400","RE-011127.jpg","images/9301-9400/RE-011127.jpg","YL58WYX3__6925 - Light Cult Crypto Club.JPG","E:\Zotero-organized-export\JPG-JPEG\Light Cult NFTs\YL58WYX3__6925 - Light Cult Crypto Club.JPG","D:\github\ron-english-light-cult-9001-10000\images\9301-9400\RE-011127.jpg",".JPG",".jpg","78.2"
"RE-011128","Light Cult Crypto Club","9318","ron-english-light-cult-9001-10000","9001-10000","gallery-9301-9400.html","9301-9400","RE-011128.jpg","images/9301-9400/RE-011128.jpg","YL7LYCA4__5657 - Light Cult Crypto Club.JPG","E:\Zotero-organized-export\JPG-JPEG\Light Cult NFTs\YL7LYCA4__5657 - Light Cult Crypto Club.JPG","D:\github\ron-english-light-cult-9001-10000\images\9301-9400\RE-011128.jpg",".JPG",".jpg","112.9"
"RE-011129","Light Cult Crypto Club","9319","ron-english-light-cult-9001-10000","9001-10000","gallery-9301-9400.html","9301-9400","RE-011129.jpg","images/9301-9400/RE-011129.jpg","YL7N44F5__8513 - Light Cult Crypto Club.JPG","E:\Zotero-organized-export\JPG-JPEG\Light Cult NFTs\YL7N44F5__8513 - Light Cult Crypto Club.JPG","D:\github\ron-english-light-cult-9001-10000\images\9301-9400\RE-011129.jpg",".JPG",".jpg","125.9"
"RE-011130","Light Cult Crypto Club","9320","ron-english-light-cult-9001-10000","9001-10000","gallery-9301-9400.html","9301-9400","RE-011130.jpg","images/9301-9400/RE-011130.jpg","YL7WG86U__5907 - Light Cult Crypto Club.JPG","E:\Zotero-organized-export\JPG-JPEG\Light Cult NFTs\YL7WG86U__5907 - Light Cult Crypto Club.JPG","D:\github\ron-english-light-cult-9001-10000\images\9301-9400\RE-011130.jpg",".JPG",".jpg","123.8"
"RE-011131","Light Cult Crypto Club","9321","ron-english-light-cult-9001-10000","9001-10000","gallery-9301-9400.html","9301-9400","RE-011131.jpg","images/9301-9400/RE-011131.jpg","YLB788WX__6253 - Light Cult Crypto Club.JPG","E:\Zotero-organized-export\JPG-JPEG\Light Cult NFTs\YLB788WX__6253 - Light Cult Crypto Club.JPG","D:\github\ron-english-light-cult-9001-10000\images\9301-9400\RE-011131.jpg",".JPG",".jpg","78.3"
"RE-011132","Light Cult Crypto Club","9322","ron-english-light-cult-9001-10000","9001-10000","gallery-9301-9400.html","9301-9400","RE-011132.jpg","images/9301-9400/RE-011132.jpg","YLBAJBFK__9662 - Light Cult Crypto Club.JPG","E:\Zotero-organized-export\JPG-JPEG\Light Cult NFTs\YLBAJBFK__9662 - Light Cult Crypto Club.JPG","D:\github\ron-english-light-cult-9001-10000\images\9301-9400\RE-011132.jpg",".JPG",".jpg","73.6"
"RE-011133","Light Cult Crypto Club","9323","ron-english-light-cult-9001-10000","9001-10000","gallery-9301-9400.html","9301-9400","RE-011133.jpg","images/9301-9400/RE-011133.jpg","YLBG88CL__5009 - Light Cult Crypto Club.JPG","E:\Zotero-organized-export\JPG-JPEG\Light Cult NFTs\YLBG88CL__5009 - Light Cult Crypto Club.JPG","D:\github\ron-english-light-cult-9001-10000\images\9301-9400\RE-011133.jpg",".JPG",".jpg","79.4"
"RE-011134","Light Cult Crypto Club","9324","ron-english-light-cult-9001-10000","9001-10000","gallery-9301-9400.html","9301-9400","RE-011134.jpg","images/9301-9400/RE-011134.jpg","YLD38CKQ__7585 - Light Cult Crypto Club.JPG","E:\Zotero-organized-export\JPG-JPEG\Light Cult NFTs\YLD38CKQ__7585 - Light Cult Crypto Club.JPG","D:\github\ron-english-light-cult-9001-10000\images\9301-9400\RE-011134.jpg",".JPG",".jpg","137.5"
"RE-011135","Light Cult Crypto Club","9325","ron-english-light-cult-9001-10000","9001-10000","gallery-9301-9400.html","9301-9400","RE-011135.jpg","images/9301-9400/RE-011135.jpg","YLDUVDAX__9524 - Light Cult Crypto Club.JPG","E:\Zotero-organized-export\JPG-JPEG\Light Cult NFTs\YLDUVDAX__9524 - Light Cult Crypto Club.JPG","D:\github\ron-english-light-cult-9001-10000\images\9301-9400\RE-011135.jpg",".JPG",".jpg","95"
"RE-011136","Light Cult Crypto Club","9326","ron-english-light-cult-9001-10000","9001-10000","gallery-9301-9400.html","9301-9400","RE-011136.jpg","images/9301-9400/RE-011136.jpg","YLEAX29W__Diapositiva114.JPG","E:\Zotero-organized-export\JPG-JPEG\Light Cult NFTs\YLEAX29W__Diapositiva114.JPG","D:\github\ron-english-light-cult-9001-10000\images\9301-9400\RE-011136.jpg",".JPG",".jpg","128.1"
"RE-011137","Light Cult Crypto Club","9327","ron-english-light-cult-9001-10000","9001-10000","gallery-9301-9400.html","9301-9400","RE-011137.jpg","images/9301-9400/RE-011137.jpg","YLESN9W9__4097 - Light Cult Crypto Club.JPG","E:\Zotero-organized-export\JPG-JPEG\Light Cult NFTs\YLESN9W9__4097 - Light Cult Crypto Club.JPG","D:\github\ron-english-light-cult-9001-10000\images\9301-9400\RE-011137.jpg",".JPG",".jpg","79"
"RE-011138","Light Cult Crypto Club","9328","ron-english-light-cult-9001-10000","9001-10000","gallery-9301-9400.html","9301-9400","RE-011138.jpg","images/9301-9400/RE-011138.jpg","YLGP3WUZ__9216 - Light Cult Crypto Club.JPG","E:\Zotero-organized-export\JPG-JPEG\Light Cult NFTs\YLGP3WUZ__9216 - Light Cult Crypto Club.JPG","D:\github\ron-english-light-cult-9001-10000\images\9301-9400\RE-011138.jpg",".JPG",".jpg","146.7"
"RE-011139","Light Cult Crypto Club","9329","ron-english-light-cult-9001-10000","9001-10000","gallery-9301-9400.html","9301-9400","RE-011139.jpg","images/9301-9400/RE-011139.jpg","YLPBF9DG__4529 - Light Cult Crypto Club.JPG","E:\Zotero-organized-export\JPG-JPEG\Light Cult NFTs\YLPBF9DG__4529 - Light Cult Crypto Club.JPG","D:\github\ron-english-light-cult-9001-10000\images\9301-9400\RE-011139.jpg",".JPG",".jpg","115.7"
"RE-011140","Light Cult Crypto Club","9330","ron-english-light-cult-9001-10000","9001-10000","gallery-9301-9400.html","9301-9400","RE-011140.jpg","images/9301-9400/RE-011140.jpg","YLQ35ZGE__9689 - Light Cult Crypto Club.JPG","E:\Zotero-organized-export\JPG-JPEG\Light Cult NFTs\YLQ35ZGE__9689 - Light Cult Crypto Club.JPG","D:\github\ron-english-light-cult-9001-10000\images\9301-9400\RE-011140.jpg",".JPG",".jpg","123.3"
"RE-011141","Light Cult Crypto Club","9331","ron-english-light-cult-9001-10000","9001-10000","gallery-9301-9400.html","9301-9400","RE-011141.jpg","images/9301-9400/RE-011141.jpg","YM2R72X5__Diapositiva828.JPG","E:\Zotero-organized-export\JPG-JPEG\Light Cult NFTs\YM2R72X5__Diapositiva828.JPG","D:\github\ron-english-light-cult-9001-10000\images\9301-9400\RE-011141.jpg",".JPG",".jpg","78.6"
"RE-011142","Light Cult Crypto Club","9332","ron-english-light-cult-9001-10000","9001-10000","gallery-9301-9400.html","9301-9400","RE-011142.jpg","images/9301-9400/RE-011142.jpg","YM7KMTPR__5213 - Light Cult Crypto Club.JPG","E:\Zotero-organized-export\JPG-JPEG\Light Cult NFTs\YM7KMTPR__5213 - Light Cult Crypto Club.JPG","D:\github\ron-english-light-cult-9001-10000\images\9301-9400\RE-011142.jpg",".JPG",".jpg","153.1"
"RE-011143","Light Cult Crypto Club","9333","ron-english-light-cult-9001-10000","9001-10000","gallery-9301-9400.html","9301-9400","RE-011143.jpg","images/9301-9400/RE-011143.jpg","YMAN5VL9__3874 - Light Cult Crypto Club.JPG","E:\Zotero-organized-export\JPG-JPEG\Light Cult NFTs\YMAN5VL9__3874 - Light Cult Crypto Club.JPG","D:\github\ron-english-light-cult-9001-10000\images\9301-9400\RE-011143.jpg",".JPG",".jpg","98.1"
"RE-011144","Light Cult Crypto Club","9334","ron-english-light-cult-9001-10000","9001-10000","gallery-9301-9400.html","9301-9400","RE-011144.jpg","images/9301-9400/RE-011144.jpg","YMB9KUT2__8093 - Light Cult Crypto Club.JPG","E:\Zotero-organized-export\JPG-JPEG\Light Cult NFTs\YMB9KUT2__8093 - Light Cult Crypto Club.JPG","D:\github\ron-english-light-cult-9001-10000\images\9301-9400\RE-011144.jpg",".JPG",".jpg","138.4"
"RE-011145","Light Cult Crypto Club","9335","ron-english-light-cult-9001-10000","9001-10000","gallery-9301-9400.html","9301-9400","RE-011145.jpg","images/9301-9400/RE-011145.jpg","YMFKI52P__Diapositiva332.JPG","E:\Zotero-organized-export\JPG-JPEG\Light Cult NFTs\YMFKI52P__Diapositiva332.JPG","D:\github\ron-english-light-cult-9001-10000\images\9301-9400\RE-011145.jpg",".JPG",".jpg","135.3"
"RE-011146","Light Cult Crypto Club","9336","ron-english-light-cult-9001-10000","9001-10000","gallery-9301-9400.html","9301-9400","RE-011146.jpg","images/9301-9400/RE-011146.jpg","YMGNIIQD__9516 - Light Cult Crypto Club.JPG","E:\Zotero-organized-export\JPG-JPEG\Light Cult NFTs\YMGNIIQD__9516 - Light Cult Crypto Club.JPG","D:\github\ron-english-light-cult-9001-10000\images\9301-9400\RE-011146.jpg",".JPG",".jpg","116.5"
"RE-011147","Light Cult Crypto Club","9337","ron-english-light-cult-9001-10000","9001-10000","gallery-9301-9400.html","9301-9400","RE-011147.jpg","images/9301-9400/RE-011147.jpg","YMJY7V3C__5559 - Light Cult Crypto Club.JPG","E:\Zotero-organized-export\JPG-JPEG\Light Cult NFTs\YMJY7V3C__5559 - Light Cult Crypto Club.JPG","D:\github\ron-english-light-cult-9001-10000\images\9301-9400\RE-011147.jpg",".JPG",".jpg","34.3"
"RE-011148","Light Cult Crypto Club","9338","ron-english-light-cult-9001-10000","9001-10000","gallery-9301-9400.html","9301-9400","RE-011148.jpg","images/9301-9400/RE-011148.jpg","YML56YSA__4975 - Light Cult Crypto Club.JPG","E:\Zotero-organized-export\JPG-JPEG\Light Cult NFTs\YML56YSA__4975 - Light Cult Crypto Club.JPG","D:\github\ron-english-light-cult-9001-10000\images\9301-9400\RE-011148.jpg",".JPG",".jpg","126.8"
"RE-011149","Light Cult Crypto Club","9339","ron-english-light-cult-9001-10000","9001-10000","gallery-9301-9400.html","9301-9400","RE-011149.jpg","images/9301-9400/RE-011149.jpg","YMMKMPZ2__Diapositiva22.JPG","E:\Zotero-organized-export\JPG-JPEG\Light Cult NFTs\YMMKMPZ2__Diapositiva22.JPG","D:\github\ron-english-light-cult-9001-10000\images\9301-9400\RE-011149.jpg",".JPG",".jpg","51"
"RE-011150","Light Cult Crypto Club","9340","ron-english-light-cult-9001-10000","9001-10000","gallery-9301-9400.html","9301-9400","RE-011150.jpg","images/9301-9400/RE-011150.jpg","YMNZ8GGN__9245 - Light Cult Crypto Club.JPG","E:\Zotero-organized-export\JPG-JPEG\Light Cult NFTs\YMNZ8GGN__9245 - Light Cult Crypto Club.JPG","D:\github\ron-english-light-cult-9001-10000\images\9301-9400\RE-011150.jpg",".JPG",".jpg","120"
"RE-011151","Light Cult Crypto Club","9341","ron-english-light-cult-9001-10000","9001-10000","gallery-9301-9400.html","9301-9400","RE-011151.jpg","images/9301-9400/RE-011151.jpg","YMPVRZ68__9997 - Light Cult Crypto Club.JPG","E:\Zotero-organized-export\JPG-JPEG\Light Cult NFTs\YMPVRZ68__9997 - Light Cult Crypto Club.JPG","D:\github\ron-english-light-cult-9001-10000\images\9301-9400\RE-011151.jpg",".JPG",".jpg","96.4"
"RE-011152","Light Cult Crypto Club","9342","ron-english-light-cult-9001-10000","9001-10000","gallery-9301-9400.html","9301-9400","RE-011152.jpg","images/9301-9400/RE-011152.jpg","YN227A5J__9928 - Light Cult Crypto Club.JPG","E:\Zotero-organized-export\JPG-JPEG\Light Cult NFTs\YN227A5J__9928 - Light Cult Crypto Club.JPG","D:\github\ron-english-light-cult-9001-10000\images\9301-9400\RE-011152.jpg",".JPG",".jpg","49.6"
"RE-011153","Light Cult Crypto Club","9343","ron-english-light-cult-9001-10000","9001-10000","gallery-9301-9400.html","9301-9400","RE-011153.jpg","images/9301-9400/RE-011153.jpg","YN4HP97T__7163 - Light Cult Crypto Club.JPG","E:\Zotero-organized-export\JPG-JPEG\Light Cult NFTs\YN4HP97T__7163 - Light Cult Crypto Club.JPG","D:\github\ron-english-light-cult-9001-10000\images\9301-9400\RE-011153.jpg",".JPG",".jpg","48.1"
"RE-011154","Light Cult Crypto Club","9344","ron-english-light-cult-9001-10000","9001-10000","gallery-9301-9400.html","9301-9400","RE-011154.jpg","images/9301-9400/RE-011154.jpg","YN7ES3ZJ__8113 - Light Cult Crypto Club.JPG","E:\Zotero-organized-export\JPG-JPEG\Light Cult NFTs\YN7ES3ZJ__8113 - Light Cult Crypto Club.JPG","D:\github\ron-english-light-cult-9001-10000\images\9301-9400\RE-011154.jpg",".JPG",".jpg","124.2"
"RE-011155","Light Cult Crypto Club","9345","ron-english-light-cult-9001-10000","9001-10000","gallery-9301-9400.html","9301-9400","RE-011155.jpg","images/9301-9400/RE-011155.jpg","YN978ACL__6817 - Light Cult Crypto Club.JPG","E:\Zotero-organized-export\JPG-JPEG\Light Cult NFTs\YN978ACL__6817 - Light Cult Crypto Club.JPG","D:\github\ron-english-light-cult-9001-10000\images\9301-9400\RE-011155.jpg",".JPG",".jpg","105.1"
"RE-011156","Light Cult Crypto Club","9346","ron-english-light-cult-9001-10000","9001-10000","gallery-9301-9400.html","9301-9400","RE-011156.jpg","images/9301-9400/RE-011156.jpg","YNF6MD7E__7782 - Light Cult Crypto Club.JPG","E:\Zotero-organized-export\JPG-JPEG\Light Cult NFTs\YNF6MD7E__7782 - Light Cult Crypto Club.JPG","D:\github\ron-english-light-cult-9001-10000\images\9301-9400\RE-011156.jpg",".JPG",".jpg","102.9"
"RE-011157","Light Cult Crypto Club","9347","ron-english-light-cult-9001-10000","9001-10000","gallery-9301-9400.html","9301-9400","RE-011157.jpg","images/9301-9400/RE-011157.jpg","YNHPLAGJ__3174 - Light Cult Crypto Club.JPG","E:\Zotero-organized-export\JPG-JPEG\Light Cult NFTs\YNHPLAGJ__3174 - Light Cult Crypto Club.JPG","D:\github\ron-english-light-cult-9001-10000\images\9301-9400\RE-011157.jpg",".JPG",".jpg","113.3"
"RE-011158","Light Cult Crypto Club","9348","ron-english-light-cult-9001-10000","9001-10000","gallery-9301-9400.html","9301-9400","RE-011158.jpg","images/9301-9400/RE-011158.jpg","YNMADPCN__7837 - Light Cult Crypto Club.JPG","E:\Zotero-organized-export\JPG-JPEG\Light Cult NFTs\YNMADPCN__7837 - Light Cult Crypto Club.JPG","D:\github\ron-english-light-cult-9001-10000\images\9301-9400\RE-011158.jpg",".JPG",".jpg","106.2"
"RE-011159","Light Cult Crypto Club","9349","ron-english-light-cult-9001-10000","9001-10000","gallery-9301-9400.html","9301-9400","RE-011159.jpg","images/9301-9400/RE-011159.jpg","YNP3P25U__7468 - Light Cult Crypto Club.JPG","E:\Zotero-organized-export\JPG-JPEG\Light Cult NFTs\YNP3P25U__7468 - Light Cult Crypto Club.JPG","D:\github\ron-english-light-cult-9001-10000\images\9301-9400\RE-011159.jpg",".JPG",".jpg","38.4"
"RE-011160","Light Cult Crypto Club","9350","ron-english-light-cult-9001-10000","9001-10000","gallery-9301-9400.html","9301-9400","RE-011160.jpg","images/9301-9400/RE-011160.jpg","YNX788GS__5591 - Light Cult Crypto Club.JPG","E:\Zotero-organized-export\JPG-JPEG\Light Cult NFTs\YNX788GS__5591 - Light Cult Crypto Club.JPG","D:\github\ron-english-light-cult-9001-10000\images\9301-9400\RE-011160.jpg",".JPG",".jpg","79.7"
"RE-011161","Light Cult Crypto Club","9351","ron-english-light-cult-9001-10000","9001-10000","gallery-9301-9400.html","9301-9400","RE-011161.jpg","images/9301-9400/RE-011161.jpg","YNY6H8JR__8656 - Light Cult Crypto Club.JPG","E:\Zotero-organized-export\JPG-JPEG\Light Cult NFTs\YNY6H8JR__8656 - Light Cult Crypto Club.JPG","D:\github\ron-english-light-cult-9001-10000\images\9301-9400\RE-011161.jpg",".JPG",".jpg","116.7"
"RE-011162","Light Cult Crypto Club","9352","ron-english-light-cult-9001-10000","9001-10000","gallery-9301-9400.html","9301-9400","RE-011162.jpg","images/9301-9400/RE-011162.jpg","YPCNAN5L__4514 - Light Cult Crypto Club.JPG","E:\Zotero-organized-export\JPG-JPEG\Light Cult NFTs\YPCNAN5L__4514 - Light Cult Crypto Club.JPG","D:\github\ron-english-light-cult-9001-10000\images\9301-9400\RE-011162.jpg",".JPG",".jpg","56.5"
"RE-011163","Light Cult Crypto Club","9353","ron-english-light-cult-9001-10000","9001-10000","gallery-9301-9400.html","9301-9400","RE-011163.jpg","images/9301-9400/RE-011163.jpg","YPEPM8PD__Diapositiva872.JPG","E:\Zotero-organized-export\JPG-JPEG\Light Cult NFTs\YPEPM8PD__Diapositiva872.JPG","D:\github\ron-english-light-cult-9001-10000\images\9301-9400\RE-011163.jpg",".JPG",".jpg","143.9"
"RE-011164","Light Cult Crypto Club","9354","ron-english-light-cult-9001-10000","9001-10000","gallery-9301-9400.html","9301-9400","RE-011164.jpg","images/9301-9400/RE-011164.jpg","YPFGWZ57__5569 - Light Cult Crypto Club.JPG","E:\Zotero-organized-export\JPG-JPEG\Light Cult NFTs\YPFGWZ57__5569 - Light Cult Crypto Club.JPG","D:\github\ron-english-light-cult-9001-10000\images\9301-9400\RE-011164.jpg",".JPG",".jpg","84.9"
"RE-011165","Light Cult Crypto Club","9355","ron-english-light-cult-9001-10000","9001-10000","gallery-9301-9400.html","9301-9400","RE-011165.jpg","images/9301-9400/RE-011165.jpg","YPGHZQ3T__Diapositiva221.JPG","E:\Zotero-organized-export\JPG-JPEG\Light Cult NFTs\YPGHZQ3T__Diapositiva221.JPG","D:\github\ron-english-light-cult-9001-10000\images\9301-9400\RE-011165.jpg",".JPG",".jpg","71.6"
"RE-011166","Light Cult Crypto Club","9356","ron-english-light-cult-9001-10000","9001-10000","gallery-9301-9400.html","9301-9400","RE-011166.jpg","images/9301-9400/RE-011166.jpg","YPJFSLGA__8535 - Light Cult Crypto Club.JPG","E:\Zotero-organized-export\JPG-JPEG\Light Cult NFTs\YPJFSLGA__8535 - Light Cult Crypto Club.JPG","D:\github\ron-english-light-cult-9001-10000\images\9301-9400\RE-011166.jpg",".JPG",".jpg","57.5"
"RE-011167","Light Cult Crypto Club","9357","ron-english-light-cult-9001-10000","9001-10000","gallery-9301-9400.html","9301-9400","RE-011167.jpg","images/9301-9400/RE-011167.jpg","YPQCKX6B__9878 - Light Cult Crypto Club.JPG","E:\Zotero-organized-export\JPG-JPEG\Light Cult NFTs\YPQCKX6B__9878 - Light Cult Crypto Club.JPG","D:\github\ron-english-light-cult-9001-10000\images\9301-9400\RE-011167.jpg",".JPG",".jpg","49.2"
"RE-011168","Light Cult Crypto Club","9358","ron-english-light-cult-9001-10000","9001-10000","gallery-9301-9400.html","9301-9400","RE-011168.jpg","images/9301-9400/RE-011168.jpg","YPT5FWI3__6363 - Light Cult Crypto Club.JPG","E:\Zotero-organized-export\JPG-JPEG\Light Cult NFTs\YPT5FWI3__6363 - Light Cult Crypto Club.JPG","D:\github\ron-english-light-cult-9001-10000\images\9301-9400\RE-011168.jpg",".JPG",".jpg","122.3"
"RE-011169","Light Cult Crypto Club","9359","ron-english-light-cult-9001-10000","9001-10000","gallery-9301-9400.html","9301-9400","RE-011169.jpg","images/9301-9400/RE-011169.jpg","YPVMEBBC__Diapositiva307.JPG","E:\Zotero-organized-export\JPG-JPEG\Light Cult NFTs\YPVMEBBC__Diapositiva307.JPG","D:\github\ron-english-light-cult-9001-10000\images\9301-9400\RE-011169.jpg",".JPG",".jpg","88.8"
"RE-011170","Light Cult Crypto Club","9360","ron-english-light-cult-9001-10000","9001-10000","gallery-9301-9400.html","9301-9400","RE-011170.jpg","images/9301-9400/RE-011170.jpg","YPZKHDRD__Diapositiva476.JPG","E:\Zotero-organized-export\JPG-JPEG\Light Cult NFTs\YPZKHDRD__Diapositiva476.JPG","D:\github\ron-english-light-cult-9001-10000\images\9301-9400\RE-011170.jpg",".JPG",".jpg","150.2"
"RE-011171","Light Cult Crypto Club","9361","ron-english-light-cult-9001-10000","9001-10000","gallery-9301-9400.html","9301-9400","RE-011171.jpg","images/9301-9400/RE-011171.jpg","YQ6L4IBN__3007 - Light Cult Crypto Club.JPG","E:\Zotero-organized-export\JPG-JPEG\Light Cult NFTs\YQ6L4IBN__3007 - Light Cult Crypto Club.JPG","D:\github\ron-english-light-cult-9001-10000\images\9301-9400\RE-011171.jpg",".JPG",".jpg","121.8"
"RE-011172","Light Cult Crypto Club","9362","ron-english-light-cult-9001-10000","9001-10000","gallery-9301-9400.html","9301-9400","RE-011172.jpg","images/9301-9400/RE-011172.jpg","YQENUY5F__9259 - Light Cult Crypto Club.JPG","E:\Zotero-organized-export\JPG-JPEG\Light Cult NFTs\YQENUY5F__9259 - Light Cult Crypto Club.JPG","D:\github\ron-english-light-cult-9001-10000\images\9301-9400\RE-011172.jpg",".JPG",".jpg","127.7"
"RE-011173","Light Cult Crypto Club","9363","ron-english-light-cult-9001-10000","9001-10000","gallery-9301-9400.html","9301-9400","RE-011173.jpg","images/9301-9400/RE-011173.jpg","YQFGI7TZ__Diapositiva499.JPG","E:\Zotero-organized-export\JPG-JPEG\Light Cult NFTs\YQFGI7TZ__Diapositiva499.JPG","D:\github\ron-english-light-cult-9001-10000\images\9301-9400\RE-011173.jpg",".JPG",".jpg","80.5"
"RE-011174","Light Cult Crypto Club","9364","ron-english-light-cult-9001-10000","9001-10000","gallery-9301-9400.html","9301-9400","RE-011174.jpg","images/9301-9400/RE-011174.jpg","YQMPTCY8__8283 - Light Cult Crypto Club.JPG","E:\Zotero-organized-export\JPG-JPEG\Light Cult NFTs\YQMPTCY8__8283 - Light Cult Crypto Club.JPG","D:\github\ron-english-light-cult-9001-10000\images\9301-9400\RE-011174.jpg",".JPG",".jpg","65.5"
"RE-011175","Light Cult Crypto Club","9365","ron-english-light-cult-9001-10000","9001-10000","gallery-9301-9400.html","9301-9400","RE-011175.jpg","images/9301-9400/RE-011175.jpg","YQNKCJU3__3297 - Light Cult Crypto Club.JPG","E:\Zotero-organized-export\JPG-JPEG\Light Cult NFTs\YQNKCJU3__3297 - Light Cult Crypto Club.JPG","D:\github\ron-english-light-cult-9001-10000\images\9301-9400\RE-011175.jpg",".JPG",".jpg","90.1"
"RE-011176","Light Cult Crypto Club","9366","ron-english-light-cult-9001-10000","9001-10000","gallery-9301-9400.html","9301-9400","RE-011176.jpg","images/9301-9400/RE-011176.jpg","YQSE3USG__7938 - Light Cult Crypto Club.JPG","E:\Zotero-organized-export\JPG-JPEG\Light Cult NFTs\YQSE3USG__7938 - Light Cult Crypto Club.JPG","D:\github\ron-english-light-cult-9001-10000\images\9301-9400\RE-011176.jpg",".JPG",".jpg","120.9"
"RE-011177","Light Cult Crypto Club","9367","ron-english-light-cult-9001-10000","9001-10000","gallery-9301-9400.html","9301-9400","RE-011177.jpg","images/9301-9400/RE-011177.jpg","YQTETRNT__3558 - Light Cult Crypto Club.JPG","E:\Zotero-organized-export\JPG-JPEG\Light Cult NFTs\YQTETRNT__3558 - Light Cult Crypto Club.JPG","D:\github\ron-english-light-cult-9001-10000\images\9301-9400\RE-011177.jpg",".JPG",".jpg","120.9"
"RE-011178","Light Cult Crypto Club","9368","ron-english-light-cult-9001-10000","9001-10000","gallery-9301-9400.html","9301-9400","RE-011178.jpg","images/9301-9400/RE-011178.jpg","YQUY2JUB__Diapositiva30.JPG","E:\Zotero-organized-export\JPG-JPEG\Light Cult NFTs\YQUY2JUB__Diapositiva30.JPG","D:\github\ron-english-light-cult-9001-10000\images\9301-9400\RE-011178.jpg",".JPG",".jpg","69.1"
"RE-011179","Light Cult Crypto Club","9369","ron-english-light-cult-9001-10000","9001-10000","gallery-9301-9400.html","9301-9400","RE-011179.jpg","images/9301-9400/RE-011179.jpg","YR7V3MWS__9281 - Light Cult Crypto Club.JPG","E:\Zotero-organized-export\JPG-JPEG\Light Cult NFTs\YR7V3MWS__9281 - Light Cult Crypto Club.JPG","D:\github\ron-english-light-cult-9001-10000\images\9301-9400\RE-011179.jpg",".JPG",".jpg","127.4"
"RE-011180","Light Cult Crypto Club","9370","ron-english-light-cult-9001-10000","9001-10000","gallery-9301-9400.html","9301-9400","RE-011180.jpg","images/9301-9400/RE-011180.jpg","YRAFSMZA__6872 - Light Cult Crypto Club.JPG","E:\Zotero-organized-export\JPG-JPEG\Light Cult NFTs\YRAFSMZA__6872 - Light Cult Crypto Club.JPG","D:\github\ron-english-light-cult-9001-10000\images\9301-9400\RE-011180.jpg",".JPG",".jpg","53.3"
"RE-011181","Light Cult Crypto Club","9371","ron-english-light-cult-9001-10000","9001-10000","gallery-9301-9400.html","9301-9400","RE-011181.jpg","images/9301-9400/RE-011181.jpg","YRHX4F3W__Diapositiva231.JPG","E:\Zotero-organized-export\JPG-JPEG\Light Cult NFTs\YRHX4F3W__Diapositiva231.JPG","D:\github\ron-english-light-cult-9001-10000\images\9301-9400\RE-011181.jpg",".JPG",".jpg","115.4"
"RE-011182","Light Cult Crypto Club","9372","ron-english-light-cult-9001-10000","9001-10000","gallery-9301-9400.html","9301-9400","RE-011182.jpg","images/9301-9400/RE-011182.jpg","YRLXAEVJ__Diapositiva549.JPG","E:\Zotero-organized-export\JPG-JPEG\Light Cult NFTs\YRLXAEVJ__Diapositiva549.JPG","D:\github\ron-english-light-cult-9001-10000\images\9301-9400\RE-011182.jpg",".JPG",".jpg","56.3"
"RE-011183","Light Cult Crypto Club","9373","ron-english-light-cult-9001-10000","9001-10000","gallery-9301-9400.html","9301-9400","RE-011183.jpg","images/9301-9400/RE-011183.jpg","YRN4GZS7__Diapositiva438.JPG","E:\Zotero-organized-export\JPG-JPEG\Light Cult NFTs\YRN4GZS7__Diapositiva438.JPG","D:\github\ron-english-light-cult-9001-10000\images\9301-9400\RE-011183.jpg",".JPG",".jpg","68.3"
"RE-011184","Light Cult Crypto Club","9374","ron-english-light-cult-9001-10000","9001-10000","gallery-9301-9400.html","9301-9400","RE-011184.jpg","images/9301-9400/RE-011184.jpg","YRR6EISA__Diapositiva82.JPG","E:\Zotero-organized-export\JPG-JPEG\Light Cult NFTs\YRR6EISA__Diapositiva82.JPG","D:\github\ron-english-light-cult-9001-10000\images\9301-9400\RE-011184.jpg",".JPG",".jpg","118"
"RE-011185","Light Cult Crypto Club","9375","ron-english-light-cult-9001-10000","9001-10000","gallery-9301-9400.html","9301-9400","RE-011185.jpg","images/9301-9400/RE-011185.jpg","YRYMTCF7__4757 - Light Cult Crypto Club.JPG","E:\Zotero-organized-export\JPG-JPEG\Light Cult NFTs\YRYMTCF7__4757 - Light Cult Crypto Club.JPG","D:\github\ron-english-light-cult-9001-10000\images\9301-9400\RE-011185.jpg",".JPG",".jpg","74.2"
"RE-011186","Light Cult Crypto Club","9376","ron-english-light-cult-9001-10000","9001-10000","gallery-9301-9400.html","9301-9400","RE-011186.jpg","images/9301-9400/RE-011186.jpg","YS4P7CSL__3395 - Light Cult Crypto Club.JPG","E:\Zotero-organized-export\JPG-JPEG\Light Cult NFTs\YS4P7CSL__3395 - Light Cult Crypto Club.JPG","D:\github\ron-english-light-cult-9001-10000\images\9301-9400\RE-011186.jpg",".JPG",".jpg","120.6"
"RE-011187","Light Cult Crypto Club","9377","ron-english-light-cult-9001-10000","9001-10000","gallery-9301-9400.html","9301-9400","RE-011187.jpg","images/9301-9400/RE-011187.jpg","YS872HI2__Diapositiva898.JPG","E:\Zotero-organized-export\JPG-JPEG\Light Cult NFTs\YS872HI2__Diapositiva898.JPG","D:\github\ron-english-light-cult-9001-10000\images\9301-9400\RE-011187.jpg",".JPG",".jpg","136.1"
"RE-011188","Light Cult Crypto Club","9378","ron-english-light-cult-9001-10000","9001-10000","gallery-9301-9400.html","9301-9400","RE-011188.jpg","images/9301-9400/RE-011188.jpg","YSLXIM6V__6353 - Light Cult Crypto Club.JPG","E:\Zotero-organized-export\JPG-JPEG\Light Cult NFTs\YSLXIM6V__6353 - Light Cult Crypto Club.JPG","D:\github\ron-english-light-cult-9001-10000\images\9301-9400\RE-011188.jpg",".JPG",".jpg","137.1"
"RE-011189","Light Cult Crypto Club","9379","ron-english-light-cult-9001-10000","9001-10000","gallery-9301-9400.html","9301-9400","RE-011189.jpg","images/9301-9400/RE-011189.jpg","YSMPJ3SR__Diapositiva395.JPG","E:\Zotero-organized-export\JPG-JPEG\Light Cult NFTs\YSMPJ3SR__Diapositiva395.JPG","D:\github\ron-english-light-cult-9001-10000\images\9301-9400\RE-011189.jpg",".JPG",".jpg","50.3"
"RE-011190","Light Cult Crypto Club","9380","ron-english-light-cult-9001-10000","9001-10000","gallery-9301-9400.html","9301-9400","RE-011190.jpg","images/9301-9400/RE-011190.jpg","YSUQNLV2__6049 - Light Cult Crypto Club.JPG","E:\Zotero-organized-export\JPG-JPEG\Light Cult NFTs\YSUQNLV2__6049 - Light Cult Crypto Club.JPG","D:\github\ron-english-light-cult-9001-10000\images\9301-9400\RE-011190.jpg",".JPG",".jpg","151"
"RE-011191","Light Cult Crypto Club","9381","ron-english-light-cult-9001-10000","9001-10000","gallery-9301-9400.html","9301-9400","RE-011191.jpg","images/9301-9400/RE-011191.jpg","YSYFRQGW__3777 - Light Cult Crypto Club.JPG","E:\Zotero-organized-export\JPG-JPEG\Light Cult NFTs\YSYFRQGW__3777 - Light Cult Crypto Club.JPG","D:\github\ron-english-light-cult-9001-10000\images\9301-9400\RE-011191.jpg",".JPG",".jpg","33.4"
"RE-011192","Light Cult Crypto Club","9382","ron-english-light-cult-9001-10000","9001-10000","gallery-9301-9400.html","9301-9400","RE-011192.jpg","images/9301-9400/RE-011192.jpg","YT3FPC7A__6221 - Light Cult Crypto Club.JPG","E:\Zotero-organized-export\JPG-JPEG\Light Cult NFTs\YT3FPC7A__6221 - Light Cult Crypto Club.JPG","D:\github\ron-english-light-cult-9001-10000\images\9301-9400\RE-011192.jpg",".JPG",".jpg","122.6"
"RE-011193","Light Cult Crypto Club","9383","ron-english-light-cult-9001-10000","9001-10000","gallery-9301-9400.html","9301-9400","RE-011193.jpg","images/9301-9400/RE-011193.jpg","YT6Y2K76__Diapositiva732.JPG","E:\Zotero-organized-export\JPG-JPEG\Light Cult NFTs\YT6Y2K76__Diapositiva732.JPG","D:\github\ron-english-light-cult-9001-10000\images\9301-9400\RE-011193.jpg",".JPG",".jpg","71.7"
"RE-011194","Light Cult Crypto Club","9384","ron-english-light-cult-9001-10000","9001-10000","gallery-9301-9400.html","9301-9400","RE-011194.jpg","images/9301-9400/RE-011194.jpg","YT9WD4FC__8360 - Light Cult Crypto Club.JPG","E:\Zotero-organized-export\JPG-JPEG\Light Cult NFTs\YT9WD4FC__8360 - Light Cult Crypto Club.JPG","D:\github\ron-english-light-cult-9001-10000\images\9301-9400\RE-011194.jpg",".JPG",".jpg","74.4"
"RE-011195","Light Cult Crypto Club","9385","ron-english-light-cult-9001-10000","9001-10000","gallery-9301-9400.html","9301-9400","RE-011195.jpg","images/9301-9400/RE-011195.jpg","YTAIA54Z__Diapositiva118.JPG","E:\Zotero-organized-export\JPG-JPEG\Light Cult NFTs\YTAIA54Z__Diapositiva118.JPG","D:\github\ron-english-light-cult-9001-10000\images\9301-9400\RE-011195.jpg",".JPG",".jpg","137.6"
"RE-011196","Light Cult Crypto Club","9386","ron-english-light-cult-9001-10000","9001-10000","gallery-9301-9400.html","9301-9400","RE-011196.jpg","images/9301-9400/RE-011196.jpg","YTCFYJKX__8133 - Light Cult Crypto Club.JPG","E:\Zotero-organized-export\JPG-JPEG\Light Cult NFTs\YTCFYJKX__8133 - Light Cult Crypto Club.JPG","D:\github\ron-english-light-cult-9001-10000\images\9301-9400\RE-011196.jpg",".JPG",".jpg","174"
"RE-011197","Light Cult Crypto Club","9387","ron-english-light-cult-9001-10000","9001-10000","gallery-9301-9400.html","9301-9400","RE-011197.jpg","images/9301-9400/RE-011197.jpg","YTDL7FWI__Diapositiva627.JPG","E:\Zotero-organized-export\JPG-JPEG\Light Cult NFTs\YTDL7FWI__Diapositiva627.JPG","D:\github\ron-english-light-cult-9001-10000\images\9301-9400\RE-011197.jpg",".JPG",".jpg","84.9"
"RE-011198","Light Cult Crypto Club","9388","ron-english-light-cult-9001-10000","9001-10000","gallery-9301-9400.html","9301-9400","RE-011198.jpg","images/9301-9400/RE-011198.jpg","YTGCXJSB__9104 - Light Cult Crypto Club.JPG","E:\Zotero-organized-export\JPG-JPEG\Light Cult NFTs\YTGCXJSB__9104 - Light Cult Crypto Club.JPG","D:\github\ron-english-light-cult-9001-10000\images\9301-9400\RE-011198.jpg",".JPG",".jpg","94.2"
"RE-011199","Light Cult Crypto Club","9389","ron-english-light-cult-9001-10000","9001-10000","gallery-9301-9400.html","9301-9400","RE-011199.jpg","images/9301-9400/RE-011199.jpg","YTUJIBPN__6863 - Light Cult Crypto Club.JPG","E:\Zotero-organized-export\JPG-JPEG\Light Cult NFTs\YTUJIBPN__6863 - Light Cult Crypto Club.JPG","D:\github\ron-english-light-cult-9001-10000\images\9301-9400\RE-011199.jpg",".JPG",".jpg","113.3"
"RE-011200","Light Cult Crypto Club","9390","ron-english-light-cult-9001-10000","9001-10000","gallery-9301-9400.html","9301-9400","RE-011200.jpg","images/9301-9400/RE-011200.jpg","YTYJ3VII__9694 - Light Cult Crypto Club.JPG","E:\Zotero-organized-export\JPG-JPEG\Light Cult NFTs\YTYJ3VII__9694 - Light Cult Crypto Club.JPG","D:\github\ron-english-light-cult-9001-10000\images\9301-9400\RE-011200.jpg",".JPG",".jpg","88.9"
"RE-011201","Light Cult Crypto Club","9391","ron-english-light-cult-9001-10000","9001-10000","gallery-9301-9400.html","9301-9400","RE-011201.jpg","images/9301-9400/RE-011201.jpg","YUQWGFBX__Diapositiva497.JPG","E:\Zotero-organized-export\JPG-JPEG\Light Cult NFTs\YUQWGFBX__Diapositiva497.JPG","D:\github\ron-english-light-cult-9001-10000\images\9301-9400\RE-011201.jpg",".JPG",".jpg","44.1"
"RE-011202","Light Cult Crypto Club","9392","ron-english-light-cult-9001-10000","9001-10000","gallery-9301-9400.html","9301-9400","RE-011202.jpg","images/9301-9400/RE-011202.jpg","YUSBLTU2__5451 - Light Cult Crypto Club.JPG","E:\Zotero-organized-export\JPG-JPEG\Light Cult NFTs\YUSBLTU2__5451 - Light Cult Crypto Club.JPG","D:\github\ron-english-light-cult-9001-10000\images\9301-9400\RE-011202.jpg",".JPG",".jpg","119.2"
"RE-011203","Light Cult Crypto Club","9393","ron-english-light-cult-9001-10000","9001-10000","gallery-9301-9400.html","9301-9400","RE-011203.jpg","images/9301-9400/RE-011203.jpg","YUX92DG2__Diapositiva990.JPG","E:\Zotero-organized-export\JPG-JPEG\Light Cult NFTs\YUX92DG2__Diapositiva990.JPG","D:\github\ron-english-light-cult-9001-10000\images\9301-9400\RE-011203.jpg",".JPG",".jpg","107.3"
"RE-011204","Light Cult Crypto Club","9394","ron-english-light-cult-9001-10000","9001-10000","gallery-9301-9400.html","9301-9400","RE-011204.jpg","images/9301-9400/RE-011204.jpg","YUYWJ9SU__Diapositiva303.JPG","E:\Zotero-organized-export\JPG-JPEG\Light Cult NFTs\YUYWJ9SU__Diapositiva303.JPG","D:\github\ron-english-light-cult-9001-10000\images\9301-9400\RE-011204.jpg",".JPG",".jpg","128.8"
"RE-011205","Light Cult Crypto Club","9395","ron-english-light-cult-9001-10000","9001-10000","gallery-9301-9400.html","9301-9400","RE-011205.jpg","images/9301-9400/RE-011205.jpg","YUZ86J95__7602 - Light Cult Crypto Club.JPG","E:\Zotero-organized-export\JPG-JPEG\Light Cult NFTs\YUZ86J95__7602 - Light Cult Crypto Club.JPG","D:\github\ron-english-light-cult-9001-10000\images\9301-9400\RE-011205.jpg",".JPG",".jpg","141.9"
"RE-011206","Light Cult Crypto Club","9396","ron-english-light-cult-9001-10000","9001-10000","gallery-9301-9400.html","9301-9400","RE-011206.jpg","images/9301-9400/RE-011206.jpg","YUZ9KS6U__7154 - Light Cult Crypto Club.JPG","E:\Zotero-organized-export\JPG-JPEG\Light Cult NFTs\YUZ9KS6U__7154 - Light Cult Crypto Club.JPG","D:\github\ron-english-light-cult-9001-10000\images\9301-9400\RE-011206.jpg",".JPG",".jpg","46"
"RE-011207","Light Cult Crypto Club","9397","ron-english-light-cult-9001-10000","9001-10000","gallery-9301-9400.html","9301-9400","RE-011207.jpg","images/9301-9400/RE-011207.jpg","YVJWXQR3__8428 - Light Cult Crypto Club.JPG","E:\Zotero-organized-export\JPG-JPEG\Light Cult NFTs\YVJWXQR3__8428 - Light Cult Crypto Club.JPG","D:\github\ron-english-light-cult-9001-10000\images\9301-9400\RE-011207.jpg",".JPG",".jpg","61"
"RE-011208","Light Cult Crypto Club","9398","ron-english-light-cult-9001-10000","9001-10000","gallery-9301-9400.html","9301-9400","RE-011208.jpg","images/9301-9400/RE-011208.jpg","YVNC5S97__5008 - Light Cult Crypto Club.JPG","E:\Zotero-organized-export\JPG-JPEG\Light Cult NFTs\YVNC5S97__5008 - Light Cult Crypto Club.JPG","D:\github\ron-english-light-cult-9001-10000\images\9301-9400\RE-011208.jpg",".JPG",".jpg","47.3"
"RE-011209","Light Cult Crypto Club","9399","ron-english-light-cult-9001-10000","9001-10000","gallery-9301-9400.html","9301-9400","RE-011209.jpg","images/9301-9400/RE-011209.jpg","YVTQ7UEE__6336 - Light Cult Crypto Club.JPG","E:\Zotero-organized-export\JPG-JPEG\Light Cult NFTs\YVTQ7UEE__6336 - Light Cult Crypto Club.JPG","D:\github\ron-english-light-cult-9001-10000\images\9301-9400\RE-011209.jpg",".JPG",".jpg","49.5"
"RE-011210","Light Cult Crypto Club","9400","ron-english-light-cult-9001-10000","9001-10000","gallery-9301-9400.html","9301-9400","RE-011210.jpg","images/9301-9400/RE-011210.jpg","YVZS577X__5692 - Light Cult Crypto Club.JPG","E:\Zotero-organized-export\JPG-JPEG\Light Cult NFTs\YVZS577X__5692 - Light Cult Crypto Club.JPG","D:\github\ron-english-light-cult-9001-10000\images\9301-9400\RE-011210.jpg",".JPG",".jpg","111.1"
"RE-011211","Light Cult Crypto Club","9401","ron-english-light-cult-9001-10000","9001-10000","gallery-9401-9500.html","9401-9500","RE-011211.jpg","images/9401-9500/RE-011211.jpg","YW22ZA8N__9105 - Light Cult Crypto Club.JPG","E:\Zotero-organized-export\JPG-JPEG\Light Cult NFTs\YW22ZA8N__9105 - Light Cult Crypto Club.JPG","D:\github\ron-english-light-cult-9001-10000\images\9401-9500\RE-011211.jpg",".JPG",".jpg","108.5"
"RE-011212","Light Cult Crypto Club","9402","ron-english-light-cult-9001-10000","9001-10000","gallery-9401-9500.html","9401-9500","RE-011212.jpg","images/9401-9500/RE-011212.jpg","YW2GHCC8__5748 - Light Cult Crypto Club.JPG","E:\Zotero-organized-export\JPG-JPEG\Light Cult NFTs\YW2GHCC8__5748 - Light Cult Crypto Club.JPG","D:\github\ron-english-light-cult-9001-10000\images\9401-9500\RE-011212.jpg",".JPG",".jpg","106.7"
"RE-011213","Light Cult Crypto Club","9403","ron-english-light-cult-9001-10000","9001-10000","gallery-9401-9500.html","9401-9500","RE-011213.jpg","images/9401-9500/RE-011213.jpg","YW5APAVF__9643 - Light Cult Crypto Club.JPG","E:\Zotero-organized-export\JPG-JPEG\Light Cult NFTs\YW5APAVF__9643 - Light Cult Crypto Club.JPG","D:\github\ron-english-light-cult-9001-10000\images\9401-9500\RE-011213.jpg",".JPG",".jpg","102.9"
"RE-011214","Light Cult Crypto Club","9404","ron-english-light-cult-9001-10000","9001-10000","gallery-9401-9500.html","9401-9500","RE-011214.jpg","images/9401-9500/RE-011214.jpg","YWJCI34I__9941 - Light Cult Crypto Club.JPG","E:\Zotero-organized-export\JPG-JPEG\Light Cult NFTs\YWJCI34I__9941 - Light Cult Crypto Club.JPG","D:\github\ron-english-light-cult-9001-10000\images\9401-9500\RE-011214.jpg",".JPG",".jpg","127.8"
"RE-011215","Light Cult Crypto Club","9405","ron-english-light-cult-9001-10000","9001-10000","gallery-9401-9500.html","9401-9500","RE-011215.jpg","images/9401-9500/RE-011215.jpg","YWJGY99T__3701 - Light Cult Crypto Club.JPG","E:\Zotero-organized-export\JPG-JPEG\Light Cult NFTs\YWJGY99T__3701 - Light Cult Crypto Club.JPG","D:\github\ron-english-light-cult-9001-10000\images\9401-9500\RE-011215.jpg",".JPG",".jpg","122.9"
"RE-011216","Light Cult Crypto Club","9406","ron-english-light-cult-9001-10000","9001-10000","gallery-9401-9500.html","9401-9500","RE-011216.jpg","images/9401-9500/RE-011216.jpg","YWSEG36E__Diapositiva676.JPG","E:\Zotero-organized-export\JPG-JPEG\Light Cult NFTs\YWSEG36E__Diapositiva676.JPG","D:\github\ron-english-light-cult-9001-10000\images\9401-9500\RE-011216.jpg",".JPG",".jpg","68.1"
"RE-011217","Light Cult Crypto Club","9407","ron-english-light-cult-9001-10000","9001-10000","gallery-9401-9500.html","9401-9500","RE-011217.jpg","images/9401-9500/RE-011217.jpg","YWTLE2RU__Diapositiva935.JPG","E:\Zotero-organized-export\JPG-JPEG\Light Cult NFTs\YWTLE2RU__Diapositiva935.JPG","D:\github\ron-english-light-cult-9001-10000\images\9401-9500\RE-011217.jpg",".JPG",".jpg","61.3"
"RE-011218","Light Cult Crypto Club","9408","ron-english-light-cult-9001-10000","9001-10000","gallery-9401-9500.html","9401-9500","RE-011218.jpg","images/9401-9500/RE-011218.jpg","YWUGZMHV__Diapositiva567.JPG","E:\Zotero-organized-export\JPG-JPEG\Light Cult NFTs\YWUGZMHV__Diapositiva567.JPG","D:\github\ron-english-light-cult-9001-10000\images\9401-9500\RE-011218.jpg",".JPG",".jpg","81.9"
"RE-011219","Light Cult Crypto Club","9409","ron-english-light-cult-9001-10000","9001-10000","gallery-9401-9500.html","9401-9500","RE-011219.jpg","images/9401-9500/RE-011219.jpg","YWVANFKK__4925 - Light Cult Crypto Club.JPG","E:\Zotero-organized-export\JPG-JPEG\Light Cult NFTs\YWVANFKK__4925 - Light Cult Crypto Club.JPG","D:\github\ron-english-light-cult-9001-10000\images\9401-9500\RE-011219.jpg",".JPG",".jpg","103.4"
"RE-011220","Light Cult Crypto Club","9410","ron-english-light-cult-9001-10000","9001-10000","gallery-9401-9500.html","9401-9500","RE-011220.jpg","images/9401-9500/RE-011220.jpg","YWVXNE2M__8836 - Light Cult Crypto Club.JPG","E:\Zotero-organized-export\JPG-JPEG\Light Cult NFTs\YWVXNE2M__8836 - Light Cult Crypto Club.JPG","D:\github\ron-english-light-cult-9001-10000\images\9401-9500\RE-011220.jpg",".JPG",".jpg","128.4"
"RE-011221","Light Cult Crypto Club","9411","ron-english-light-cult-9001-10000","9001-10000","gallery-9401-9500.html","9401-9500","RE-011221.jpg","images/9401-9500/RE-011221.jpg","YWZL6UPW__Diapositiva55.JPG","E:\Zotero-organized-export\JPG-JPEG\Light Cult NFTs\YWZL6UPW__Diapositiva55.JPG","D:\github\ron-english-light-cult-9001-10000\images\9401-9500\RE-011221.jpg",".JPG",".jpg","56.1"
"RE-011222","Light Cult Crypto Club","9412","ron-english-light-cult-9001-10000","9001-10000","gallery-9401-9500.html","9401-9500","RE-011222.jpg","images/9401-9500/RE-011222.jpg","YX55QA59__7945 - Light Cult Crypto Club.JPG","E:\Zotero-organized-export\JPG-JPEG\Light Cult NFTs\YX55QA59__7945 - Light Cult Crypto Club.JPG","D:\github\ron-english-light-cult-9001-10000\images\9401-9500\RE-011222.jpg",".JPG",".jpg","90.8"
"RE-011223","Light Cult Crypto Club","9413","ron-english-light-cult-9001-10000","9001-10000","gallery-9401-9500.html","9401-9500","RE-011223.jpg","images/9401-9500/RE-011223.jpg","YX5JPHT5__Diapositiva236.JPG","E:\Zotero-organized-export\JPG-JPEG\Light Cult NFTs\YX5JPHT5__Diapositiva236.JPG","D:\github\ron-english-light-cult-9001-10000\images\9401-9500\RE-011223.jpg",".JPG",".jpg","65.9"
"RE-011224","Light Cult Crypto Club","9414","ron-english-light-cult-9001-10000","9001-10000","gallery-9401-9500.html","9401-9500","RE-011224.jpg","images/9401-9500/RE-011224.jpg","YX5M9DRR__6276 - Light Cult Crypto Club.JPG","E:\Zotero-organized-export\JPG-JPEG\Light Cult NFTs\YX5M9DRR__6276 - Light Cult Crypto Club.JPG","D:\github\ron-english-light-cult-9001-10000\images\9401-9500\RE-011224.jpg",".JPG",".jpg","148.1"
"RE-011225","Light Cult Crypto Club","9415","ron-english-light-cult-9001-10000","9001-10000","gallery-9401-9500.html","9401-9500","RE-011225.jpg","images/9401-9500/RE-011225.jpg","YX7DZUIP__5216 - Light Cult Crypto Club.JPG","E:\Zotero-organized-export\JPG-JPEG\Light Cult NFTs\YX7DZUIP__5216 - Light Cult Crypto Club.JPG","D:\github\ron-english-light-cult-9001-10000\images\9401-9500\RE-011225.jpg",".JPG",".jpg","136.4"
"RE-011226","Light Cult Crypto Club","9416","ron-english-light-cult-9001-10000","9001-10000","gallery-9401-9500.html","9401-9500","RE-011226.jpg","images/9401-9500/RE-011226.jpg","YX9DBFLF__6316 - Light Cult Crypto Club.JPG","E:\Zotero-organized-export\JPG-JPEG\Light Cult NFTs\YX9DBFLF__6316 - Light Cult Crypto Club.JPG","D:\github\ron-english-light-cult-9001-10000\images\9401-9500\RE-011226.jpg",".JPG",".jpg","63.1"
"RE-011227","Light Cult Crypto Club","9417","ron-english-light-cult-9001-10000","9001-10000","gallery-9401-9500.html","9401-9500","RE-011227.jpg","images/9401-9500/RE-011227.jpg","YXF347IH__Diapositiva996.JPG","E:\Zotero-organized-export\JPG-JPEG\Light Cult NFTs\YXF347IH__Diapositiva996.JPG","D:\github\ron-english-light-cult-9001-10000\images\9401-9500\RE-011227.jpg",".JPG",".jpg","64.2"
"RE-011228","Light Cult Crypto Club","9418","ron-english-light-cult-9001-10000","9001-10000","gallery-9401-9500.html","9401-9500","RE-011228.jpg","images/9401-9500/RE-011228.jpg","YXNLWYBK__3119 - Light Cult Crypto Club.JPG","E:\Zotero-organized-export\JPG-JPEG\Light Cult NFTs\YXNLWYBK__3119 - Light Cult Crypto Club.JPG","D:\github\ron-english-light-cult-9001-10000\images\9401-9500\RE-011228.jpg",".JPG",".jpg","50.4"
"RE-011229","Light Cult Crypto Club","9419","ron-english-light-cult-9001-10000","9001-10000","gallery-9401-9500.html","9401-9500","RE-011229.jpg","images/9401-9500/RE-011229.jpg","YXPCBD8J__Diapositiva607.JPG","E:\Zotero-organized-export\JPG-JPEG\Light Cult NFTs\YXPCBD8J__Diapositiva607.JPG","D:\github\ron-english-light-cult-9001-10000\images\9401-9500\RE-011229.jpg",".JPG",".jpg","53.3"
"RE-011230","Light Cult Crypto Club","9420","ron-english-light-cult-9001-10000","9001-10000","gallery-9401-9500.html","9401-9500","RE-011230.jpg","images/9401-9500/RE-011230.jpg","YXS5XMT4__Diapositiva200.JPG","E:\Zotero-organized-export\JPG-JPEG\Light Cult NFTs\YXS5XMT4__Diapositiva200.JPG","D:\github\ron-english-light-cult-9001-10000\images\9401-9500\RE-011230.jpg",".JPG",".jpg","134.4"
"RE-011231","Light Cult Crypto Club","9421","ron-english-light-cult-9001-10000","9001-10000","gallery-9401-9500.html","9401-9500","RE-011231.jpg","images/9401-9500/RE-011231.jpg","YXZ6FVMN__5619 - Light Cult Crypto Club.JPG","E:\Zotero-organized-export\JPG-JPEG\Light Cult NFTs\YXZ6FVMN__5619 - Light Cult Crypto Club.JPG","D:\github\ron-english-light-cult-9001-10000\images\9401-9500\RE-011231.jpg",".JPG",".jpg","87.6"
"RE-011232","Light Cult Crypto Club","9422","ron-english-light-cult-9001-10000","9001-10000","gallery-9401-9500.html","9401-9500","RE-011232.jpg","images/9401-9500/RE-011232.jpg","YXZZW7KH__Diapositiva794.JPG","E:\Zotero-organized-export\JPG-JPEG\Light Cult NFTs\YXZZW7KH__Diapositiva794.JPG","D:\github\ron-english-light-cult-9001-10000\images\9401-9500\RE-011232.jpg",".JPG",".jpg","80.6"
"RE-011233","Light Cult Crypto Club","9423","ron-english-light-cult-9001-10000","9001-10000","gallery-9401-9500.html","9401-9500","RE-011233.jpg","images/9401-9500/RE-011233.jpg","YY88MN6B__7093 - Light Cult Crypto Club.JPG","E:\Zotero-organized-export\JPG-JPEG\Light Cult NFTs\YY88MN6B__7093 - Light Cult Crypto Club.JPG","D:\github\ron-english-light-cult-9001-10000\images\9401-9500\RE-011233.jpg",".JPG",".jpg","52.5"
"RE-011234","Light Cult Crypto Club","9424","ron-english-light-cult-9001-10000","9001-10000","gallery-9401-9500.html","9401-9500","RE-011234.jpg","images/9401-9500/RE-011234.jpg","YY8MUFTK__Diapositiva11.JPG","E:\Zotero-organized-export\JPG-JPEG\Light Cult NFTs\YY8MUFTK__Diapositiva11.JPG","D:\github\ron-english-light-cult-9001-10000\images\9401-9500\RE-011234.jpg",".JPG",".jpg","187.5"
"RE-011235","Light Cult Crypto Club","9425","ron-english-light-cult-9001-10000","9001-10000","gallery-9401-9500.html","9401-9500","RE-011235.jpg","images/9401-9500/RE-011235.jpg","YYAFRITC__5882 - Light Cult Crypto Club.JPG","E:\Zotero-organized-export\JPG-JPEG\Light Cult NFTs\YYAFRITC__5882 - Light Cult Crypto Club.JPG","D:\github\ron-english-light-cult-9001-10000\images\9401-9500\RE-011235.jpg",".JPG",".jpg","60.8"
"RE-011236","Light Cult Crypto Club","9426","ron-english-light-cult-9001-10000","9001-10000","gallery-9401-9500.html","9401-9500","RE-011236.jpg","images/9401-9500/RE-011236.jpg","YYB6ZJQ8__Diapositiva64.JPG","E:\Zotero-organized-export\JPG-JPEG\Light Cult NFTs\YYB6ZJQ8__Diapositiva64.JPG","D:\github\ron-english-light-cult-9001-10000\images\9401-9500\RE-011236.jpg",".JPG",".jpg","116.7"
"RE-011237","Light Cult Crypto Club","9427","ron-english-light-cult-9001-10000","9001-10000","gallery-9401-9500.html","9401-9500","RE-011237.jpg","images/9401-9500/RE-011237.jpg","YYDKV5VM__5263 - Light Cult Crypto Club.JPG","E:\Zotero-organized-export\JPG-JPEG\Light Cult NFTs\YYDKV5VM__5263 - Light Cult Crypto Club.JPG","D:\github\ron-english-light-cult-9001-10000\images\9401-9500\RE-011237.jpg",".JPG",".jpg","82.1"
"RE-011238","Light Cult Crypto Club","9428","ron-english-light-cult-9001-10000","9001-10000","gallery-9401-9500.html","9401-9500","RE-011238.jpg","images/9401-9500/RE-011238.jpg","YYGU4KPU__5225 - Light Cult Crypto Club.JPG","E:\Zotero-organized-export\JPG-JPEG\Light Cult NFTs\YYGU4KPU__5225 - Light Cult Crypto Club.JPG","D:\github\ron-english-light-cult-9001-10000\images\9401-9500\RE-011238.jpg",".JPG",".jpg","140.8"
"RE-011239","Light Cult Crypto Club","9429","ron-english-light-cult-9001-10000","9001-10000","gallery-9401-9500.html","9401-9500","RE-011239.jpg","images/9401-9500/RE-011239.jpg","YYICWRGZ__Diapositiva13.JPG","E:\Zotero-organized-export\JPG-JPEG\Light Cult NFTs\YYICWRGZ__Diapositiva13.JPG","D:\github\ron-english-light-cult-9001-10000\images\9401-9500\RE-011239.jpg",".JPG",".jpg","64.3"
"RE-011240","Light Cult Crypto Club","9430","ron-english-light-cult-9001-10000","9001-10000","gallery-9401-9500.html","9401-9500","RE-011240.jpg","images/9401-9500/RE-011240.jpg","YYJ7QQPH__Diapositiva424.JPG","E:\Zotero-organized-export\JPG-JPEG\Light Cult NFTs\YYJ7QQPH__Diapositiva424.JPG","D:\github\ron-english-light-cult-9001-10000\images\9401-9500\RE-011240.jpg",".JPG",".jpg","59.5"
"RE-011241","Light Cult Crypto Club","9431","ron-english-light-cult-9001-10000","9001-10000","gallery-9401-9500.html","9401-9500","RE-011241.jpg","images/9401-9500/RE-011241.jpg","YYL9PKSR__9225 - Light Cult Crypto Club.JPG","E:\Zotero-organized-export\JPG-JPEG\Light Cult NFTs\YYL9PKSR__9225 - Light Cult Crypto Club.JPG","D:\github\ron-english-light-cult-9001-10000\images\9401-9500\RE-011241.jpg",".JPG",".jpg","51.1"
"RE-011242","Light Cult Crypto Club","9432","ron-english-light-cult-9001-10000","9001-10000","gallery-9401-9500.html","9401-9500","RE-011242.jpg","images/9401-9500/RE-011242.jpg","YYQPUYCZ__Diapositiva925.JPG","E:\Zotero-organized-export\JPG-JPEG\Light Cult NFTs\YYQPUYCZ__Diapositiva925.JPG","D:\github\ron-english-light-cult-9001-10000\images\9401-9500\RE-011242.jpg",".JPG",".jpg","38.2"
"RE-011243","Light Cult Crypto Club","9433","ron-english-light-cult-9001-10000","9001-10000","gallery-9401-9500.html","9401-9500","RE-011243.jpg","images/9401-9500/RE-011243.jpg","YYR5XITA__Diapositiva18.JPG","E:\Zotero-organized-export\JPG-JPEG\Light Cult NFTs\YYR5XITA__Diapositiva18.JPG","D:\github\ron-english-light-cult-9001-10000\images\9401-9500\RE-011243.jpg",".JPG",".jpg","168"
"RE-011244","Light Cult Crypto Club","9434","ron-english-light-cult-9001-10000","9001-10000","gallery-9401-9500.html","9401-9500","RE-011244.jpg","images/9401-9500/RE-011244.jpg","YYSE7ELY__3916 - Light Cult Crypto Club.JPG","E:\Zotero-organized-export\JPG-JPEG\Light Cult NFTs\YYSE7ELY__3916 - Light Cult Crypto Club.JPG","D:\github\ron-english-light-cult-9001-10000\images\9401-9500\RE-011244.jpg",".JPG",".jpg","56.3"
"RE-011245","Light Cult Crypto Club","9435","ron-english-light-cult-9001-10000","9001-10000","gallery-9401-9500.html","9401-9500","RE-011245.jpg","images/9401-9500/RE-011245.jpg","YYSGSXU4__7334 - Light Cult Crypto Club.JPG","E:\Zotero-organized-export\JPG-JPEG\Light Cult NFTs\YYSGSXU4__7334 - Light Cult Crypto Club.JPG","D:\github\ron-english-light-cult-9001-10000\images\9401-9500\RE-011245.jpg",".JPG",".jpg","113.9"
"RE-011246","Light Cult Crypto Club","9436","ron-english-light-cult-9001-10000","9001-10000","gallery-9401-9500.html","9401-9500","RE-011246.jpg","images/9401-9500/RE-011246.jpg","YZ2ULGIT__8741 - Light Cult Crypto Club.JPG","E:\Zotero-organized-export\JPG-JPEG\Light Cult NFTs\YZ2ULGIT__8741 - Light Cult Crypto Club.JPG","D:\github\ron-english-light-cult-9001-10000\images\9401-9500\RE-011246.jpg",".JPG",".jpg","128.7"
"RE-011247","Light Cult Crypto Club","9437","ron-english-light-cult-9001-10000","9001-10000","gallery-9401-9500.html","9401-9500","RE-011247.jpg","images/9401-9500/RE-011247.jpg","YZFA8UC7__Diapositiva475.JPG","E:\Zotero-organized-export\JPG-JPEG\Light Cult NFTs\YZFA8UC7__Diapositiva475.JPG","D:\github\ron-english-light-cult-9001-10000\images\9401-9500\RE-011247.jpg",".JPG",".jpg","123.3"
"RE-011248","Light Cult Crypto Club","9438","ron-english-light-cult-9001-10000","9001-10000","gallery-9401-9500.html","9401-9500","RE-011248.jpg","images/9401-9500/RE-011248.jpg","YZHIVUNU__Diapositiva347.JPG","E:\Zotero-organized-export\JPG-JPEG\Light Cult NFTs\YZHIVUNU__Diapositiva347.JPG","D:\github\ron-english-light-cult-9001-10000\images\9401-9500\RE-011248.jpg",".JPG",".jpg","143.5"
"RE-011249","Light Cult Crypto Club","9439","ron-english-light-cult-9001-10000","9001-10000","gallery-9401-9500.html","9401-9500","RE-011249.jpg","images/9401-9500/RE-011249.jpg","YZIUBWBG__Diapositiva49.JPG","E:\Zotero-organized-export\JPG-JPEG\Light Cult NFTs\YZIUBWBG__Diapositiva49.JPG","D:\github\ron-english-light-cult-9001-10000\images\9401-9500\RE-011249.jpg",".JPG",".jpg","89.1"
"RE-011250","Light Cult Crypto Club","9440","ron-english-light-cult-9001-10000","9001-10000","gallery-9401-9500.html","9401-9500","RE-011250.jpg","images/9401-9500/RE-011250.jpg","YZRSRPEW__5246 - Light Cult Crypto Club.JPG","E:\Zotero-organized-export\JPG-JPEG\Light Cult NFTs\YZRSRPEW__5246 - Light Cult Crypto Club.JPG","D:\github\ron-english-light-cult-9001-10000\images\9401-9500\RE-011250.jpg",".JPG",".jpg","148.2"
"RE-011251","Light Cult Crypto Club","9441","ron-english-light-cult-9001-10000","9001-10000","gallery-9401-9500.html","9401-9500","RE-011251.jpg","images/9401-9500/RE-011251.jpg","YZRYTUZE__4037 - Light Cult Crypto Club.JPG","E:\Zotero-organized-export\JPG-JPEG\Light Cult NFTs\YZRYTUZE__4037 - Light Cult Crypto Club.JPG","D:\github\ron-english-light-cult-9001-10000\images\9401-9500\RE-011251.jpg",".JPG",".jpg","54.6"
"RE-011252","Light Cult Crypto Club","9442","ron-english-light-cult-9001-10000","9001-10000","gallery-9401-9500.html","9401-9500","RE-011252.jpg","images/9401-9500/RE-011252.jpg","YZTKIUML__3920 - Light Cult Crypto Club.JPG","E:\Zotero-organized-export\JPG-JPEG\Light Cult NFTs\YZTKIUML__3920 - Light Cult Crypto Club.JPG","D:\github\ron-english-light-cult-9001-10000\images\9401-9500\RE-011252.jpg",".JPG",".jpg","103"
"RE-011253","Light Cult Crypto Club","9443","ron-english-light-cult-9001-10000","9001-10000","gallery-9401-9500.html","9401-9500","RE-011253.jpg","images/9401-9500/RE-011253.jpg","YZUHDBJS__4172 - Light Cult Crypto Club.JPG","E:\Zotero-organized-export\JPG-JPEG\Light Cult NFTs\YZUHDBJS__4172 - Light Cult Crypto Club.JPG","D:\github\ron-english-light-cult-9001-10000\images\9401-9500\RE-011253.jpg",".JPG",".jpg","144.3"
"RE-011254","Light Cult Crypto Club","9444","ron-english-light-cult-9001-10000","9001-10000","gallery-9401-9500.html","9401-9500","RE-011254.jpg","images/9401-9500/RE-011254.jpg","YZXDGC7X__8734 - Light Cult Crypto Club.JPG","E:\Zotero-organized-export\JPG-JPEG\Light Cult NFTs\YZXDGC7X__8734 - Light Cult Crypto Club.JPG","D:\github\ron-english-light-cult-9001-10000\images\9401-9500\RE-011254.jpg",".JPG",".jpg","103.1"
"RE-011255","Light Cult Crypto Club","9445","ron-english-light-cult-9001-10000","9001-10000","gallery-9401-9500.html","9401-9500","RE-011255.jpg","images/9401-9500/RE-011255.jpg","Z24UZ3V7__Diapositiva737.JPG","E:\Zotero-organized-export\JPG-JPEG\Light Cult NFTs\Z24UZ3V7__Diapositiva737.JPG","D:\github\ron-english-light-cult-9001-10000\images\9401-9500\RE-011255.jpg",".JPG",".jpg","69.7"
"RE-011256","Light Cult Crypto Club","9446","ron-english-light-cult-9001-10000","9001-10000","gallery-9401-9500.html","9401-9500","RE-011256.jpg","images/9401-9500/RE-011256.jpg","Z27X52EY__8980 - Light Cult Crypto Club.JPG","E:\Zotero-organized-export\JPG-JPEG\Light Cult NFTs\Z27X52EY__8980 - Light Cult Crypto Club.JPG","D:\github\ron-english-light-cult-9001-10000\images\9401-9500\RE-011256.jpg",".JPG",".jpg","67.6"
"RE-011257","Light Cult Crypto Club","9447","ron-english-light-cult-9001-10000","9001-10000","gallery-9401-9500.html","9401-9500","RE-011257.jpg","images/9401-9500/RE-011257.jpg","Z2D2ANIG__Diapositiva321.JPG","E:\Zotero-organized-export\JPG-JPEG\Light Cult NFTs\Z2D2ANIG__Diapositiva321.JPG","D:\github\ron-english-light-cult-9001-10000\images\9401-9500\RE-011257.jpg",".JPG",".jpg","48.1"
"RE-011258","Light Cult Crypto Club","9448","ron-english-light-cult-9001-10000","9001-10000","gallery-9401-9500.html","9401-9500","RE-011258.jpg","images/9401-9500/RE-011258.jpg","Z2FQVI9S__6136 - Light Cult Crypto Club.JPG","E:\Zotero-organized-export\JPG-JPEG\Light Cult NFTs\Z2FQVI9S__6136 - Light Cult Crypto Club.JPG","D:\github\ron-english-light-cult-9001-10000\images\9401-9500\RE-011258.jpg",".JPG",".jpg","149.8"
"RE-011259","Light Cult Crypto Club","9449","ron-english-light-cult-9001-10000","9001-10000","gallery-9401-9500.html","9401-9500","RE-011259.jpg","images/9401-9500/RE-011259.jpg","Z2ITV5SB__7720 - Light Cult Crypto Club.JPG","E:\Zotero-organized-export\JPG-JPEG\Light Cult NFTs\Z2ITV5SB__7720 - Light Cult Crypto Club.JPG","D:\github\ron-english-light-cult-9001-10000\images\9401-9500\RE-011259.jpg",".JPG",".jpg","28.5"
"RE-011260","Light Cult Crypto Club","9450","ron-english-light-cult-9001-10000","9001-10000","gallery-9401-9500.html","9401-9500","RE-011260.jpg","images/9401-9500/RE-011260.jpg","Z2KV779B__4594 - Light Cult Crypto Club.JPG","E:\Zotero-organized-export\JPG-JPEG\Light Cult NFTs\Z2KV779B__4594 - Light Cult Crypto Club.JPG","D:\github\ron-english-light-cult-9001-10000\images\9401-9500\RE-011260.jpg",".JPG",".jpg","124.7"
"RE-011261","Light Cult Crypto Club","9451","ron-english-light-cult-9001-10000","9001-10000","gallery-9401-9500.html","9401-9500","RE-011261.jpg","images/9401-9500/RE-011261.jpg","Z2MCJR36__7458 - Light Cult Crypto Club.JPG","E:\Zotero-organized-export\JPG-JPEG\Light Cult NFTs\Z2MCJR36__7458 - Light Cult Crypto Club.JPG","D:\github\ron-english-light-cult-9001-10000\images\9401-9500\RE-011261.jpg",".JPG",".jpg","94.7"
"RE-011262","Light Cult Crypto Club","9452","ron-english-light-cult-9001-10000","9001-10000","gallery-9401-9500.html","9401-9500","RE-011262.jpg","images/9401-9500/RE-011262.jpg","Z2PVAJZ8__9893 - Light Cult Crypto Club.JPG","E:\Zotero-organized-export\JPG-JPEG\Light Cult NFTs\Z2PVAJZ8__9893 - Light Cult Crypto Club.JPG","D:\github\ron-english-light-cult-9001-10000\images\9401-9500\RE-011262.jpg",".JPG",".jpg","119.5"
"RE-011263","Light Cult Crypto Club","9453","ron-english-light-cult-9001-10000","9001-10000","gallery-9401-9500.html","9401-9500","RE-011263.jpg","images/9401-9500/RE-011263.jpg","Z2ZQGGHL__9453 - Light Cult Crypto Club.JPG","E:\Zotero-organized-export\JPG-JPEG\Light Cult NFTs\Z2ZQGGHL__9453 - Light Cult Crypto Club.JPG","D:\github\ron-english-light-cult-9001-10000\images\9401-9500\RE-011263.jpg",".JPG",".jpg","71.7"
"RE-011264","Light Cult Crypto Club","9454","ron-english-light-cult-9001-10000","9001-10000","gallery-9401-9500.html","9401-9500","RE-011264.jpg","images/9401-9500/RE-011264.jpg","Z38T6MQN__6566 - Light Cult Crypto Club.JPG","E:\Zotero-organized-export\JPG-JPEG\Light Cult NFTs\Z38T6MQN__6566 - Light Cult Crypto Club.JPG","D:\github\ron-english-light-cult-9001-10000\images\9401-9500\RE-011264.jpg",".JPG",".jpg","64.9"
"RE-011265","Light Cult Crypto Club","9455","ron-english-light-cult-9001-10000","9001-10000","gallery-9401-9500.html","9401-9500","RE-011265.jpg","images/9401-9500/RE-011265.jpg","Z39C2YQU__Diapositiva266.JPG","E:\Zotero-organized-export\JPG-JPEG\Light Cult NFTs\Z39C2YQU__Diapositiva266.JPG","D:\github\ron-english-light-cult-9001-10000\images\9401-9500\RE-011265.jpg",".JPG",".jpg","149.7"
"RE-011266","Light Cult Crypto Club","9456","ron-english-light-cult-9001-10000","9001-10000","gallery-9401-9500.html","9401-9500","RE-011266.jpg","images/9401-9500/RE-011266.jpg","Z3U9WHIE__9224 - Light Cult Crypto Club.JPG","E:\Zotero-organized-export\JPG-JPEG\Light Cult NFTs\Z3U9WHIE__9224 - Light Cult Crypto Club.JPG","D:\github\ron-english-light-cult-9001-10000\images\9401-9500\RE-011266.jpg",".JPG",".jpg","70.5"
"RE-011267","Light Cult Crypto Club","9457","ron-english-light-cult-9001-10000","9001-10000","gallery-9401-9500.html","9401-9500","RE-011267.jpg","images/9401-9500/RE-011267.jpg","Z3V42UHM__7012 - Light Cult Crypto Club.JPG","E:\Zotero-organized-export\JPG-JPEG\Light Cult NFTs\Z3V42UHM__7012 - Light Cult Crypto Club.JPG","D:\github\ron-english-light-cult-9001-10000\images\9401-9500\RE-011267.jpg",".JPG",".jpg","122.9"
"RE-011268","Light Cult Crypto Club","9458","ron-english-light-cult-9001-10000","9001-10000","gallery-9401-9500.html","9401-9500","RE-011268.jpg","images/9401-9500/RE-011268.jpg","Z3XMIVP2__8473 - Light Cult Crypto Club.JPG","E:\Zotero-organized-export\JPG-JPEG\Light Cult NFTs\Z3XMIVP2__8473 - Light Cult Crypto Club.JPG","D:\github\ron-english-light-cult-9001-10000\images\9401-9500\RE-011268.jpg",".JPG",".jpg","154.8"
"RE-011269","Light Cult Crypto Club","9459","ron-english-light-cult-9001-10000","9001-10000","gallery-9401-9500.html","9401-9500","RE-011269.jpg","images/9401-9500/RE-011269.jpg","Z43SDCS7__Diapositiva319.JPG","E:\Zotero-organized-export\JPG-JPEG\Light Cult NFTs\Z43SDCS7__Diapositiva319.JPG","D:\github\ron-english-light-cult-9001-10000\images\9401-9500\RE-011269.jpg",".JPG",".jpg","131.4"
"RE-011270","Light Cult Crypto Club","9460","ron-english-light-cult-9001-10000","9001-10000","gallery-9401-9500.html","9401-9500","RE-011270.jpg","images/9401-9500/RE-011270.jpg","Z44ETK9F__7528 - Light Cult Crypto Club.JPG","E:\Zotero-organized-export\JPG-JPEG\Light Cult NFTs\Z44ETK9F__7528 - Light Cult Crypto Club.JPG","D:\github\ron-english-light-cult-9001-10000\images\9401-9500\RE-011270.jpg",".JPG",".jpg","62.4"
"RE-011271","Light Cult Crypto Club","9461","ron-english-light-cult-9001-10000","9001-10000","gallery-9401-9500.html","9401-9500","RE-011271.jpg","images/9401-9500/RE-011271.jpg","Z47PUXJ8__5555 - Light Cult Crypto Club.JPG","E:\Zotero-organized-export\JPG-JPEG\Light Cult NFTs\Z47PUXJ8__5555 - Light Cult Crypto Club.JPG","D:\github\ron-english-light-cult-9001-10000\images\9401-9500\RE-011271.jpg",".JPG",".jpg","78.2"
"RE-011272","Light Cult Crypto Club","9462","ron-english-light-cult-9001-10000","9001-10000","gallery-9401-9500.html","9401-9500","RE-011272.jpg","images/9401-9500/RE-011272.jpg","Z4CUUJR7__Diapositiva929.JPG","E:\Zotero-organized-export\JPG-JPEG\Light Cult NFTs\Z4CUUJR7__Diapositiva929.JPG","D:\github\ron-english-light-cult-9001-10000\images\9401-9500\RE-011272.jpg",".JPG",".jpg","55"
"RE-011273","Light Cult Crypto Club","9463","ron-english-light-cult-9001-10000","9001-10000","gallery-9401-9500.html","9401-9500","RE-011273.jpg","images/9401-9500/RE-011273.jpg","Z4DDG9DV__Diapositiva984.JPG","E:\Zotero-organized-export\JPG-JPEG\Light Cult NFTs\Z4DDG9DV__Diapositiva984.JPG","D:\github\ron-english-light-cult-9001-10000\images\9401-9500\RE-011273.jpg",".JPG",".jpg","110.3"
"RE-011274","Light Cult Crypto Club","9464","ron-english-light-cult-9001-10000","9001-10000","gallery-9401-9500.html","9401-9500","RE-011274.jpg","images/9401-9500/RE-011274.jpg","Z4E45AHB__8487 - Light Cult Crypto Club.JPG","E:\Zotero-organized-export\JPG-JPEG\Light Cult NFTs\Z4E45AHB__8487 - Light Cult Crypto Club.JPG","D:\github\ron-english-light-cult-9001-10000\images\9401-9500\RE-011274.jpg",".JPG",".jpg","127.4"
"RE-011275","Light Cult Crypto Club","9465","ron-english-light-cult-9001-10000","9001-10000","gallery-9401-9500.html","9401-9500","RE-011275.jpg","images/9401-9500/RE-011275.jpg","Z4NX9EFN__Diapositiva222.JPG","E:\Zotero-organized-export\JPG-JPEG\Light Cult NFTs\Z4NX9EFN__Diapositiva222.JPG","D:\github\ron-english-light-cult-9001-10000\images\9401-9500\RE-011275.jpg",".JPG",".jpg","128"
"RE-011276","Light Cult Crypto Club","9466","ron-english-light-cult-9001-10000","9001-10000","gallery-9401-9500.html","9401-9500","RE-011276.jpg","images/9401-9500/RE-011276.jpg","Z4UMBKYI__6183 - Light Cult Crypto Club.JPG","E:\Zotero-organized-export\JPG-JPEG\Light Cult NFTs\Z4UMBKYI__6183 - Light Cult Crypto Club.JPG","D:\github\ron-english-light-cult-9001-10000\images\9401-9500\RE-011276.jpg",".JPG",".jpg","155.8"
"RE-011277","Light Cult Crypto Club","9467","ron-english-light-cult-9001-10000","9001-10000","gallery-9401-9500.html","9401-9500","RE-011277.jpg","images/9401-9500/RE-011277.jpg","Z4Z329L5__Diapositiva978.JPG","E:\Zotero-organized-export\JPG-JPEG\Light Cult NFTs\Z4Z329L5__Diapositiva978.JPG","D:\github\ron-english-light-cult-9001-10000\images\9401-9500\RE-011277.jpg",".JPG",".jpg","173.7"
"RE-011278","Light Cult Crypto Club","9468","ron-english-light-cult-9001-10000","9001-10000","gallery-9401-9500.html","9401-9500","RE-011278.jpg","images/9401-9500/RE-011278.jpg","Z4ZAEMIC__Diapositiva318.JPG","E:\Zotero-organized-export\JPG-JPEG\Light Cult NFTs\Z4ZAEMIC__Diapositiva318.JPG","D:\github\ron-english-light-cult-9001-10000\images\9401-9500\RE-011278.jpg",".JPG",".jpg","76.7"
"RE-011279","Light Cult Crypto Club","9469","ron-english-light-cult-9001-10000","9001-10000","gallery-9401-9500.html","9401-9500","RE-011279.jpg","images/9401-9500/RE-011279.jpg","Z4ZS769C__9824 - Light Cult Crypto Club.JPG","E:\Zotero-organized-export\JPG-JPEG\Light Cult NFTs\Z4ZS769C__9824 - Light Cult Crypto Club.JPG","D:\github\ron-english-light-cult-9001-10000\images\9401-9500\RE-011279.jpg",".JPG",".jpg","54.7"
"RE-011280","Light Cult Crypto Club","9470","ron-english-light-cult-9001-10000","9001-10000","gallery-9401-9500.html","9401-9500","RE-011280.jpg","images/9401-9500/RE-011280.jpg","Z52PBQTA__3619 - Light Cult Crypto Club.JPG","E:\Zotero-organized-export\JPG-JPEG\Light Cult NFTs\Z52PBQTA__3619 - Light Cult Crypto Club.JPG","D:\github\ron-english-light-cult-9001-10000\images\9401-9500\RE-011280.jpg",".JPG",".jpg","74.1"
"RE-011281","Light Cult Crypto Club","9471","ron-english-light-cult-9001-10000","9001-10000","gallery-9401-9500.html","9401-9500","RE-011281.jpg","images/9401-9500/RE-011281.jpg","Z56IHDWR__5606 - Light Cult Crypto Club.JPG","E:\Zotero-organized-export\JPG-JPEG\Light Cult NFTs\Z56IHDWR__5606 - Light Cult Crypto Club.JPG","D:\github\ron-english-light-cult-9001-10000\images\9401-9500\RE-011281.jpg",".JPG",".jpg","146"
"RE-011282","Light Cult Crypto Club","9472","ron-english-light-cult-9001-10000","9001-10000","gallery-9401-9500.html","9401-9500","RE-011282.jpg","images/9401-9500/RE-011282.jpg","Z59CDHUG__7697 - Light Cult Crypto Club.JPG","E:\Zotero-organized-export\JPG-JPEG\Light Cult NFTs\Z59CDHUG__7697 - Light Cult Crypto Club.JPG","D:\github\ron-english-light-cult-9001-10000\images\9401-9500\RE-011282.jpg",".JPG",".jpg","44.9"
"RE-011283","Light Cult Crypto Club","9473","ron-english-light-cult-9001-10000","9001-10000","gallery-9401-9500.html","9401-9500","RE-011283.jpg","images/9401-9500/RE-011283.jpg","Z5AWYMQA__8254 - Light Cult Crypto Club.JPG","E:\Zotero-organized-export\JPG-JPEG\Light Cult NFTs\Z5AWYMQA__8254 - Light Cult Crypto Club.JPG","D:\github\ron-english-light-cult-9001-10000\images\9401-9500\RE-011283.jpg",".JPG",".jpg","124.1"
"RE-011284","Light Cult Crypto Club","9474","ron-english-light-cult-9001-10000","9001-10000","gallery-9401-9500.html","9401-9500","RE-011284.jpg","images/9401-9500/RE-011284.jpg","Z5FYPG68__3892 - Light Cult Crypto Club.JPG","E:\Zotero-organized-export\JPG-JPEG\Light Cult NFTs\Z5FYPG68__3892 - Light Cult Crypto Club.JPG","D:\github\ron-english-light-cult-9001-10000\images\9401-9500\RE-011284.jpg",".JPG",".jpg","175.5"
"RE-011285","Light Cult Crypto Club","9475","ron-english-light-cult-9001-10000","9001-10000","gallery-9401-9500.html","9401-9500","RE-011285.jpg","images/9401-9500/RE-011285.jpg","Z5IMD7A5__Diapositiva219.JPG","E:\Zotero-organized-export\JPG-JPEG\Light Cult NFTs\Z5IMD7A5__Diapositiva219.JPG","D:\github\ron-english-light-cult-9001-10000\images\9401-9500\RE-011285.jpg",".JPG",".jpg","116.2"
"RE-011286","Light Cult Crypto Club","9476","ron-english-light-cult-9001-10000","9001-10000","gallery-9401-9500.html","9401-9500","RE-011286.jpg","images/9401-9500/RE-011286.jpg","Z5J9BRTP__7864 - Light Cult Crypto Club.JPG","E:\Zotero-organized-export\JPG-JPEG\Light Cult NFTs\Z5J9BRTP__7864 - Light Cult Crypto Club.JPG","D:\github\ron-english-light-cult-9001-10000\images\9401-9500\RE-011286.jpg",".JPG",".jpg","51.4"
"RE-011287","Light Cult Crypto Club","9477","ron-english-light-cult-9001-10000","9001-10000","gallery-9401-9500.html","9401-9500","RE-011287.jpg","images/9401-9500/RE-011287.jpg","Z5KICK56__Diapositiva955.JPG","E:\Zotero-organized-export\JPG-JPEG\Light Cult NFTs\Z5KICK56__Diapositiva955.JPG","D:\github\ron-english-light-cult-9001-10000\images\9401-9500\RE-011287.jpg",".JPG",".jpg","71.2"
"RE-011288","Light Cult Crypto Club","9478","ron-english-light-cult-9001-10000","9001-10000","gallery-9401-9500.html","9401-9500","RE-011288.jpg","images/9401-9500/RE-011288.jpg","Z5S3ZTZ8__8246 - Light Cult Crypto Club.JPG","E:\Zotero-organized-export\JPG-JPEG\Light Cult NFTs\Z5S3ZTZ8__8246 - Light Cult Crypto Club.JPG","D:\github\ron-english-light-cult-9001-10000\images\9401-9500\RE-011288.jpg",".JPG",".jpg","40"
"RE-011289","Light Cult Crypto Club","9479","ron-english-light-cult-9001-10000","9001-10000","gallery-9401-9500.html","9401-9500","RE-011289.jpg","images/9401-9500/RE-011289.jpg","Z5UEXNMM__9242 - Light Cult Crypto Club.JPG","E:\Zotero-organized-export\JPG-JPEG\Light Cult NFTs\Z5UEXNMM__9242 - Light Cult Crypto Club.JPG","D:\github\ron-english-light-cult-9001-10000\images\9401-9500\RE-011289.jpg",".JPG",".jpg","136.3"
"RE-011290","Light Cult Crypto Club","9480","ron-english-light-cult-9001-10000","9001-10000","gallery-9401-9500.html","9401-9500","RE-011290.jpg","images/9401-9500/RE-011290.jpg","Z5WZMCX3__6288 - Light Cult Crypto Club.JPG","E:\Zotero-organized-export\JPG-JPEG\Light Cult NFTs\Z5WZMCX3__6288 - Light Cult Crypto Club.JPG","D:\github\ron-english-light-cult-9001-10000\images\9401-9500\RE-011290.jpg",".JPG",".jpg","54.4"
"RE-011291","Light Cult Crypto Club","9481","ron-english-light-cult-9001-10000","9001-10000","gallery-9401-9500.html","9401-9500","RE-011291.jpg","images/9401-9500/RE-011291.jpg","Z62HIRBE__9869 - Light Cult Crypto Club.JPG","E:\Zotero-organized-export\JPG-JPEG\Light Cult NFTs\Z62HIRBE__9869 - Light Cult Crypto Club.JPG","D:\github\ron-english-light-cult-9001-10000\images\9401-9500\RE-011291.jpg",".JPG",".jpg","41.4"
"RE-011292","Light Cult Crypto Club","9482","ron-english-light-cult-9001-10000","9001-10000","gallery-9401-9500.html","9401-9500","RE-011292.jpg","images/9401-9500/RE-011292.jpg","Z65B29M8__7533 - Light Cult Crypto Club.JPG","E:\Zotero-organized-export\JPG-JPEG\Light Cult NFTs\Z65B29M8__7533 - Light Cult Crypto Club.JPG","D:\github\ron-english-light-cult-9001-10000\images\9401-9500\RE-011292.jpg",".JPG",".jpg","131.5"
"RE-011293","Light Cult Crypto Club","9483","ron-english-light-cult-9001-10000","9001-10000","gallery-9401-9500.html","9401-9500","RE-011293.jpg","images/9401-9500/RE-011293.jpg","Z66VN9Y4__9501 - Light Cult Crypto Club.JPG","E:\Zotero-organized-export\JPG-JPEG\Light Cult NFTs\Z66VN9Y4__9501 - Light Cult Crypto Club.JPG","D:\github\ron-english-light-cult-9001-10000\images\9401-9500\RE-011293.jpg",".JPG",".jpg","44.8"
"RE-011294","Light Cult Crypto Club","9484","ron-english-light-cult-9001-10000","9001-10000","gallery-9401-9500.html","9401-9500","RE-011294.jpg","images/9401-9500/RE-011294.jpg","Z6EVIJL2__8924 - Light Cult Crypto Club.JPG","E:\Zotero-organized-export\JPG-JPEG\Light Cult NFTs\Z6EVIJL2__8924 - Light Cult Crypto Club.JPG","D:\github\ron-english-light-cult-9001-10000\images\9401-9500\RE-011294.jpg",".JPG",".jpg","119"
"RE-011295","Light Cult Crypto Club","9485","ron-english-light-cult-9001-10000","9001-10000","gallery-9401-9500.html","9401-9500","RE-011295.jpg","images/9401-9500/RE-011295.jpg","Z6JMV7W2__Diapositiva158.JPG","E:\Zotero-organized-export\JPG-JPEG\Light Cult NFTs\Z6JMV7W2__Diapositiva158.JPG","D:\github\ron-english-light-cult-9001-10000\images\9401-9500\RE-011295.jpg",".JPG",".jpg","138.3"
"RE-011296","Light Cult Crypto Club","9486","ron-english-light-cult-9001-10000","9001-10000","gallery-9401-9500.html","9401-9500","RE-011296.jpg","images/9401-9500/RE-011296.jpg","Z6LAATLE__Diapositiva167.JPG","E:\Zotero-organized-export\JPG-JPEG\Light Cult NFTs\Z6LAATLE__Diapositiva167.JPG","D:\github\ron-english-light-cult-9001-10000\images\9401-9500\RE-011296.jpg",".JPG",".jpg","142.7"
"RE-011297","Light Cult Crypto Club","9487","ron-english-light-cult-9001-10000","9001-10000","gallery-9401-9500.html","9401-9500","RE-011297.jpg","images/9401-9500/RE-011297.jpg","Z6V8DB78__8435 - Light Cult Crypto Club.JPG","E:\Zotero-organized-export\JPG-JPEG\Light Cult NFTs\Z6V8DB78__8435 - Light Cult Crypto Club.JPG","D:\github\ron-english-light-cult-9001-10000\images\9401-9500\RE-011297.jpg",".JPG",".jpg","86.7"
"RE-011298","Light Cult Crypto Club","9488","ron-english-light-cult-9001-10000","9001-10000","gallery-9401-9500.html","9401-9500","RE-011298.jpg","images/9401-9500/RE-011298.jpg","Z6Y6HNJV__Diapositiva96.JPG","E:\Zotero-organized-export\JPG-JPEG\Light Cult NFTs\Z6Y6HNJV__Diapositiva96.JPG","D:\github\ron-english-light-cult-9001-10000\images\9401-9500\RE-011298.jpg",".JPG",".jpg","58.1"
"RE-011299","Light Cult Crypto Club","9489","ron-english-light-cult-9001-10000","9001-10000","gallery-9401-9500.html","9401-9500","RE-011299.jpg","images/9401-9500/RE-011299.jpg","Z77LAQCJ__8729 - Light Cult Crypto Club.JPG","E:\Zotero-organized-export\JPG-JPEG\Light Cult NFTs\Z77LAQCJ__8729 - Light Cult Crypto Club.JPG","D:\github\ron-english-light-cult-9001-10000\images\9401-9500\RE-011299.jpg",".JPG",".jpg","59.1"
"RE-011300","Light Cult Crypto Club","9490","ron-english-light-cult-9001-10000","9001-10000","gallery-9401-9500.html","9401-9500","RE-011300.jpg","images/9401-9500/RE-011300.jpg","Z79G68BS__9061 - Light Cult Crypto Club.JPG","E:\Zotero-organized-export\JPG-JPEG\Light Cult NFTs\Z79G68BS__9061 - Light Cult Crypto Club.JPG","D:\github\ron-english-light-cult-9001-10000\images\9401-9500\RE-011300.jpg",".JPG",".jpg","90.4"
"RE-011301","Light Cult Crypto Club","9491","ron-english-light-cult-9001-10000","9001-10000","gallery-9401-9500.html","9401-9500","RE-011301.jpg","images/9401-9500/RE-011301.jpg","Z7BKFGUQ__7434 - Light Cult Crypto Club.JPG","E:\Zotero-organized-export\JPG-JPEG\Light Cult NFTs\Z7BKFGUQ__7434 - Light Cult Crypto Club.JPG","D:\github\ron-english-light-cult-9001-10000\images\9401-9500\RE-011301.jpg",".JPG",".jpg","99.9"
"RE-011302","Light Cult Crypto Club","9492","ron-english-light-cult-9001-10000","9001-10000","gallery-9401-9500.html","9401-9500","RE-011302.jpg","images/9401-9500/RE-011302.jpg","Z7M35G7D__6304 - Light Cult Crypto Club.JPG","E:\Zotero-organized-export\JPG-JPEG\Light Cult NFTs\Z7M35G7D__6304 - Light Cult Crypto Club.JPG","D:\github\ron-english-light-cult-9001-10000\images\9401-9500\RE-011302.jpg",".JPG",".jpg","177.6"
"RE-011303","Light Cult Crypto Club","9493","ron-english-light-cult-9001-10000","9001-10000","gallery-9401-9500.html","9401-9500","RE-011303.jpg","images/9401-9500/RE-011303.jpg","Z7MWH7YA__6491 - Light Cult Crypto Club.JPG","E:\Zotero-organized-export\JPG-JPEG\Light Cult NFTs\Z7MWH7YA__6491 - Light Cult Crypto Club.JPG","D:\github\ron-english-light-cult-9001-10000\images\9401-9500\RE-011303.jpg",".JPG",".jpg","46"
"RE-011304","Light Cult Crypto Club","9494","ron-english-light-cult-9001-10000","9001-10000","gallery-9401-9500.html","9401-9500","RE-011304.jpg","images/9401-9500/RE-011304.jpg","Z7RWFQMK__3750 - Light Cult Crypto Club.JPG","E:\Zotero-organized-export\JPG-JPEG\Light Cult NFTs\Z7RWFQMK__3750 - Light Cult Crypto Club.JPG","D:\github\ron-english-light-cult-9001-10000\images\9401-9500\RE-011304.jpg",".JPG",".jpg","97.9"
"RE-011305","Light Cult Crypto Club","9495","ron-english-light-cult-9001-10000","9001-10000","gallery-9401-9500.html","9401-9500","RE-011305.jpg","images/9401-9500/RE-011305.jpg","Z7TZ89RE__3485 - Light Cult Crypto Club.JPG","E:\Zotero-organized-export\JPG-JPEG\Light Cult NFTs\Z7TZ89RE__3485 - Light Cult Crypto Club.JPG","D:\github\ron-english-light-cult-9001-10000\images\9401-9500\RE-011305.jpg",".JPG",".jpg","93"
"RE-011306","Light Cult Crypto Club","9496","ron-english-light-cult-9001-10000","9001-10000","gallery-9401-9500.html","9401-9500","RE-011306.jpg","images/9401-9500/RE-011306.jpg","Z7W383ZQ__9766 - Light Cult Crypto Club.JPG","E:\Zotero-organized-export\JPG-JPEG\Light Cult NFTs\Z7W383ZQ__9766 - Light Cult Crypto Club.JPG","D:\github\ron-english-light-cult-9001-10000\images\9401-9500\RE-011306.jpg",".JPG",".jpg","87.7"
"RE-011307","Light Cult Crypto Club","9497","ron-english-light-cult-9001-10000","9001-10000","gallery-9401-9500.html","9401-9500","RE-011307.jpg","images/9401-9500/RE-011307.jpg","Z7ZKKX6C__7319 - Light Cult Crypto Club.JPG","E:\Zotero-organized-export\JPG-JPEG\Light Cult NFTs\Z7ZKKX6C__7319 - Light Cult Crypto Club.JPG","D:\github\ron-english-light-cult-9001-10000\images\9401-9500\RE-011307.jpg",".JPG",".jpg","67.3"
"RE-011308","Light Cult Crypto Club","9498","ron-english-light-cult-9001-10000","9001-10000","gallery-9401-9500.html","9401-9500","RE-011308.jpg","images/9401-9500/RE-011308.jpg","Z82YJUFT__8122 - Light Cult Crypto Club.JPG","E:\Zotero-organized-export\JPG-JPEG\Light Cult NFTs\Z82YJUFT__8122 - Light Cult Crypto Club.JPG","D:\github\ron-english-light-cult-9001-10000\images\9401-9500\RE-011308.jpg",".JPG",".jpg","51.1"
"RE-011309","Light Cult Crypto Club","9499","ron-english-light-cult-9001-10000","9001-10000","gallery-9401-9500.html","9401-9500","RE-011309.jpg","images/9401-9500/RE-011309.jpg","Z83RD7HY__4853 - Light Cult Crypto Club.JPG","E:\Zotero-organized-export\JPG-JPEG\Light Cult NFTs\Z83RD7HY__4853 - Light Cult Crypto Club.JPG","D:\github\ron-english-light-cult-9001-10000\images\9401-9500\RE-011309.jpg",".JPG",".jpg","134.6"
"RE-011310","Light Cult Crypto Club","9500","ron-english-light-cult-9001-10000","9001-10000","gallery-9401-9500.html","9401-9500","RE-011310.jpg","images/9401-9500/RE-011310.jpg","Z84RYF2E__3289 - Light Cult Crypto Club.JPG","E:\Zotero-organized-export\JPG-JPEG\Light Cult NFTs\Z84RYF2E__3289 - Light Cult Crypto Club.JPG","D:\github\ron-english-light-cult-9001-10000\images\9401-9500\RE-011310.jpg",".JPG",".jpg","132.6"
"RE-011311","Light Cult Crypto Club","9501","ron-english-light-cult-9001-10000","9001-10000","gallery-9501-9600.html","9501-9600","RE-011311.jpg","images/9501-9600/RE-011311.jpg","Z872993Q__6813 - Light Cult Crypto Club.JPG","E:\Zotero-organized-export\JPG-JPEG\Light Cult NFTs\Z872993Q__6813 - Light Cult Crypto Club.JPG","D:\github\ron-english-light-cult-9001-10000\images\9501-9600\RE-011311.jpg",".JPG",".jpg","59.4"
"RE-011312","Light Cult Crypto Club","9502","ron-english-light-cult-9001-10000","9001-10000","gallery-9501-9600.html","9501-9600","RE-011312.jpg","images/9501-9600/RE-011312.jpg","Z87A9JC7__7118 - Light Cult Crypto Club.JPG","E:\Zotero-organized-export\JPG-JPEG\Light Cult NFTs\Z87A9JC7__7118 - Light Cult Crypto Club.JPG","D:\github\ron-english-light-cult-9001-10000\images\9501-9600\RE-011312.jpg",".JPG",".jpg","105.3"
"RE-011313","Light Cult Crypto Club","9503","ron-english-light-cult-9001-10000","9001-10000","gallery-9501-9600.html","9501-9600","RE-011313.jpg","images/9501-9600/RE-011313.jpg","Z88SJX7N__Diapositiva312.JPG","E:\Zotero-organized-export\JPG-JPEG\Light Cult NFTs\Z88SJX7N__Diapositiva312.JPG","D:\github\ron-english-light-cult-9001-10000\images\9501-9600\RE-011313.jpg",".JPG",".jpg","53.2"
"RE-011314","Light Cult Crypto Club","9504","ron-english-light-cult-9001-10000","9001-10000","gallery-9501-9600.html","9501-9600","RE-011314.jpg","images/9501-9600/RE-011314.jpg","Z8AH84ZN__Diapositiva61.JPG","E:\Zotero-organized-export\JPG-JPEG\Light Cult NFTs\Z8AH84ZN__Diapositiva61.JPG","D:\github\ron-english-light-cult-9001-10000\images\9501-9600\RE-011314.jpg",".JPG",".jpg","112.2"
"RE-011315","Light Cult Crypto Club","9505","ron-english-light-cult-9001-10000","9001-10000","gallery-9501-9600.html","9501-9600","RE-011315.jpg","images/9501-9600/RE-011315.jpg","Z8J262B6__6972 - Light Cult Crypto Club.JPG","E:\Zotero-organized-export\JPG-JPEG\Light Cult NFTs\Z8J262B6__6972 - Light Cult Crypto Club.JPG","D:\github\ron-english-light-cult-9001-10000\images\9501-9600\RE-011315.jpg",".JPG",".jpg","80"
"RE-011316","Light Cult Crypto Club","9506","ron-english-light-cult-9001-10000","9001-10000","gallery-9501-9600.html","9501-9600","RE-011316.jpg","images/9501-9600/RE-011316.jpg","Z8NBHKD2__5566 - Light Cult Crypto Club.JPG","E:\Zotero-organized-export\JPG-JPEG\Light Cult NFTs\Z8NBHKD2__5566 - Light Cult Crypto Club.JPG","D:\github\ron-english-light-cult-9001-10000\images\9501-9600\RE-011316.jpg",".JPG",".jpg","75"
"RE-011317","Light Cult Crypto Club","9507","ron-english-light-cult-9001-10000","9001-10000","gallery-9501-9600.html","9501-9600","RE-011317.jpg","images/9501-9600/RE-011317.jpg","Z8NWZCJH__Diapositiva131.JPG","E:\Zotero-organized-export\JPG-JPEG\Light Cult NFTs\Z8NWZCJH__Diapositiva131.JPG","D:\github\ron-english-light-cult-9001-10000\images\9501-9600\RE-011317.jpg",".JPG",".jpg","56.3"
"RE-011318","Light Cult Crypto Club","9508","ron-english-light-cult-9001-10000","9001-10000","gallery-9501-9600.html","9501-9600","RE-011318.jpg","images/9501-9600/RE-011318.jpg","Z8P2VH4N__5115 - Light Cult Crypto Club.JPG","E:\Zotero-organized-export\JPG-JPEG\Light Cult NFTs\Z8P2VH4N__5115 - Light Cult Crypto Club.JPG","D:\github\ron-english-light-cult-9001-10000\images\9501-9600\RE-011318.jpg",".JPG",".jpg","48.5"
"RE-011319","Light Cult Crypto Club","9509","ron-english-light-cult-9001-10000","9001-10000","gallery-9501-9600.html","9501-9600","RE-011319.jpg","images/9501-9600/RE-011319.jpg","Z8PW62PT__Diapositiva44.JPG","E:\Zotero-organized-export\JPG-JPEG\Light Cult NFTs\Z8PW62PT__Diapositiva44.JPG","D:\github\ron-english-light-cult-9001-10000\images\9501-9600\RE-011319.jpg",".JPG",".jpg","107.3"
"RE-011320","Light Cult Crypto Club","9510","ron-english-light-cult-9001-10000","9001-10000","gallery-9501-9600.html","9501-9600","RE-011320.jpg","images/9501-9600/RE-011320.jpg","Z8QU5NX3__5285 - Light Cult Crypto Club.JPG","E:\Zotero-organized-export\JPG-JPEG\Light Cult NFTs\Z8QU5NX3__5285 - Light Cult Crypto Club.JPG","D:\github\ron-english-light-cult-9001-10000\images\9501-9600\RE-011320.jpg",".JPG",".jpg","136.1"
"RE-011321","Light Cult Crypto Club","9511","ron-english-light-cult-9001-10000","9001-10000","gallery-9501-9600.html","9501-9600","RE-011321.jpg","images/9501-9600/RE-011321.jpg","Z8RCX92Z__6811 - Light Cult Crypto Club.JPG","E:\Zotero-organized-export\JPG-JPEG\Light Cult NFTs\Z8RCX92Z__6811 - Light Cult Crypto Club.JPG","D:\github\ron-english-light-cult-9001-10000\images\9501-9600\RE-011321.jpg",".JPG",".jpg","61.8"
"RE-011322","Light Cult Crypto Club","9512","ron-english-light-cult-9001-10000","9001-10000","gallery-9501-9600.html","9501-9600","RE-011322.jpg","images/9501-9600/RE-011322.jpg","Z8TPJVDK__Diapositiva409.JPG","E:\Zotero-organized-export\JPG-JPEG\Light Cult NFTs\Z8TPJVDK__Diapositiva409.JPG","D:\github\ron-english-light-cult-9001-10000\images\9501-9600\RE-011322.jpg",".JPG",".jpg","54.3"
"RE-011323","Light Cult Crypto Club","9513","ron-english-light-cult-9001-10000","9001-10000","gallery-9501-9600.html","9501-9600","RE-011323.jpg","images/9501-9600/RE-011323.jpg","Z8YZL9YZ__9559 - Light Cult Crypto Club.JPG","E:\Zotero-organized-export\JPG-JPEG\Light Cult NFTs\Z8YZL9YZ__9559 - Light Cult Crypto Club.JPG","D:\github\ron-english-light-cult-9001-10000\images\9501-9600\RE-011323.jpg",".JPG",".jpg","144.5"
"RE-011324","Light Cult Crypto Club","9514","ron-english-light-cult-9001-10000","9001-10000","gallery-9501-9600.html","9501-9600","RE-011324.jpg","images/9501-9600/RE-011324.jpg","Z96ZXC8C__7828 - Light Cult Crypto Club.JPG","E:\Zotero-organized-export\JPG-JPEG\Light Cult NFTs\Z96ZXC8C__7828 - Light Cult Crypto Club.JPG","D:\github\ron-english-light-cult-9001-10000\images\9501-9600\RE-011324.jpg",".JPG",".jpg","51.5"
"RE-011325","Light Cult Crypto Club","9515","ron-english-light-cult-9001-10000","9001-10000","gallery-9501-9600.html","9501-9600","RE-011325.jpg","images/9501-9600/RE-011325.jpg","Z98MPEAL__7906 - Light Cult Crypto Club.JPG","E:\Zotero-organized-export\JPG-JPEG\Light Cult NFTs\Z98MPEAL__7906 - Light Cult Crypto Club.JPG","D:\github\ron-english-light-cult-9001-10000\images\9501-9600\RE-011325.jpg",".JPG",".jpg","119.6"
"RE-011326","Light Cult Crypto Club","9516","ron-english-light-cult-9001-10000","9001-10000","gallery-9501-9600.html","9501-9600","RE-011326.jpg","images/9501-9600/RE-011326.jpg","Z9AV7JXQ__Diapositiva434.JPG","E:\Zotero-organized-export\JPG-JPEG\Light Cult NFTs\Z9AV7JXQ__Diapositiva434.JPG","D:\github\ron-english-light-cult-9001-10000\images\9501-9600\RE-011326.jpg",".JPG",".jpg","68.7"
"RE-011327","Light Cult Crypto Club","9517","ron-english-light-cult-9001-10000","9001-10000","gallery-9501-9600.html","9501-9600","RE-011327.jpg","images/9501-9600/RE-011327.jpg","Z9BXAJNN__6492 - Light Cult Crypto Club.JPG","E:\Zotero-organized-export\JPG-JPEG\Light Cult NFTs\Z9BXAJNN__6492 - Light Cult Crypto Club.JPG","D:\github\ron-english-light-cult-9001-10000\images\9501-9600\RE-011327.jpg",".JPG",".jpg","107.6"
"RE-011328","Light Cult Crypto Club","9518","ron-english-light-cult-9001-10000","9001-10000","gallery-9501-9600.html","9501-9600","RE-011328.jpg","images/9501-9600/RE-011328.jpg","Z9GVV45X__8271 - Light Cult Crypto Club.JPG","E:\Zotero-organized-export\JPG-JPEG\Light Cult NFTs\Z9GVV45X__8271 - Light Cult Crypto Club.JPG","D:\github\ron-english-light-cult-9001-10000\images\9501-9600\RE-011328.jpg",".JPG",".jpg","120.5"
"RE-011329","Light Cult Crypto Club","9519","ron-english-light-cult-9001-10000","9001-10000","gallery-9501-9600.html","9501-9600","RE-011329.jpg","images/9501-9600/RE-011329.jpg","Z9LAJYRZ__Diapositiva961.JPG","E:\Zotero-organized-export\JPG-JPEG\Light Cult NFTs\Z9LAJYRZ__Diapositiva961.JPG","D:\github\ron-english-light-cult-9001-10000\images\9501-9600\RE-011329.jpg",".JPG",".jpg","71.4"
"RE-011330","Light Cult Crypto Club","9520","ron-english-light-cult-9001-10000","9001-10000","gallery-9501-9600.html","9501-9600","RE-011330.jpg","images/9501-9600/RE-011330.jpg","Z9R7BMTU__4880 - Light Cult Crypto Club.JPG","E:\Zotero-organized-export\JPG-JPEG\Light Cult NFTs\Z9R7BMTU__4880 - Light Cult Crypto Club.JPG","D:\github\ron-english-light-cult-9001-10000\images\9501-9600\RE-011330.jpg",".JPG",".jpg","80"
"RE-011331","Light Cult Crypto Club","9521","ron-english-light-cult-9001-10000","9001-10000","gallery-9501-9600.html","9501-9600","RE-011331.jpg","images/9501-9600/RE-011331.jpg","Z9UB85KA__8913 - Light Cult Crypto Club.JPG","E:\Zotero-organized-export\JPG-JPEG\Light Cult NFTs\Z9UB85KA__8913 - Light Cult Crypto Club.JPG","D:\github\ron-english-light-cult-9001-10000\images\9501-9600\RE-011331.jpg",".JPG",".jpg","109.6"
"RE-011332","Light Cult Crypto Club","9522","ron-english-light-cult-9001-10000","9001-10000","gallery-9501-9600.html","9501-9600","RE-011332.jpg","images/9501-9600/RE-011332.jpg","Z9X5U3XS__6759 - Light Cult Crypto Club.JPG","E:\Zotero-organized-export\JPG-JPEG\Light Cult NFTs\Z9X5U3XS__6759 - Light Cult Crypto Club.JPG","D:\github\ron-english-light-cult-9001-10000\images\9501-9600\RE-011332.jpg",".JPG",".jpg","133.1"
"RE-011333","Light Cult Crypto Club","9523","ron-english-light-cult-9001-10000","9001-10000","gallery-9501-9600.html","9501-9600","RE-011333.jpg","images/9501-9600/RE-011333.jpg","Z9XJX4VE__8057 - Light Cult Crypto Club.JPG","E:\Zotero-organized-export\JPG-JPEG\Light Cult NFTs\Z9XJX4VE__8057 - Light Cult Crypto Club.JPG","D:\github\ron-english-light-cult-9001-10000\images\9501-9600\RE-011333.jpg",".JPG",".jpg","67.9"
"RE-011334","Light Cult Crypto Club","9524","ron-english-light-cult-9001-10000","9001-10000","gallery-9501-9600.html","9501-9600","RE-011334.jpg","images/9501-9600/RE-011334.jpg","ZA5D5DUI__Diapositiva331.JPG","E:\Zotero-organized-export\JPG-JPEG\Light Cult NFTs\ZA5D5DUI__Diapositiva331.JPG","D:\github\ron-english-light-cult-9001-10000\images\9501-9600\RE-011334.jpg",".JPG",".jpg","67.9"
"RE-011335","Light Cult Crypto Club","9525","ron-english-light-cult-9001-10000","9001-10000","gallery-9501-9600.html","9501-9600","RE-011335.jpg","images/9501-9600/RE-011335.jpg","ZA5MLG3H__7681 - Light Cult Crypto Club.JPG","E:\Zotero-organized-export\JPG-JPEG\Light Cult NFTs\ZA5MLG3H__7681 - Light Cult Crypto Club.JPG","D:\github\ron-english-light-cult-9001-10000\images\9501-9600\RE-011335.jpg",".JPG",".jpg","65.8"
"RE-011336","Light Cult Crypto Club","9526","ron-english-light-cult-9001-10000","9001-10000","gallery-9501-9600.html","9501-9600","RE-011336.jpg","images/9501-9600/RE-011336.jpg","ZAE23VTK__9098 - Light Cult Crypto Club.JPG","E:\Zotero-organized-export\JPG-JPEG\Light Cult NFTs\ZAE23VTK__9098 - Light Cult Crypto Club.JPG","D:\github\ron-english-light-cult-9001-10000\images\9501-9600\RE-011336.jpg",".JPG",".jpg","71.5"
"RE-011337","Light Cult Crypto Club","9527","ron-english-light-cult-9001-10000","9001-10000","gallery-9501-9600.html","9501-9600","RE-011337.jpg","images/9501-9600/RE-011337.jpg","ZAE4ASLG__5336 - Light Cult Crypto Club.JPG","E:\Zotero-organized-export\JPG-JPEG\Light Cult NFTs\ZAE4ASLG__5336 - Light Cult Crypto Club.JPG","D:\github\ron-english-light-cult-9001-10000\images\9501-9600\RE-011337.jpg",".JPG",".jpg","134.6"
"RE-011338","Light Cult Crypto Club","9528","ron-english-light-cult-9001-10000","9001-10000","gallery-9501-9600.html","9501-9600","RE-011338.jpg","images/9501-9600/RE-011338.jpg","ZASHDNF4__7849 - Light Cult Crypto Club.JPG","E:\Zotero-organized-export\JPG-JPEG\Light Cult NFTs\ZASHDNF4__7849 - Light Cult Crypto Club.JPG","D:\github\ron-english-light-cult-9001-10000\images\9501-9600\RE-011338.jpg",".JPG",".jpg","53.6"
"RE-011339","Light Cult Crypto Club","9529","ron-english-light-cult-9001-10000","9001-10000","gallery-9501-9600.html","9501-9600","RE-011339.jpg","images/9501-9600/RE-011339.jpg","ZAVD6FPH__8242 - Light Cult Crypto Club.JPG","E:\Zotero-organized-export\JPG-JPEG\Light Cult NFTs\ZAVD6FPH__8242 - Light Cult Crypto Club.JPG","D:\github\ron-english-light-cult-9001-10000\images\9501-9600\RE-011339.jpg",".JPG",".jpg","121.5"
"RE-011340","Light Cult Crypto Club","9530","ron-english-light-cult-9001-10000","9001-10000","gallery-9501-9600.html","9501-9600","RE-011340.jpg","images/9501-9600/RE-011340.jpg","ZAXASVCX__9254 - Light Cult Crypto Club.JPG","E:\Zotero-organized-export\JPG-JPEG\Light Cult NFTs\ZAXASVCX__9254 - Light Cult Crypto Club.JPG","D:\github\ron-english-light-cult-9001-10000\images\9501-9600\RE-011340.jpg",".JPG",".jpg","52.6"
"RE-011341","Light Cult Crypto Club","9531","ron-english-light-cult-9001-10000","9001-10000","gallery-9501-9600.html","9501-9600","RE-011341.jpg","images/9501-9600/RE-011341.jpg","ZAYB46IX__8830 - Light Cult Crypto Club.JPG","E:\Zotero-organized-export\JPG-JPEG\Light Cult NFTs\ZAYB46IX__8830 - Light Cult Crypto Club.JPG","D:\github\ron-english-light-cult-9001-10000\images\9501-9600\RE-011341.jpg",".JPG",".jpg","146.3"
"RE-011342","Light Cult Crypto Club","9532","ron-english-light-cult-9001-10000","9001-10000","gallery-9501-9600.html","9501-9600","RE-011342.jpg","images/9501-9600/RE-011342.jpg","ZAZ9XM4D__6246 - Light Cult Crypto Club.JPG","E:\Zotero-organized-export\JPG-JPEG\Light Cult NFTs\ZAZ9XM4D__6246 - Light Cult Crypto Club.JPG","D:\github\ron-english-light-cult-9001-10000\images\9501-9600\RE-011342.jpg",".JPG",".jpg","63.8"
"RE-011343","Light Cult Crypto Club","9533","ron-english-light-cult-9001-10000","9001-10000","gallery-9501-9600.html","9501-9600","RE-011343.jpg","images/9501-9600/RE-011343.jpg","ZB3V8WLN__6301 - Light Cult Crypto Club.JPG","E:\Zotero-organized-export\JPG-JPEG\Light Cult NFTs\ZB3V8WLN__6301 - Light Cult Crypto Club.JPG","D:\github\ron-english-light-cult-9001-10000\images\9501-9600\RE-011343.jpg",".JPG",".jpg","95.8"
"RE-011344","Light Cult Crypto Club","9534","ron-english-light-cult-9001-10000","9001-10000","gallery-9501-9600.html","9501-9600","RE-011344.jpg","images/9501-9600/RE-011344.jpg","ZB5MF2QS__6340 - Light Cult Crypto Club.JPG","E:\Zotero-organized-export\JPG-JPEG\Light Cult NFTs\ZB5MF2QS__6340 - Light Cult Crypto Club.JPG","D:\github\ron-english-light-cult-9001-10000\images\9501-9600\RE-011344.jpg",".JPG",".jpg","50.7"
"RE-011345","Light Cult Crypto Club","9535","ron-english-light-cult-9001-10000","9001-10000","gallery-9501-9600.html","9501-9600","RE-011345.jpg","images/9501-9600/RE-011345.jpg","ZB9LHJE8__5837 - Light Cult Crypto Club.JPG","E:\Zotero-organized-export\JPG-JPEG\Light Cult NFTs\ZB9LHJE8__5837 - Light Cult Crypto Club.JPG","D:\github\ron-english-light-cult-9001-10000\images\9501-9600\RE-011345.jpg",".JPG",".jpg","63.4"
"RE-011346","Light Cult Crypto Club","9536","ron-english-light-cult-9001-10000","9001-10000","gallery-9501-9600.html","9501-9600","RE-011346.jpg","images/9501-9600/RE-011346.jpg","ZBDJ93NP__7188 - Light Cult Crypto Club.JPG","E:\Zotero-organized-export\JPG-JPEG\Light Cult NFTs\ZBDJ93NP__7188 - Light Cult Crypto Club.JPG","D:\github\ron-english-light-cult-9001-10000\images\9501-9600\RE-011346.jpg",".JPG",".jpg","135.3"
"RE-011347","Light Cult Crypto Club","9537","ron-english-light-cult-9001-10000","9001-10000","gallery-9501-9600.html","9501-9600","RE-011347.jpg","images/9501-9600/RE-011347.jpg","ZBG8S8WF__3896 - Light Cult Crypto Club.JPG","E:\Zotero-organized-export\JPG-JPEG\Light Cult NFTs\ZBG8S8WF__3896 - Light Cult Crypto Club.JPG","D:\github\ron-english-light-cult-9001-10000\images\9501-9600\RE-011347.jpg",".JPG",".jpg","121.7"
"RE-011348","Light Cult Crypto Club","9538","ron-english-light-cult-9001-10000","9001-10000","gallery-9501-9600.html","9501-9600","RE-011348.jpg","images/9501-9600/RE-011348.jpg","ZBP4NJ7Q__4793 - Light Cult Crypto Club.JPG","E:\Zotero-organized-export\JPG-JPEG\Light Cult NFTs\ZBP4NJ7Q__4793 - Light Cult Crypto Club.JPG","D:\github\ron-english-light-cult-9001-10000\images\9501-9600\RE-011348.jpg",".JPG",".jpg","115.4"
"RE-011349","Light Cult Crypto Club","9539","ron-english-light-cult-9001-10000","9001-10000","gallery-9501-9600.html","9501-9600","RE-011349.jpg","images/9501-9600/RE-011349.jpg","ZBQVL8YA__5618 - Light Cult Crypto Club.JPG","E:\Zotero-organized-export\JPG-JPEG\Light Cult NFTs\ZBQVL8YA__5618 - Light Cult Crypto Club.JPG","D:\github\ron-english-light-cult-9001-10000\images\9501-9600\RE-011349.jpg",".JPG",".jpg","143.1"
"RE-011350","Light Cult Crypto Club","9540","ron-english-light-cult-9001-10000","9001-10000","gallery-9501-9600.html","9501-9600","RE-011350.jpg","images/9501-9600/RE-011350.jpg","ZBTEH94A__Diapositiva25.JPG","E:\Zotero-organized-export\JPG-JPEG\Light Cult NFTs\ZBTEH94A__Diapositiva25.JPG","D:\github\ron-english-light-cult-9001-10000\images\9501-9600\RE-011350.jpg",".JPG",".jpg","82.8"
"RE-011351","Light Cult Crypto Club","9541","ron-english-light-cult-9001-10000","9001-10000","gallery-9501-9600.html","9501-9600","RE-011351.jpg","images/9501-9600/RE-011351.jpg","ZBVQG8RI__Diapositiva950.JPG","E:\Zotero-organized-export\JPG-JPEG\Light Cult NFTs\ZBVQG8RI__Diapositiva950.JPG","D:\github\ron-english-light-cult-9001-10000\images\9501-9600\RE-011351.jpg",".JPG",".jpg","89.9"
"RE-011352","Light Cult Crypto Club","9542","ron-english-light-cult-9001-10000","9001-10000","gallery-9501-9600.html","9501-9600","RE-011352.jpg","images/9501-9600/RE-011352.jpg","ZBYNGRMW__8403 - Light Cult Crypto Club.JPG","E:\Zotero-organized-export\JPG-JPEG\Light Cult NFTs\ZBYNGRMW__8403 - Light Cult Crypto Club.JPG","D:\github\ron-english-light-cult-9001-10000\images\9501-9600\RE-011352.jpg",".JPG",".jpg","58.4"
"RE-011353","Light Cult Crypto Club","9543","ron-english-light-cult-9001-10000","9001-10000","gallery-9501-9600.html","9501-9600","RE-011353.jpg","images/9501-9600/RE-011353.jpg","ZC3HITVG__7592 - Light Cult Crypto Club.JPG","E:\Zotero-organized-export\JPG-JPEG\Light Cult NFTs\ZC3HITVG__7592 - Light Cult Crypto Club.JPG","D:\github\ron-english-light-cult-9001-10000\images\9501-9600\RE-011353.jpg",".JPG",".jpg","72.2"
"RE-011354","Light Cult Crypto Club","9544","ron-english-light-cult-9001-10000","9001-10000","gallery-9501-9600.html","9501-9600","RE-011354.jpg","images/9501-9600/RE-011354.jpg","ZC6T62PY__8881 - Light Cult Crypto Club.JPG","E:\Zotero-organized-export\JPG-JPEG\Light Cult NFTs\ZC6T62PY__8881 - Light Cult Crypto Club.JPG","D:\github\ron-english-light-cult-9001-10000\images\9501-9600\RE-011354.jpg",".JPG",".jpg","61.3"
"RE-011355","Light Cult Crypto Club","9545","ron-english-light-cult-9001-10000","9001-10000","gallery-9501-9600.html","9501-9600","RE-011355.jpg","images/9501-9600/RE-011355.jpg","ZC87H9TM__7932 - Light Cult Crypto Club.JPG","E:\Zotero-organized-export\JPG-JPEG\Light Cult NFTs\ZC87H9TM__7932 - Light Cult Crypto Club.JPG","D:\github\ron-english-light-cult-9001-10000\images\9501-9600\RE-011355.jpg",".JPG",".jpg","51.3"
"RE-011356","Light Cult Crypto Club","9546","ron-english-light-cult-9001-10000","9001-10000","gallery-9501-9600.html","9501-9600","RE-011356.jpg","images/9501-9600/RE-011356.jpg","ZCEIWYPN__6455 - Light Cult Crypto Club.JPG","E:\Zotero-organized-export\JPG-JPEG\Light Cult NFTs\ZCEIWYPN__6455 - Light Cult Crypto Club.JPG","D:\github\ron-english-light-cult-9001-10000\images\9501-9600\RE-011356.jpg",".JPG",".jpg","124.2"
"RE-011357","Light Cult Crypto Club","9547","ron-english-light-cult-9001-10000","9001-10000","gallery-9501-9600.html","9501-9600","RE-011357.jpg","images/9501-9600/RE-011357.jpg","ZCG3IJ2K__7534 - Light Cult Crypto Club.JPG","E:\Zotero-organized-export\JPG-JPEG\Light Cult NFTs\ZCG3IJ2K__7534 - Light Cult Crypto Club.JPG","D:\github\ron-english-light-cult-9001-10000\images\9501-9600\RE-011357.jpg",".JPG",".jpg","64.8"
"RE-011358","Light Cult Crypto Club","9548","ron-english-light-cult-9001-10000","9001-10000","gallery-9501-9600.html","9501-9600","RE-011358.jpg","images/9501-9600/RE-011358.jpg","ZCJI3WBZ__4727 - Light Cult Crypto Club.JPG","E:\Zotero-organized-export\JPG-JPEG\Light Cult NFTs\ZCJI3WBZ__4727 - Light Cult Crypto Club.JPG","D:\github\ron-english-light-cult-9001-10000\images\9501-9600\RE-011358.jpg",".JPG",".jpg","122.7"
"RE-011359","Light Cult Crypto Club","9549","ron-english-light-cult-9001-10000","9001-10000","gallery-9501-9600.html","9501-9600","RE-011359.jpg","images/9501-9600/RE-011359.jpg","ZCRTDMHD__5742 - Light Cult Crypto Club.JPG","E:\Zotero-organized-export\JPG-JPEG\Light Cult NFTs\ZCRTDMHD__5742 - Light Cult Crypto Club.JPG","D:\github\ron-english-light-cult-9001-10000\images\9501-9600\RE-011359.jpg",".JPG",".jpg","106.5"
"RE-011360","Light Cult Crypto Club","9550","ron-english-light-cult-9001-10000","9001-10000","gallery-9501-9600.html","9501-9600","RE-011360.jpg","images/9501-9600/RE-011360.jpg","ZCT3ZD46__5187 - Light Cult Crypto Club.JPG","E:\Zotero-organized-export\JPG-JPEG\Light Cult NFTs\ZCT3ZD46__5187 - Light Cult Crypto Club.JPG","D:\github\ron-english-light-cult-9001-10000\images\9501-9600\RE-011360.jpg",".JPG",".jpg","131.6"
"RE-011361","Light Cult Crypto Club","9551","ron-english-light-cult-9001-10000","9001-10000","gallery-9501-9600.html","9501-9600","RE-011361.jpg","images/9501-9600/RE-011361.jpg","ZCWTY66X__5776 - Light Cult Crypto Club.JPG","E:\Zotero-organized-export\JPG-JPEG\Light Cult NFTs\ZCWTY66X__5776 - Light Cult Crypto Club.JPG","D:\github\ron-english-light-cult-9001-10000\images\9501-9600\RE-011361.jpg",".JPG",".jpg","104.5"
"RE-011362","Light Cult Crypto Club","9552","ron-english-light-cult-9001-10000","9001-10000","gallery-9501-9600.html","9501-9600","RE-011362.jpg","images/9501-9600/RE-011362.jpg","ZD68WZVH__3801 - Light Cult Crypto Club.JPG","E:\Zotero-organized-export\JPG-JPEG\Light Cult NFTs\ZD68WZVH__3801 - Light Cult Crypto Club.JPG","D:\github\ron-english-light-cult-9001-10000\images\9501-9600\RE-011362.jpg",".JPG",".jpg","74.3"
"RE-011363","Light Cult Crypto Club","9553","ron-english-light-cult-9001-10000","9001-10000","gallery-9501-9600.html","9501-9600","RE-011363.jpg","images/9501-9600/RE-011363.jpg","ZD6CIZYI__Diapositiva205.JPG","E:\Zotero-organized-export\JPG-JPEG\Light Cult NFTs\ZD6CIZYI__Diapositiva205.JPG","D:\github\ron-english-light-cult-9001-10000\images\9501-9600\RE-011363.jpg",".JPG",".jpg","60.2"
"RE-011364","Light Cult Crypto Club","9554","ron-english-light-cult-9001-10000","9001-10000","gallery-9501-9600.html","9501-9600","RE-011364.jpg","images/9501-9600/RE-011364.jpg","ZD89E64P__8860 - Light Cult Crypto Club.JPG","E:\Zotero-organized-export\JPG-JPEG\Light Cult NFTs\ZD89E64P__8860 - Light Cult Crypto Club.JPG","D:\github\ron-english-light-cult-9001-10000\images\9501-9600\RE-011364.jpg",".JPG",".jpg","152"
"RE-011365","Light Cult Crypto Club","9555","ron-english-light-cult-9001-10000","9001-10000","gallery-9501-9600.html","9501-9600","RE-011365.jpg","images/9501-9600/RE-011365.jpg","ZD8UH9TJ__Diapositiva831.JPG","E:\Zotero-organized-export\JPG-JPEG\Light Cult NFTs\ZD8UH9TJ__Diapositiva831.JPG","D:\github\ron-english-light-cult-9001-10000\images\9501-9600\RE-011365.jpg",".JPG",".jpg","116.5"
"RE-011366","Light Cult Crypto Club","9556","ron-english-light-cult-9001-10000","9001-10000","gallery-9501-9600.html","9501-9600","RE-011366.jpg","images/9501-9600/RE-011366.jpg","ZDADU5BX__Diapositiva238.JPG","E:\Zotero-organized-export\JPG-JPEG\Light Cult NFTs\ZDADU5BX__Diapositiva238.JPG","D:\github\ron-english-light-cult-9001-10000\images\9501-9600\RE-011366.jpg",".JPG",".jpg","74.8"
"RE-011367","Light Cult Crypto Club","9557","ron-english-light-cult-9001-10000","9001-10000","gallery-9501-9600.html","9501-9600","RE-011367.jpg","images/9501-9600/RE-011367.jpg","ZDDQLHYT__9260 - Light Cult Crypto Club.JPG","E:\Zotero-organized-export\JPG-JPEG\Light Cult NFTs\ZDDQLHYT__9260 - Light Cult Crypto Club.JPG","D:\github\ron-english-light-cult-9001-10000\images\9501-9600\RE-011367.jpg",".JPG",".jpg","85.4"
"RE-011368","Light Cult Crypto Club","9558","ron-english-light-cult-9001-10000","9001-10000","gallery-9501-9600.html","9501-9600","RE-011368.jpg","images/9501-9600/RE-011368.jpg","ZDHLJZYG__9797 - Light Cult Crypto Club.JPG","E:\Zotero-organized-export\JPG-JPEG\Light Cult NFTs\ZDHLJZYG__9797 - Light Cult Crypto Club.JPG","D:\github\ron-english-light-cult-9001-10000\images\9501-9600\RE-011368.jpg",".JPG",".jpg","110.2"
"RE-011369","Light Cult Crypto Club","9559","ron-english-light-cult-9001-10000","9001-10000","gallery-9501-9600.html","9501-9600","RE-011369.jpg","images/9501-9600/RE-011369.jpg","ZDRZK94H__7539 - Light Cult Crypto Club.JPG","E:\Zotero-organized-export\JPG-JPEG\Light Cult NFTs\ZDRZK94H__7539 - Light Cult Crypto Club.JPG","D:\github\ron-english-light-cult-9001-10000\images\9501-9600\RE-011369.jpg",".JPG",".jpg","86.7"
"RE-011370","Light Cult Crypto Club","9560","ron-english-light-cult-9001-10000","9001-10000","gallery-9501-9600.html","9501-9600","RE-011370.jpg","images/9501-9600/RE-011370.jpg","ZDYDJUMV__8794 - Light Cult Crypto Club.JPG","E:\Zotero-organized-export\JPG-JPEG\Light Cult NFTs\ZDYDJUMV__8794 - Light Cult Crypto Club.JPG","D:\github\ron-english-light-cult-9001-10000\images\9501-9600\RE-011370.jpg",".JPG",".jpg","141.2"
"RE-011371","Light Cult Crypto Club","9561","ron-english-light-cult-9001-10000","9001-10000","gallery-9501-9600.html","9501-9600","RE-011371.jpg","images/9501-9600/RE-011371.jpg","ZDYUTLVE__7754 - Light Cult Crypto Club.JPG","E:\Zotero-organized-export\JPG-JPEG\Light Cult NFTs\ZDYUTLVE__7754 - Light Cult Crypto Club.JPG","D:\github\ron-english-light-cult-9001-10000\images\9501-9600\RE-011371.jpg",".JPG",".jpg","178.1"
"RE-011372","Light Cult Crypto Club","9562","ron-english-light-cult-9001-10000","9001-10000","gallery-9501-9600.html","9501-9600","RE-011372.jpg","images/9501-9600/RE-011372.jpg","ZE2TV7KW__Diapositiva345.JPG","E:\Zotero-organized-export\JPG-JPEG\Light Cult NFTs\ZE2TV7KW__Diapositiva345.JPG","D:\github\ron-english-light-cult-9001-10000\images\9501-9600\RE-011372.jpg",".JPG",".jpg","119.5"
"RE-011373","Light Cult Crypto Club","9563","ron-english-light-cult-9001-10000","9001-10000","gallery-9501-9600.html","9501-9600","RE-011373.jpg","images/9501-9600/RE-011373.jpg","ZE64ZEXV__8475 - Light Cult Crypto Club.JPG","E:\Zotero-organized-export\JPG-JPEG\Light Cult NFTs\ZE64ZEXV__8475 - Light Cult Crypto Club.JPG","D:\github\ron-english-light-cult-9001-10000\images\9501-9600\RE-011373.jpg",".JPG",".jpg","123.3"
"RE-011374","Light Cult Crypto Club","9564","ron-english-light-cult-9001-10000","9001-10000","gallery-9501-9600.html","9501-9600","RE-011374.jpg","images/9501-9600/RE-011374.jpg","ZE8LWQ7P__Diapositiva405.JPG","E:\Zotero-organized-export\JPG-JPEG\Light Cult NFTs\ZE8LWQ7P__Diapositiva405.JPG","D:\github\ron-english-light-cult-9001-10000\images\9501-9600\RE-011374.jpg",".JPG",".jpg","114.9"
"RE-011375","Light Cult Crypto Club","9565","ron-english-light-cult-9001-10000","9001-10000","gallery-9501-9600.html","9501-9600","RE-011375.jpg","images/9501-9600/RE-011375.jpg","ZEBH9QJ6__3957 - Light Cult Crypto Club.JPG","E:\Zotero-organized-export\JPG-JPEG\Light Cult NFTs\ZEBH9QJ6__3957 - Light Cult Crypto Club.JPG","D:\github\ron-english-light-cult-9001-10000\images\9501-9600\RE-011375.jpg",".JPG",".jpg","92"
"RE-011376","Light Cult Crypto Club","9566","ron-english-light-cult-9001-10000","9001-10000","gallery-9501-9600.html","9501-9600","RE-011376.jpg","images/9501-9600/RE-011376.jpg","ZECVHYEL__3618 - Light Cult Crypto Club.JPG","E:\Zotero-organized-export\JPG-JPEG\Light Cult NFTs\ZECVHYEL__3618 - Light Cult Crypto Club.JPG","D:\github\ron-english-light-cult-9001-10000\images\9501-9600\RE-011376.jpg",".JPG",".jpg","75.7"
"RE-011377","Light Cult Crypto Club","9567","ron-english-light-cult-9001-10000","9001-10000","gallery-9501-9600.html","9501-9600","RE-011377.jpg","images/9501-9600/RE-011377.jpg","ZEH8BV76__Diapositiva944.JPG","E:\Zotero-organized-export\JPG-JPEG\Light Cult NFTs\ZEH8BV76__Diapositiva944.JPG","D:\github\ron-english-light-cult-9001-10000\images\9501-9600\RE-011377.jpg",".JPG",".jpg","102.4"
"RE-011378","Light Cult Crypto Club","9568","ron-english-light-cult-9001-10000","9001-10000","gallery-9501-9600.html","9501-9600","RE-011378.jpg","images/9501-9600/RE-011378.jpg","ZF6VGSD6__7627 - Light Cult Crypto Club.JPG","E:\Zotero-organized-export\JPG-JPEG\Light Cult NFTs\ZF6VGSD6__7627 - Light Cult Crypto Club.JPG","D:\github\ron-english-light-cult-9001-10000\images\9501-9600\RE-011378.jpg",".JPG",".jpg","76.2"
"RE-011379","Light Cult Crypto Club","9569","ron-english-light-cult-9001-10000","9001-10000","gallery-9501-9600.html","9501-9600","RE-011379.jpg","images/9501-9600/RE-011379.jpg","ZF8NB2K6__4202 - Light Cult Crypto Club.JPG","E:\Zotero-organized-export\JPG-JPEG\Light Cult NFTs\ZF8NB2K6__4202 - Light Cult Crypto Club.JPG","D:\github\ron-english-light-cult-9001-10000\images\9501-9600\RE-011379.jpg",".JPG",".jpg","79.5"
"RE-011380","Light Cult Crypto Club","9570","ron-english-light-cult-9001-10000","9001-10000","gallery-9501-9600.html","9501-9600","RE-011380.jpg","images/9501-9600/RE-011380.jpg","ZF9QYBR7__3914 - Light Cult Crypto Club.JPG","E:\Zotero-organized-export\JPG-JPEG\Light Cult NFTs\ZF9QYBR7__3914 - Light Cult Crypto Club.JPG","D:\github\ron-english-light-cult-9001-10000\images\9501-9600\RE-011380.jpg",".JPG",".jpg","93.2"
"RE-011381","Light Cult Crypto Club","9571","ron-english-light-cult-9001-10000","9001-10000","gallery-9501-9600.html","9501-9600","RE-011381.jpg","images/9501-9600/RE-011381.jpg","ZFA99P3S__4404 - Light Cult Crypto Club.JPG","E:\Zotero-organized-export\JPG-JPEG\Light Cult NFTs\ZFA99P3S__4404 - Light Cult Crypto Club.JPG","D:\github\ron-english-light-cult-9001-10000\images\9501-9600\RE-011381.jpg",".JPG",".jpg","50.5"
"RE-011382","Light Cult Crypto Club","9572","ron-english-light-cult-9001-10000","9001-10000","gallery-9501-9600.html","9501-9600","RE-011382.jpg","images/9501-9600/RE-011382.jpg","ZFBIBURZ__5685 - Light Cult Crypto Club.JPG","E:\Zotero-organized-export\JPG-JPEG\Light Cult NFTs\ZFBIBURZ__5685 - Light Cult Crypto Club.JPG","D:\github\ron-english-light-cult-9001-10000\images\9501-9600\RE-011382.jpg",".JPG",".jpg","101.5"
"RE-011383","Light Cult Crypto Club","9573","ron-english-light-cult-9001-10000","9001-10000","gallery-9501-9600.html","9501-9600","RE-011383.jpg","images/9501-9600/RE-011383.jpg","ZFGQSK5T__Diapositiva118.JPG","E:\Zotero-organized-export\JPG-JPEG\Light Cult NFTs\ZFGQSK5T__Diapositiva118.JPG","D:\github\ron-english-light-cult-9001-10000\images\9501-9600\RE-011383.jpg",".JPG",".jpg","71.5"
"RE-011384","Light Cult Crypto Club","9574","ron-english-light-cult-9001-10000","9001-10000","gallery-9501-9600.html","9501-9600","RE-011384.jpg","images/9501-9600/RE-011384.jpg","ZFHHAUW3__Diapositiva70.JPG","E:\Zotero-organized-export\JPG-JPEG\Light Cult NFTs\ZFHHAUW3__Diapositiva70.JPG","D:\github\ron-english-light-cult-9001-10000\images\9501-9600\RE-011384.jpg",".JPG",".jpg","64.6"
"RE-011385","Light Cult Crypto Club","9575","ron-english-light-cult-9001-10000","9001-10000","gallery-9501-9600.html","9501-9600","RE-011385.jpg","images/9501-9600/RE-011385.jpg","ZFNRKQQ4__5775 - Light Cult Crypto Club.JPG","E:\Zotero-organized-export\JPG-JPEG\Light Cult NFTs\ZFNRKQQ4__5775 - Light Cult Crypto Club.JPG","D:\github\ron-english-light-cult-9001-10000\images\9501-9600\RE-011385.jpg",".JPG",".jpg","127.5"
"RE-011386","Light Cult Crypto Club","9576","ron-english-light-cult-9001-10000","9001-10000","gallery-9501-9600.html","9501-9600","RE-011386.jpg","images/9501-9600/RE-011386.jpg","ZFXZYCVT__5176 - Light Cult Crypto Club.JPG","E:\Zotero-organized-export\JPG-JPEG\Light Cult NFTs\ZFXZYCVT__5176 - Light Cult Crypto Club.JPG","D:\github\ron-english-light-cult-9001-10000\images\9501-9600\RE-011386.jpg",".JPG",".jpg","97.3"
"RE-011387","Light Cult Crypto Club","9577","ron-english-light-cult-9001-10000","9001-10000","gallery-9501-9600.html","9501-9600","RE-011387.jpg","images/9501-9600/RE-011387.jpg","ZFZG26YL__3131 - Light Cult Crypto Club.JPG","E:\Zotero-organized-export\JPG-JPEG\Light Cult NFTs\ZFZG26YL__3131 - Light Cult Crypto Club.JPG","D:\github\ron-english-light-cult-9001-10000\images\9501-9600\RE-011387.jpg",".JPG",".jpg","62.6"
"RE-011388","Light Cult Crypto Club","9578","ron-english-light-cult-9001-10000","9001-10000","gallery-9501-9600.html","9501-9600","RE-011388.jpg","images/9501-9600/RE-011388.jpg","ZG4B3XH3__8128 - Light Cult Crypto Club.JPG","E:\Zotero-organized-export\JPG-JPEG\Light Cult NFTs\ZG4B3XH3__8128 - Light Cult Crypto Club.JPG","D:\github\ron-english-light-cult-9001-10000\images\9501-9600\RE-011388.jpg",".JPG",".jpg","81.9"
"RE-011389","Light Cult Crypto Club","9579","ron-english-light-cult-9001-10000","9001-10000","gallery-9501-9600.html","9501-9600","RE-011389.jpg","images/9501-9600/RE-011389.jpg","ZG534GH9__Diapositiva389.JPG","E:\Zotero-organized-export\JPG-JPEG\Light Cult NFTs\ZG534GH9__Diapositiva389.JPG","D:\github\ron-english-light-cult-9001-10000\images\9501-9600\RE-011389.jpg",".JPG",".jpg","125.9"
"RE-011390","Light Cult Crypto Club","9580","ron-english-light-cult-9001-10000","9001-10000","gallery-9501-9600.html","9501-9600","RE-011390.jpg","images/9501-9600/RE-011390.jpg","ZGNXYMYP__6869 - Light Cult Crypto Club.JPG","E:\Zotero-organized-export\JPG-JPEG\Light Cult NFTs\ZGNXYMYP__6869 - Light Cult Crypto Club.JPG","D:\github\ron-english-light-cult-9001-10000\images\9501-9600\RE-011390.jpg",".JPG",".jpg","163.5"
"RE-011391","Light Cult Crypto Club","9581","ron-english-light-cult-9001-10000","9001-10000","gallery-9501-9600.html","9501-9600","RE-011391.jpg","images/9501-9600/RE-011391.jpg","ZGYR88LX__9563 - Light Cult Crypto Club.JPG","E:\Zotero-organized-export\JPG-JPEG\Light Cult NFTs\ZGYR88LX__9563 - Light Cult Crypto Club.JPG","D:\github\ron-english-light-cult-9001-10000\images\9501-9600\RE-011391.jpg",".JPG",".jpg","143.2"
"RE-011392","Light Cult Crypto Club","9582","ron-english-light-cult-9001-10000","9001-10000","gallery-9501-9600.html","9501-9600","RE-011392.jpg","images/9501-9600/RE-011392.jpg","ZH6K3H5J__4216 - Light Cult Crypto Club.JPG","E:\Zotero-organized-export\JPG-JPEG\Light Cult NFTs\ZH6K3H5J__4216 - Light Cult Crypto Club.JPG","D:\github\ron-english-light-cult-9001-10000\images\9501-9600\RE-011392.jpg",".JPG",".jpg","124"
"RE-011393","Light Cult Crypto Club","9583","ron-english-light-cult-9001-10000","9001-10000","gallery-9501-9600.html","9501-9600","RE-011393.jpg","images/9501-9600/RE-011393.jpg","ZH7C6Q8R__7274 - Light Cult Crypto Club.JPG","E:\Zotero-organized-export\JPG-JPEG\Light Cult NFTs\ZH7C6Q8R__7274 - Light Cult Crypto Club.JPG","D:\github\ron-english-light-cult-9001-10000\images\9501-9600\RE-011393.jpg",".JPG",".jpg","73.7"
"RE-011394","Light Cult Crypto Club","9584","ron-english-light-cult-9001-10000","9001-10000","gallery-9501-9600.html","9501-9600","RE-011394.jpg","images/9501-9600/RE-011394.jpg","ZHBC99WG__4566 - Light Cult Crypto Club.JPG","E:\Zotero-organized-export\JPG-JPEG\Light Cult NFTs\ZHBC99WG__4566 - Light Cult Crypto Club.JPG","D:\github\ron-english-light-cult-9001-10000\images\9501-9600\RE-011394.jpg",".JPG",".jpg","153.4"
"RE-011395","Light Cult Crypto Club","9585","ron-english-light-cult-9001-10000","9001-10000","gallery-9501-9600.html","9501-9600","RE-011395.jpg","images/9501-9600/RE-011395.jpg","ZHCRIGE5__Diapositiva886.JPG","E:\Zotero-organized-export\JPG-JPEG\Light Cult NFTs\ZHCRIGE5__Diapositiva886.JPG","D:\github\ron-english-light-cult-9001-10000\images\9501-9600\RE-011395.jpg",".JPG",".jpg","62.2"
"RE-011396","Light Cult Crypto Club","9586","ron-english-light-cult-9001-10000","9001-10000","gallery-9501-9600.html","9501-9600","RE-011396.jpg","images/9501-9600/RE-011396.jpg","ZHHPUYTV__Diapositiva390.JPG","E:\Zotero-organized-export\JPG-JPEG\Light Cult NFTs\ZHHPUYTV__Diapositiva390.JPG","D:\github\ron-english-light-cult-9001-10000\images\9501-9600\RE-011396.jpg",".JPG",".jpg","59.6"
"RE-011397","Light Cult Crypto Club","9587","ron-english-light-cult-9001-10000","9001-10000","gallery-9501-9600.html","9501-9600","RE-011397.jpg","images/9501-9600/RE-011397.jpg","ZHIA2R5I__9055 - Light Cult Crypto Club.JPG","E:\Zotero-organized-export\JPG-JPEG\Light Cult NFTs\ZHIA2R5I__9055 - Light Cult Crypto Club.JPG","D:\github\ron-english-light-cult-9001-10000\images\9501-9600\RE-011397.jpg",".JPG",".jpg","100.1"
"RE-011398","Light Cult Crypto Club","9588","ron-english-light-cult-9001-10000","9001-10000","gallery-9501-9600.html","9501-9600","RE-011398.jpg","images/9501-9600/RE-011398.jpg","ZHKGL235__5653 - Light Cult Crypto Club.JPG","E:\Zotero-organized-export\JPG-JPEG\Light Cult NFTs\ZHKGL235__5653 - Light Cult Crypto Club.JPG","D:\github\ron-english-light-cult-9001-10000\images\9501-9600\RE-011398.jpg",".JPG",".jpg","142.1"
"RE-011399","Light Cult Crypto Club","9589","ron-english-light-cult-9001-10000","9001-10000","gallery-9501-9600.html","9501-9600","RE-011399.jpg","images/9501-9600/RE-011399.jpg","ZHTS22KJ__9908 - Light Cult Crypto Club.JPG","E:\Zotero-organized-export\JPG-JPEG\Light Cult NFTs\ZHTS22KJ__9908 - Light Cult Crypto Club.JPG","D:\github\ron-english-light-cult-9001-10000\images\9501-9600\RE-011399.jpg",".JPG",".jpg","105"
"RE-011400","Light Cult Crypto Club","9590","ron-english-light-cult-9001-10000","9001-10000","gallery-9501-9600.html","9501-9600","RE-011400.jpg","images/9501-9600/RE-011400.jpg","ZHZWKCH2__Diapositiva256.JPG","E:\Zotero-organized-export\JPG-JPEG\Light Cult NFTs\ZHZWKCH2__Diapositiva256.JPG","D:\github\ron-english-light-cult-9001-10000\images\9501-9600\RE-011400.jpg",".JPG",".jpg","134.3"
"RE-011401","Light Cult Crypto Club","9591","ron-english-light-cult-9001-10000","9001-10000","gallery-9501-9600.html","9501-9600","RE-011401.jpg","images/9501-9600/RE-011401.jpg","ZI3M5GUS__8963 - Light Cult Crypto Club.JPG","E:\Zotero-organized-export\JPG-JPEG\Light Cult NFTs\ZI3M5GUS__8963 - Light Cult Crypto Club.JPG","D:\github\ron-english-light-cult-9001-10000\images\9501-9600\RE-011401.jpg",".JPG",".jpg","56.6"
"RE-011402","Light Cult Crypto Club","9592","ron-english-light-cult-9001-10000","9001-10000","gallery-9501-9600.html","9501-9600","RE-011402.jpg","images/9501-9600/RE-011402.jpg","ZI4GID38__7638 - Light Cult Crypto Club.JPG","E:\Zotero-organized-export\JPG-JPEG\Light Cult NFTs\ZI4GID38__7638 - Light Cult Crypto Club.JPG","D:\github\ron-english-light-cult-9001-10000\images\9501-9600\RE-011402.jpg",".JPG",".jpg","47.8"
"RE-011403","Light Cult Crypto Club","9593","ron-english-light-cult-9001-10000","9001-10000","gallery-9501-9600.html","9501-9600","RE-011403.jpg","images/9501-9600/RE-011403.jpg","ZI4KN8V7__4657 - Light Cult Crypto Club.JPG","E:\Zotero-organized-export\JPG-JPEG\Light Cult NFTs\ZI4KN8V7__4657 - Light Cult Crypto Club.JPG","D:\github\ron-english-light-cult-9001-10000\images\9501-9600\RE-011403.jpg",".JPG",".jpg","62"
"RE-011404","Light Cult Crypto Club","9594","ron-english-light-cult-9001-10000","9001-10000","gallery-9501-9600.html","9501-9600","RE-011404.jpg","images/9501-9600/RE-011404.jpg","ZI5VW5HY__9985 - Light Cult Crypto Club.JPG","E:\Zotero-organized-export\JPG-JPEG\Light Cult NFTs\ZI5VW5HY__9985 - Light Cult Crypto Club.JPG","D:\github\ron-english-light-cult-9001-10000\images\9501-9600\RE-011404.jpg",".JPG",".jpg","98"
"RE-011405","Light Cult Crypto Club","9595","ron-english-light-cult-9001-10000","9001-10000","gallery-9501-9600.html","9501-9600","RE-011405.jpg","images/9501-9600/RE-011405.jpg","ZI7A7YTT__Diapositiva875.JPG","E:\Zotero-organized-export\JPG-JPEG\Light Cult NFTs\ZI7A7YTT__Diapositiva875.JPG","D:\github\ron-english-light-cult-9001-10000\images\9501-9600\RE-011405.jpg",".JPG",".jpg","130"
"RE-011406","Light Cult Crypto Club","9596","ron-english-light-cult-9001-10000","9001-10000","gallery-9501-9600.html","9501-9600","RE-011406.jpg","images/9501-9600/RE-011406.jpg","ZII7PL2N__6646 - Light Cult Crypto Club.JPG","E:\Zotero-organized-export\JPG-JPEG\Light Cult NFTs\ZII7PL2N__6646 - Light Cult Crypto Club.JPG","D:\github\ron-english-light-cult-9001-10000\images\9501-9600\RE-011406.jpg",".JPG",".jpg","82.8"
"RE-011407","Light Cult Crypto Club","9597","ron-english-light-cult-9001-10000","9001-10000","gallery-9501-9600.html","9501-9600","RE-011407.jpg","images/9501-9600/RE-011407.jpg","ZIKI2T32__8803 - Light Cult Crypto Club.JPG","E:\Zotero-organized-export\JPG-JPEG\Light Cult NFTs\ZIKI2T32__8803 - Light Cult Crypto Club.JPG","D:\github\ron-english-light-cult-9001-10000\images\9501-9600\RE-011407.jpg",".JPG",".jpg","41.5"
"RE-011408","Light Cult Crypto Club","9598","ron-english-light-cult-9001-10000","9001-10000","gallery-9501-9600.html","9501-9600","RE-011408.jpg","images/9501-9600/RE-011408.jpg","ZIMNL6YH__Diapositiva274.JPG","E:\Zotero-organized-export\JPG-JPEG\Light Cult NFTs\ZIMNL6YH__Diapositiva274.JPG","D:\github\ron-english-light-cult-9001-10000\images\9501-9600\RE-011408.jpg",".JPG",".jpg","80"
"RE-011409","Light Cult Crypto Club","9599","ron-english-light-cult-9001-10000","9001-10000","gallery-9501-9600.html","9501-9600","RE-011409.jpg","images/9501-9600/RE-011409.jpg","ZIRKWMCC__6684 - Light Cult Crypto Club.JPG","E:\Zotero-organized-export\JPG-JPEG\Light Cult NFTs\ZIRKWMCC__6684 - Light Cult Crypto Club.JPG","D:\github\ron-english-light-cult-9001-10000\images\9501-9600\RE-011409.jpg",".JPG",".jpg","53.9"
"RE-011410","Light Cult Crypto Club","9600","ron-english-light-cult-9001-10000","9001-10000","gallery-9501-9600.html","9501-9600","RE-011410.jpg","images/9501-9600/RE-011410.jpg","ZJ42KP3L__7851 - Light Cult Crypto Club.JPG","E:\Zotero-organized-export\JPG-JPEG\Light Cult NFTs\ZJ42KP3L__7851 - Light Cult Crypto Club.JPG","D:\github\ron-english-light-cult-9001-10000\images\9501-9600\RE-011410.jpg",".JPG",".jpg","136.3"
"RE-011411","Light Cult Crypto Club","9601","ron-english-light-cult-9001-10000","9001-10000","gallery-9601-9700.html","9601-9700","RE-011411.jpg","images/9601-9700/RE-011411.jpg","ZJ55N23G__3746 - Light Cult Crypto Club.JPG","E:\Zotero-organized-export\JPG-JPEG\Light Cult NFTs\ZJ55N23G__3746 - Light Cult Crypto Club.JPG","D:\github\ron-english-light-cult-9001-10000\images\9601-9700\RE-011411.jpg",".JPG",".jpg","127.1"
"RE-011412","Light Cult Crypto Club","9602","ron-english-light-cult-9001-10000","9001-10000","gallery-9601-9700.html","9601-9700","RE-011412.jpg","images/9601-9700/RE-011412.jpg","ZJGJJ9QZ__4686 - Light Cult Crypto Club.JPG","E:\Zotero-organized-export\JPG-JPEG\Light Cult NFTs\ZJGJJ9QZ__4686 - Light Cult Crypto Club.JPG","D:\github\ron-english-light-cult-9001-10000\images\9601-9700\RE-011412.jpg",".JPG",".jpg","74.4"
"RE-011413","Light Cult Crypto Club","9603","ron-english-light-cult-9001-10000","9001-10000","gallery-9601-9700.html","9601-9700","RE-011413.jpg","images/9601-9700/RE-011413.jpg","ZJNUPMUN__7761 - Light Cult Crypto Club.JPG","E:\Zotero-organized-export\JPG-JPEG\Light Cult NFTs\ZJNUPMUN__7761 - Light Cult Crypto Club.JPG","D:\github\ron-english-light-cult-9001-10000\images\9601-9700\RE-011413.jpg",".JPG",".jpg","59"
"RE-011414","Light Cult Crypto Club","9604","ron-english-light-cult-9001-10000","9001-10000","gallery-9601-9700.html","9601-9700","RE-011414.jpg","images/9601-9700/RE-011414.jpg","ZJUI4SFK__6207 - Light Cult Crypto Club.JPG","E:\Zotero-organized-export\JPG-JPEG\Light Cult NFTs\ZJUI4SFK__6207 - Light Cult Crypto Club.JPG","D:\github\ron-english-light-cult-9001-10000\images\9601-9700\RE-011414.jpg",".JPG",".jpg","102.9"
"RE-011415","Light Cult Crypto Club","9605","ron-english-light-cult-9001-10000","9001-10000","gallery-9601-9700.html","9601-9700","RE-011415.jpg","images/9601-9700/RE-011415.jpg","ZJYPACUZ__7277 - Light Cult Crypto Club.JPG","E:\Zotero-organized-export\JPG-JPEG\Light Cult NFTs\ZJYPACUZ__7277 - Light Cult Crypto Club.JPG","D:\github\ron-english-light-cult-9001-10000\images\9601-9700\RE-011415.jpg",".JPG",".jpg","130.1"
"RE-011416","Light Cult Crypto Club","9606","ron-english-light-cult-9001-10000","9001-10000","gallery-9601-9700.html","9601-9700","RE-011416.jpg","images/9601-9700/RE-011416.jpg","ZJZ3YMSX__8284 - Light Cult Crypto Club.JPG","E:\Zotero-organized-export\JPG-JPEG\Light Cult NFTs\ZJZ3YMSX__8284 - Light Cult Crypto Club.JPG","D:\github\ron-english-light-cult-9001-10000\images\9601-9700\RE-011416.jpg",".JPG",".jpg","208.1"
"RE-011417","Light Cult Crypto Club","9607","ron-english-light-cult-9001-10000","9001-10000","gallery-9601-9700.html","9601-9700","RE-011417.jpg","images/9601-9700/RE-011417.jpg","ZK38C77N__Diapositiva446.JPG","E:\Zotero-organized-export\JPG-JPEG\Light Cult NFTs\ZK38C77N__Diapositiva446.JPG","D:\github\ron-english-light-cult-9001-10000\images\9601-9700\RE-011417.jpg",".JPG",".jpg","106.5"
"RE-011418","Light Cult Crypto Club","9608","ron-english-light-cult-9001-10000","9001-10000","gallery-9601-9700.html","9601-9700","RE-011418.jpg","images/9601-9700/RE-011418.jpg","ZK4Q5K6M__3105 - Light Cult Crypto Club.JPG","E:\Zotero-organized-export\JPG-JPEG\Light Cult NFTs\ZK4Q5K6M__3105 - Light Cult Crypto Club.JPG","D:\github\ron-english-light-cult-9001-10000\images\9601-9700\RE-011418.jpg",".JPG",".jpg","58.7"
"RE-011419","Light Cult Crypto Club","9609","ron-english-light-cult-9001-10000","9001-10000","gallery-9601-9700.html","9601-9700","RE-011419.jpg","images/9601-9700/RE-011419.jpg","ZKBUC6YK__Diapositiva888.JPG","E:\Zotero-organized-export\JPG-JPEG\Light Cult NFTs\ZKBUC6YK__Diapositiva888.JPG","D:\github\ron-english-light-cult-9001-10000\images\9601-9700\RE-011419.jpg",".JPG",".jpg","53.9"
"RE-011420","Light Cult Crypto Club","9610","ron-english-light-cult-9001-10000","9001-10000","gallery-9601-9700.html","9601-9700","RE-011420.jpg","images/9601-9700/RE-011420.jpg","ZKD6MTXI__8858 - Light Cult Crypto Club.JPG","E:\Zotero-organized-export\JPG-JPEG\Light Cult NFTs\ZKD6MTXI__8858 - Light Cult Crypto Club.JPG","D:\github\ron-english-light-cult-9001-10000\images\9601-9700\RE-011420.jpg",".JPG",".jpg","143.2"
"RE-011421","Light Cult Crypto Club","9611","ron-english-light-cult-9001-10000","9001-10000","gallery-9601-9700.html","9601-9700","RE-011421.jpg","images/9601-9700/RE-011421.jpg","ZKDVN72L__4837 - Light Cult Crypto Club.JPG","E:\Zotero-organized-export\JPG-JPEG\Light Cult NFTs\ZKDVN72L__4837 - Light Cult Crypto Club.JPG","D:\github\ron-english-light-cult-9001-10000\images\9601-9700\RE-011421.jpg",".JPG",".jpg","124"
"RE-011422","Light Cult Crypto Club","9612","ron-english-light-cult-9001-10000","9001-10000","gallery-9601-9700.html","9601-9700","RE-011422.jpg","images/9601-9700/RE-011422.jpg","ZKE7W3WF__5377 - Light Cult Crypto Club.JPG","E:\Zotero-organized-export\JPG-JPEG\Light Cult NFTs\ZKE7W3WF__5377 - Light Cult Crypto Club.JPG","D:\github\ron-english-light-cult-9001-10000\images\9601-9700\RE-011422.jpg",".JPG",".jpg","122.5"
"RE-011423","Light Cult Crypto Club","9613","ron-english-light-cult-9001-10000","9001-10000","gallery-9601-9700.html","9601-9700","RE-011423.jpg","images/9601-9700/RE-011423.jpg","ZKEX2NSB__3595 - Light Cult Crypto Club.JPG","E:\Zotero-organized-export\JPG-JPEG\Light Cult NFTs\ZKEX2NSB__3595 - Light Cult Crypto Club.JPG","D:\github\ron-english-light-cult-9001-10000\images\9601-9700\RE-011423.jpg",".JPG",".jpg","158.7"
"RE-011424","Light Cult Crypto Club","9614","ron-english-light-cult-9001-10000","9001-10000","gallery-9601-9700.html","9601-9700","RE-011424.jpg","images/9601-9700/RE-011424.jpg","ZKLCMRK6__3568 - Light Cult Crypto Club.JPG","E:\Zotero-organized-export\JPG-JPEG\Light Cult NFTs\ZKLCMRK6__3568 - Light Cult Crypto Club.JPG","D:\github\ron-english-light-cult-9001-10000\images\9601-9700\RE-011424.jpg",".JPG",".jpg","156"
"RE-011425","Light Cult Crypto Club","9615","ron-english-light-cult-9001-10000","9001-10000","gallery-9601-9700.html","9601-9700","RE-011425.jpg","images/9601-9700/RE-011425.jpg","ZKMPZ75T__3171 - Light Cult Crypto Club.JPG","E:\Zotero-organized-export\JPG-JPEG\Light Cult NFTs\ZKMPZ75T__3171 - Light Cult Crypto Club.JPG","D:\github\ron-english-light-cult-9001-10000\images\9601-9700\RE-011425.jpg",".JPG",".jpg","48.3"
"RE-011426","Light Cult Crypto Club","9616","ron-english-light-cult-9001-10000","9001-10000","gallery-9601-9700.html","9601-9700","RE-011426.jpg","images/9601-9700/RE-011426.jpg","ZKXFMVZ9__5039 - Light Cult Crypto Club.JPG","E:\Zotero-organized-export\JPG-JPEG\Light Cult NFTs\ZKXFMVZ9__5039 - Light Cult Crypto Club.JPG","D:\github\ron-english-light-cult-9001-10000\images\9601-9700\RE-011426.jpg",".JPG",".jpg","41.9"
"RE-011427","Light Cult Crypto Club","9617","ron-english-light-cult-9001-10000","9001-10000","gallery-9601-9700.html","9601-9700","RE-011427.jpg","images/9601-9700/RE-011427.jpg","ZL2JXPMH__5456 - Light Cult Crypto Club.JPG","E:\Zotero-organized-export\JPG-JPEG\Light Cult NFTs\ZL2JXPMH__5456 - Light Cult Crypto Club.JPG","D:\github\ron-english-light-cult-9001-10000\images\9601-9700\RE-011427.jpg",".JPG",".jpg","64.9"
"RE-011428","Light Cult Crypto Club","9618","ron-english-light-cult-9001-10000","9001-10000","gallery-9601-9700.html","9601-9700","RE-011428.jpg","images/9601-9700/RE-011428.jpg","ZL898TQ4__Diapositiva987.JPG","E:\Zotero-organized-export\JPG-JPEG\Light Cult NFTs\ZL898TQ4__Diapositiva987.JPG","D:\github\ron-english-light-cult-9001-10000\images\9601-9700\RE-011428.jpg",".JPG",".jpg","132"
"RE-011429","Light Cult Crypto Club","9619","ron-english-light-cult-9001-10000","9001-10000","gallery-9601-9700.html","9601-9700","RE-011429.jpg","images/9601-9700/RE-011429.jpg","ZL9U4YY8__3636 - Light Cult Crypto Club.JPG","E:\Zotero-organized-export\JPG-JPEG\Light Cult NFTs\ZL9U4YY8__3636 - Light Cult Crypto Club.JPG","D:\github\ron-english-light-cult-9001-10000\images\9601-9700\RE-011429.jpg",".JPG",".jpg","141.6"
"RE-011430","Light Cult Crypto Club","9620","ron-english-light-cult-9001-10000","9001-10000","gallery-9601-9700.html","9601-9700","RE-011430.jpg","images/9601-9700/RE-011430.jpg","ZLGVUBDP__4076 - Light Cult Crypto Club.JPG","E:\Zotero-organized-export\JPG-JPEG\Light Cult NFTs\ZLGVUBDP__4076 - Light Cult Crypto Club.JPG","D:\github\ron-english-light-cult-9001-10000\images\9601-9700\RE-011430.jpg",".JPG",".jpg","64.9"
"RE-011431","Light Cult Crypto Club","9621","ron-english-light-cult-9001-10000","9001-10000","gallery-9601-9700.html","9601-9700","RE-011431.jpg","images/9601-9700/RE-011431.jpg","ZLH47U73__Diapositiva258.JPG","E:\Zotero-organized-export\JPG-JPEG\Light Cult NFTs\ZLH47U73__Diapositiva258.JPG","D:\github\ron-english-light-cult-9001-10000\images\9601-9700\RE-011431.jpg",".JPG",".jpg","114.2"
"RE-011432","Light Cult Crypto Club","9622","ron-english-light-cult-9001-10000","9001-10000","gallery-9601-9700.html","9601-9700","RE-011432.jpg","images/9601-9700/RE-011432.jpg","ZLHJ5IZ8__4222 - Light Cult Crypto Club.JPG","E:\Zotero-organized-export\JPG-JPEG\Light Cult NFTs\ZLHJ5IZ8__4222 - Light Cult Crypto Club.JPG","D:\github\ron-english-light-cult-9001-10000\images\9601-9700\RE-011432.jpg",".JPG",".jpg","94.5"
"RE-011433","Light Cult Crypto Club","9623","ron-english-light-cult-9001-10000","9001-10000","gallery-9601-9700.html","9601-9700","RE-011433.jpg","images/9601-9700/RE-011433.jpg","ZLLTPN5C__5153 - Light Cult Crypto Club.JPG","E:\Zotero-organized-export\JPG-JPEG\Light Cult NFTs\ZLLTPN5C__5153 - Light Cult Crypto Club.JPG","D:\github\ron-english-light-cult-9001-10000\images\9601-9700\RE-011433.jpg",".JPG",".jpg","79.4"
"RE-011434","Light Cult Crypto Club","9624","ron-english-light-cult-9001-10000","9001-10000","gallery-9601-9700.html","9601-9700","RE-011434.jpg","images/9601-9700/RE-011434.jpg","ZLQJ4NEJ__Diapositiva858.JPG","E:\Zotero-organized-export\JPG-JPEG\Light Cult NFTs\ZLQJ4NEJ__Diapositiva858.JPG","D:\github\ron-english-light-cult-9001-10000\images\9601-9700\RE-011434.jpg",".JPG",".jpg","165.5"
"RE-011435","Light Cult Crypto Club","9625","ron-english-light-cult-9001-10000","9001-10000","gallery-9601-9700.html","9601-9700","RE-011435.jpg","images/9601-9700/RE-011435.jpg","ZLQLWXF3__6702 - Light Cult Crypto Club.JPG","E:\Zotero-organized-export\JPG-JPEG\Light Cult NFTs\ZLQLWXF3__6702 - Light Cult Crypto Club.JPG","D:\github\ron-english-light-cult-9001-10000\images\9601-9700\RE-011435.jpg",".JPG",".jpg","144.8"
"RE-011436","Light Cult Crypto Club","9626","ron-english-light-cult-9001-10000","9001-10000","gallery-9601-9700.html","9601-9700","RE-011436.jpg","images/9601-9700/RE-011436.jpg","ZM9LXSHH__4902 - Light Cult Crypto Club.JPG","E:\Zotero-organized-export\JPG-JPEG\Light Cult NFTs\ZM9LXSHH__4902 - Light Cult Crypto Club.JPG","D:\github\ron-english-light-cult-9001-10000\images\9601-9700\RE-011436.jpg",".JPG",".jpg","136.7"
"RE-011437","Light Cult Crypto Club","9627","ron-english-light-cult-9001-10000","9001-10000","gallery-9601-9700.html","9601-9700","RE-011437.jpg","images/9601-9700/RE-011437.jpg","ZMDEXADC__6885 - Light Cult Crypto Club.JPG","E:\Zotero-organized-export\JPG-JPEG\Light Cult NFTs\ZMDEXADC__6885 - Light Cult Crypto Club.JPG","D:\github\ron-english-light-cult-9001-10000\images\9601-9700\RE-011437.jpg",".JPG",".jpg","37"
"RE-011438","Light Cult Crypto Club","9628","ron-english-light-cult-9001-10000","9001-10000","gallery-9601-9700.html","9601-9700","RE-011438.jpg","images/9601-9700/RE-011438.jpg","ZMHI7V5Q__5873 - Light Cult Crypto Club.JPG","E:\Zotero-organized-export\JPG-JPEG\Light Cult NFTs\ZMHI7V5Q__5873 - Light Cult Crypto Club.JPG","D:\github\ron-english-light-cult-9001-10000\images\9601-9700\RE-011438.jpg",".JPG",".jpg","52.4"
"RE-011439","Light Cult Crypto Club","9629","ron-english-light-cult-9001-10000","9001-10000","gallery-9601-9700.html","9601-9700","RE-011439.jpg","images/9601-9700/RE-011439.jpg","ZMICYD83__3268 - Light Cult Crypto Club.JPG","E:\Zotero-organized-export\JPG-JPEG\Light Cult NFTs\ZMICYD83__3268 - Light Cult Crypto Club.JPG","D:\github\ron-english-light-cult-9001-10000\images\9601-9700\RE-011439.jpg",".JPG",".jpg","105.8"
"RE-011440","Light Cult Crypto Club","9630","ron-english-light-cult-9001-10000","9001-10000","gallery-9601-9700.html","9601-9700","RE-011440.jpg","images/9601-9700/RE-011440.jpg","ZMT84M8G__9113 - Light Cult Crypto Club.JPG","E:\Zotero-organized-export\JPG-JPEG\Light Cult NFTs\ZMT84M8G__9113 - Light Cult Crypto Club.JPG","D:\github\ron-english-light-cult-9001-10000\images\9601-9700\RE-011440.jpg",".JPG",".jpg","43.9"
"RE-011441","Light Cult Crypto Club","9631","ron-english-light-cult-9001-10000","9001-10000","gallery-9601-9700.html","9601-9700","RE-011441.jpg","images/9601-9700/RE-011441.jpg","ZMU4A9LD__6018 - Light Cult Crypto Club.JPG","E:\Zotero-organized-export\JPG-JPEG\Light Cult NFTs\ZMU4A9LD__6018 - Light Cult Crypto Club.JPG","D:\github\ron-english-light-cult-9001-10000\images\9601-9700\RE-011441.jpg",".JPG",".jpg","123.8"
"RE-011442","Light Cult Crypto Club","9632","ron-english-light-cult-9001-10000","9001-10000","gallery-9601-9700.html","9601-9700","RE-011442.jpg","images/9601-9700/RE-011442.jpg","ZMUNQKW9__6601 - Light Cult Crypto Club.JPG","E:\Zotero-organized-export\JPG-JPEG\Light Cult NFTs\ZMUNQKW9__6601 - Light Cult Crypto Club.JPG","D:\github\ron-english-light-cult-9001-10000\images\9601-9700\RE-011442.jpg",".JPG",".jpg","123"
"RE-011443","Light Cult Crypto Club","9633","ron-english-light-cult-9001-10000","9001-10000","gallery-9601-9700.html","9601-9700","RE-011443.jpg","images/9601-9700/RE-011443.jpg","ZMYL8UF7__Diapositiva763.JPG","E:\Zotero-organized-export\JPG-JPEG\Light Cult NFTs\ZMYL8UF7__Diapositiva763.JPG","D:\github\ron-english-light-cult-9001-10000\images\9601-9700\RE-011443.jpg",".JPG",".jpg","79.1"
"RE-011444","Light Cult Crypto Club","9634","ron-english-light-cult-9001-10000","9001-10000","gallery-9601-9700.html","9601-9700","RE-011444.jpg","images/9601-9700/RE-011444.jpg","ZMYPIMCC__Diapositiva272.JPG","E:\Zotero-organized-export\JPG-JPEG\Light Cult NFTs\ZMYPIMCC__Diapositiva272.JPG","D:\github\ron-english-light-cult-9001-10000\images\9601-9700\RE-011444.jpg",".JPG",".jpg","30.5"
"RE-011445","Light Cult Crypto Club","9635","ron-english-light-cult-9001-10000","9001-10000","gallery-9601-9700.html","9601-9700","RE-011445.jpg","images/9601-9700/RE-011445.jpg","ZN64M5H4__7422 - Light Cult Crypto Club.JPG","E:\Zotero-organized-export\JPG-JPEG\Light Cult NFTs\ZN64M5H4__7422 - Light Cult Crypto Club.JPG","D:\github\ron-english-light-cult-9001-10000\images\9601-9700\RE-011445.jpg",".JPG",".jpg","50.9"
"RE-011446","Light Cult Crypto Club","9636","ron-english-light-cult-9001-10000","9001-10000","gallery-9601-9700.html","9601-9700","RE-011446.jpg","images/9601-9700/RE-011446.jpg","ZN7H586R__Diapositiva36.JPG","E:\Zotero-organized-export\JPG-JPEG\Light Cult NFTs\ZN7H586R__Diapositiva36.JPG","D:\github\ron-english-light-cult-9001-10000\images\9601-9700\RE-011446.jpg",".JPG",".jpg","127.1"
"RE-011447","Light Cult Crypto Club","9637","ron-english-light-cult-9001-10000","9001-10000","gallery-9601-9700.html","9601-9700","RE-011447.jpg","images/9601-9700/RE-011447.jpg","ZN98N2Q6__4283 - Light Cult Crypto Club.JPG","E:\Zotero-organized-export\JPG-JPEG\Light Cult NFTs\ZN98N2Q6__4283 - Light Cult Crypto Club.JPG","D:\github\ron-english-light-cult-9001-10000\images\9601-9700\RE-011447.jpg",".JPG",".jpg","50.5"
"RE-011448","Light Cult Crypto Club","9638","ron-english-light-cult-9001-10000","9001-10000","gallery-9601-9700.html","9601-9700","RE-011448.jpg","images/9601-9700/RE-011448.jpg","ZN9AV5XC__8056 - Light Cult Crypto Club.JPG","E:\Zotero-organized-export\JPG-JPEG\Light Cult NFTs\ZN9AV5XC__8056 - Light Cult Crypto Club.JPG","D:\github\ron-english-light-cult-9001-10000\images\9601-9700\RE-011448.jpg",".JPG",".jpg","119.3"
"RE-011449","Light Cult Crypto Club","9639","ron-english-light-cult-9001-10000","9001-10000","gallery-9601-9700.html","9601-9700","RE-011449.jpg","images/9601-9700/RE-011449.jpg","ZNAP5X9A__8322 - Light Cult Crypto Club.JPG","E:\Zotero-organized-export\JPG-JPEG\Light Cult NFTs\ZNAP5X9A__8322 - Light Cult Crypto Club.JPG","D:\github\ron-english-light-cult-9001-10000\images\9601-9700\RE-011449.jpg",".JPG",".jpg","101.9"
"RE-011450","Light Cult Crypto Club","9640","ron-english-light-cult-9001-10000","9001-10000","gallery-9601-9700.html","9601-9700","RE-011450.jpg","images/9601-9700/RE-011450.jpg","ZNAVXE3Q__6085 - Light Cult Crypto Club.JPG","E:\Zotero-organized-export\JPG-JPEG\Light Cult NFTs\ZNAVXE3Q__6085 - Light Cult Crypto Club.JPG","D:\github\ron-english-light-cult-9001-10000\images\9601-9700\RE-011450.jpg",".JPG",".jpg","73.8"
"RE-011451","Light Cult Crypto Club","9641","ron-english-light-cult-9001-10000","9001-10000","gallery-9601-9700.html","9601-9700","RE-011451.jpg","images/9601-9700/RE-011451.jpg","ZNEJAB8E__3103 - Light Cult Crypto Club.JPG","E:\Zotero-organized-export\JPG-JPEG\Light Cult NFTs\ZNEJAB8E__3103 - Light Cult Crypto Club.JPG","D:\github\ron-english-light-cult-9001-10000\images\9601-9700\RE-011451.jpg",".JPG",".jpg","30.9"
"RE-011452","Light Cult Crypto Club","9642","ron-english-light-cult-9001-10000","9001-10000","gallery-9601-9700.html","9601-9700","RE-011452.jpg","images/9601-9700/RE-011452.jpg","ZNGAF2WT__7083 - Light Cult Crypto Club.JPG","E:\Zotero-organized-export\JPG-JPEG\Light Cult NFTs\ZNGAF2WT__7083 - Light Cult Crypto Club.JPG","D:\github\ron-english-light-cult-9001-10000\images\9601-9700\RE-011452.jpg",".JPG",".jpg","150"
"RE-011453","Light Cult Crypto Club","9643","ron-english-light-cult-9001-10000","9001-10000","gallery-9601-9700.html","9601-9700","RE-011453.jpg","images/9601-9700/RE-011453.jpg","ZNHCA4N3__5708 - Light Cult Crypto Club.JPG","E:\Zotero-organized-export\JPG-JPEG\Light Cult NFTs\ZNHCA4N3__5708 - Light Cult Crypto Club.JPG","D:\github\ron-english-light-cult-9001-10000\images\9601-9700\RE-011453.jpg",".JPG",".jpg","102.4"
"RE-011454","Light Cult Crypto Club","9644","ron-english-light-cult-9001-10000","9001-10000","gallery-9601-9700.html","9601-9700","RE-011454.jpg","images/9601-9700/RE-011454.jpg","ZNHCCDF7__4602 - Light Cult Crypto Club.JPG","E:\Zotero-organized-export\JPG-JPEG\Light Cult NFTs\ZNHCCDF7__4602 - Light Cult Crypto Club.JPG","D:\github\ron-english-light-cult-9001-10000\images\9601-9700\RE-011454.jpg",".JPG",".jpg","98.8"
"RE-011455","Light Cult Crypto Club","9645","ron-english-light-cult-9001-10000","9001-10000","gallery-9601-9700.html","9601-9700","RE-011455.jpg","images/9601-9700/RE-011455.jpg","ZNJ4K5E9__4396 - Light Cult Crypto Club.JPG","E:\Zotero-organized-export\JPG-JPEG\Light Cult NFTs\ZNJ4K5E9__4396 - Light Cult Crypto Club.JPG","D:\github\ron-english-light-cult-9001-10000\images\9601-9700\RE-011455.jpg",".JPG",".jpg","150.6"
"RE-011456","Light Cult Crypto Club","9646","ron-english-light-cult-9001-10000","9001-10000","gallery-9601-9700.html","9601-9700","RE-011456.jpg","images/9601-9700/RE-011456.jpg","ZNMHWKLD__7757 - Light Cult Crypto Club.JPG","E:\Zotero-organized-export\JPG-JPEG\Light Cult NFTs\ZNMHWKLD__7757 - Light Cult Crypto Club.JPG","D:\github\ron-english-light-cult-9001-10000\images\9601-9700\RE-011456.jpg",".JPG",".jpg","101.4"
"RE-011457","Light Cult Crypto Club","9647","ron-english-light-cult-9001-10000","9001-10000","gallery-9601-9700.html","9601-9700","RE-011457.jpg","images/9601-9700/RE-011457.jpg","ZNMMRNXJ__Diapositiva757.JPG","E:\Zotero-organized-export\JPG-JPEG\Light Cult NFTs\ZNMMRNXJ__Diapositiva757.JPG","D:\github\ron-english-light-cult-9001-10000\images\9601-9700\RE-011457.jpg",".JPG",".jpg","69.6"
"RE-011458","Light Cult Crypto Club","9648","ron-english-light-cult-9001-10000","9001-10000","gallery-9601-9700.html","9601-9700","RE-011458.jpg","images/9601-9700/RE-011458.jpg","ZNPTLKML__4460 - Light Cult Crypto Club.JPG","E:\Zotero-organized-export\JPG-JPEG\Light Cult NFTs\ZNPTLKML__4460 - Light Cult Crypto Club.JPG","D:\github\ron-english-light-cult-9001-10000\images\9601-9700\RE-011458.jpg",".JPG",".jpg","143.2"
"RE-011459","Light Cult Crypto Club","9649","ron-english-light-cult-9001-10000","9001-10000","gallery-9601-9700.html","9601-9700","RE-011459.jpg","images/9601-9700/RE-011459.jpg","ZNSRU9S3__7073 - Light Cult Crypto Club.JPG","E:\Zotero-organized-export\JPG-JPEG\Light Cult NFTs\ZNSRU9S3__7073 - Light Cult Crypto Club.JPG","D:\github\ron-english-light-cult-9001-10000\images\9601-9700\RE-011459.jpg",".JPG",".jpg","99.2"
"RE-011460","Light Cult Crypto Club","9650","ron-english-light-cult-9001-10000","9001-10000","gallery-9601-9700.html","9601-9700","RE-011460.jpg","images/9601-9700/RE-011460.jpg","ZNTW77HN__7979 - Light Cult Crypto Club.JPG","E:\Zotero-organized-export\JPG-JPEG\Light Cult NFTs\ZNTW77HN__7979 - Light Cult Crypto Club.JPG","D:\github\ron-english-light-cult-9001-10000\images\9601-9700\RE-011460.jpg",".JPG",".jpg","42.3"
"RE-011461","Light Cult Crypto Club","9651","ron-english-light-cult-9001-10000","9001-10000","gallery-9601-9700.html","9601-9700","RE-011461.jpg","images/9601-9700/RE-011461.jpg","ZNVS8KX6__8364 - Light Cult Crypto Club.JPG","E:\Zotero-organized-export\JPG-JPEG\Light Cult NFTs\ZNVS8KX6__8364 - Light Cult Crypto Club.JPG","D:\github\ron-english-light-cult-9001-10000\images\9601-9700\RE-011461.jpg",".JPG",".jpg","93.9"
"RE-011462","Light Cult Crypto Club","9652","ron-english-light-cult-9001-10000","9001-10000","gallery-9601-9700.html","9601-9700","RE-011462.jpg","images/9601-9700/RE-011462.jpg","ZNZJBS4B__5728 - Light Cult Crypto Club.JPG","E:\Zotero-organized-export\JPG-JPEG\Light Cult NFTs\ZNZJBS4B__5728 - Light Cult Crypto Club.JPG","D:\github\ron-english-light-cult-9001-10000\images\9601-9700\RE-011462.jpg",".JPG",".jpg","140.1"
"RE-011463","Light Cult Crypto Club","9653","ron-english-light-cult-9001-10000","9001-10000","gallery-9601-9700.html","9601-9700","RE-011463.jpg","images/9601-9700/RE-011463.jpg","ZP2DSPYA__8672 - Light Cult Crypto Club.JPG","E:\Zotero-organized-export\JPG-JPEG\Light Cult NFTs\ZP2DSPYA__8672 - Light Cult Crypto Club.JPG","D:\github\ron-english-light-cult-9001-10000\images\9601-9700\RE-011463.jpg",".JPG",".jpg","122.3"
"RE-011464","Light Cult Crypto Club","9654","ron-english-light-cult-9001-10000","9001-10000","gallery-9601-9700.html","9601-9700","RE-011464.jpg","images/9601-9700/RE-011464.jpg","ZP4INJN3__8722 - Light Cult Crypto Club.JPG","E:\Zotero-organized-export\JPG-JPEG\Light Cult NFTs\ZP4INJN3__8722 - Light Cult Crypto Club.JPG","D:\github\ron-english-light-cult-9001-10000\images\9601-9700\RE-011464.jpg",".JPG",".jpg","127.1"
"RE-011465","Light Cult Crypto Club","9655","ron-english-light-cult-9001-10000","9001-10000","gallery-9601-9700.html","9601-9700","RE-011465.jpg","images/9601-9700/RE-011465.jpg","ZP8EENGL__5579 - Light Cult Crypto Club.JPG","E:\Zotero-organized-export\JPG-JPEG\Light Cult NFTs\ZP8EENGL__5579 - Light Cult Crypto Club.JPG","D:\github\ron-english-light-cult-9001-10000\images\9601-9700\RE-011465.jpg",".JPG",".jpg","132.8"
"RE-011466","Light Cult Crypto Club","9656","ron-english-light-cult-9001-10000","9001-10000","gallery-9601-9700.html","9601-9700","RE-011466.jpg","images/9601-9700/RE-011466.jpg","ZPWC2GLB__Diapositiva645.JPG","E:\Zotero-organized-export\JPG-JPEG\Light Cult NFTs\ZPWC2GLB__Diapositiva645.JPG","D:\github\ron-english-light-cult-9001-10000\images\9601-9700\RE-011466.jpg",".JPG",".jpg","57.1"
"RE-011467","Light Cult Crypto Club","9657","ron-english-light-cult-9001-10000","9001-10000","gallery-9601-9700.html","9601-9700","RE-011467.jpg","images/9601-9700/RE-011467.jpg","ZQ4XHI8Z__Diapositiva924.JPG","E:\Zotero-organized-export\JPG-JPEG\Light Cult NFTs\ZQ4XHI8Z__Diapositiva924.JPG","D:\github\ron-english-light-cult-9001-10000\images\9601-9700\RE-011467.jpg",".JPG",".jpg","128.8"
"RE-011468","Light Cult Crypto Club","9658","ron-english-light-cult-9001-10000","9001-10000","gallery-9601-9700.html","9601-9700","RE-011468.jpg","images/9601-9700/RE-011468.jpg","ZQ6RWTW4__8205 - Light Cult Crypto Club.JPG","E:\Zotero-organized-export\JPG-JPEG\Light Cult NFTs\ZQ6RWTW4__8205 - Light Cult Crypto Club.JPG","D:\github\ron-english-light-cult-9001-10000\images\9601-9700\RE-011468.jpg",".JPG",".jpg","50.6"
"RE-011469","Light Cult Crypto Club","9659","ron-english-light-cult-9001-10000","9001-10000","gallery-9601-9700.html","9601-9700","RE-011469.jpg","images/9601-9700/RE-011469.jpg","ZQ7DCVYA__Diapositiva102.JPG","E:\Zotero-organized-export\JPG-JPEG\Light Cult NFTs\ZQ7DCVYA__Diapositiva102.JPG","D:\github\ron-english-light-cult-9001-10000\images\9601-9700\RE-011469.jpg",".JPG",".jpg","76"
"RE-011470","Light Cult Crypto Club","9660","ron-english-light-cult-9001-10000","9001-10000","gallery-9601-9700.html","9601-9700","RE-011470.jpg","images/9601-9700/RE-011470.jpg","ZQ7EG5MQ__Diapositiva402.JPG","E:\Zotero-organized-export\JPG-JPEG\Light Cult NFTs\ZQ7EG5MQ__Diapositiva402.JPG","D:\github\ron-english-light-cult-9001-10000\images\9601-9700\RE-011470.jpg",".JPG",".jpg","111.6"
"RE-011471","Light Cult Crypto Club","9661","ron-english-light-cult-9001-10000","9001-10000","gallery-9601-9700.html","9601-9700","RE-011471.jpg","images/9601-9700/RE-011471.jpg","ZQ7HIZVJ__Diapositiva796.JPG","E:\Zotero-organized-export\JPG-JPEG\Light Cult NFTs\ZQ7HIZVJ__Diapositiva796.JPG","D:\github\ron-english-light-cult-9001-10000\images\9601-9700\RE-011471.jpg",".JPG",".jpg","61.1"
"RE-011472","Light Cult Crypto Club","9662","ron-english-light-cult-9001-10000","9001-10000","gallery-9601-9700.html","9601-9700","RE-011472.jpg","images/9601-9700/RE-011472.jpg","ZQGV3V9E__Diapositiva516.JPG","E:\Zotero-organized-export\JPG-JPEG\Light Cult NFTs\ZQGV3V9E__Diapositiva516.JPG","D:\github\ron-english-light-cult-9001-10000\images\9601-9700\RE-011472.jpg",".JPG",".jpg","62.5"
"RE-011473","Light Cult Crypto Club","9663","ron-english-light-cult-9001-10000","9001-10000","gallery-9601-9700.html","9601-9700","RE-011473.jpg","images/9601-9700/RE-011473.jpg","ZQH97AG4__4504 - Light Cult Crypto Club.JPG","E:\Zotero-organized-export\JPG-JPEG\Light Cult NFTs\ZQH97AG4__4504 - Light Cult Crypto Club.JPG","D:\github\ron-english-light-cult-9001-10000\images\9601-9700\RE-011473.jpg",".JPG",".jpg","147.4"
"RE-011474","Light Cult Crypto Club","9664","ron-english-light-cult-9001-10000","9001-10000","gallery-9601-9700.html","9601-9700","RE-011474.jpg","images/9601-9700/RE-011474.jpg","ZQL67L4K__4803 - Light Cult Crypto Club.JPG","E:\Zotero-organized-export\JPG-JPEG\Light Cult NFTs\ZQL67L4K__4803 - Light Cult Crypto Club.JPG","D:\github\ron-english-light-cult-9001-10000\images\9601-9700\RE-011474.jpg",".JPG",".jpg","85.5"
"RE-011475","Light Cult Crypto Club","9665","ron-english-light-cult-9001-10000","9001-10000","gallery-9601-9700.html","9601-9700","RE-011475.jpg","images/9601-9700/RE-011475.jpg","ZQPG65UH__6961 - Light Cult Crypto Club.JPG","E:\Zotero-organized-export\JPG-JPEG\Light Cult NFTs\ZQPG65UH__6961 - Light Cult Crypto Club.JPG","D:\github\ron-english-light-cult-9001-10000\images\9601-9700\RE-011475.jpg",".JPG",".jpg","127.6"
"RE-011476","Light Cult Crypto Club","9666","ron-english-light-cult-9001-10000","9001-10000","gallery-9601-9700.html","9601-9700","RE-011476.jpg","images/9601-9700/RE-011476.jpg","ZQQ7QR44__9361 - Light Cult Crypto Club.JPG","E:\Zotero-organized-export\JPG-JPEG\Light Cult NFTs\ZQQ7QR44__9361 - Light Cult Crypto Club.JPG","D:\github\ron-english-light-cult-9001-10000\images\9601-9700\RE-011476.jpg",".JPG",".jpg","96.1"
"RE-011477","Light Cult Crypto Club","9667","ron-english-light-cult-9001-10000","9001-10000","gallery-9601-9700.html","9601-9700","RE-011477.jpg","images/9601-9700/RE-011477.jpg","ZQQP5U3M__Diapositiva95.JPG","E:\Zotero-organized-export\JPG-JPEG\Light Cult NFTs\ZQQP5U3M__Diapositiva95.JPG","D:\github\ron-english-light-cult-9001-10000\images\9601-9700\RE-011477.jpg",".JPG",".jpg","63.6"
"RE-011478","Light Cult Crypto Club","9668","ron-english-light-cult-9001-10000","9001-10000","gallery-9601-9700.html","9601-9700","RE-011478.jpg","images/9601-9700/RE-011478.jpg","ZQVEPNIK__7242 - Light Cult Crypto Club.JPG","E:\Zotero-organized-export\JPG-JPEG\Light Cult NFTs\ZQVEPNIK__7242 - Light Cult Crypto Club.JPG","D:\github\ron-english-light-cult-9001-10000\images\9601-9700\RE-011478.jpg",".JPG",".jpg","45"
"RE-011479","Light Cult Crypto Club","9669","ron-english-light-cult-9001-10000","9001-10000","gallery-9601-9700.html","9601-9700","RE-011479.jpg","images/9601-9700/RE-011479.jpg","ZQY54L7C__4922 - Light Cult Crypto Club.JPG","E:\Zotero-organized-export\JPG-JPEG\Light Cult NFTs\ZQY54L7C__4922 - Light Cult Crypto Club.JPG","D:\github\ron-english-light-cult-9001-10000\images\9601-9700\RE-011479.jpg",".JPG",".jpg","96.5"
"RE-011480","Light Cult Crypto Club","9670","ron-english-light-cult-9001-10000","9001-10000","gallery-9601-9700.html","9601-9700","RE-011480.jpg","images/9601-9700/RE-011480.jpg","ZR8HMHYI__Diapositiva261.JPG","E:\Zotero-organized-export\JPG-JPEG\Light Cult NFTs\ZR8HMHYI__Diapositiva261.JPG","D:\github\ron-english-light-cult-9001-10000\images\9601-9700\RE-011480.jpg",".JPG",".jpg","51.5"
"RE-011481","Light Cult Crypto Club","9671","ron-english-light-cult-9001-10000","9001-10000","gallery-9601-9700.html","9601-9700","RE-011481.jpg","images/9601-9700/RE-011481.jpg","ZR9T53IZ__Diapositiva697.JPG","E:\Zotero-organized-export\JPG-JPEG\Light Cult NFTs\ZR9T53IZ__Diapositiva697.JPG","D:\github\ron-english-light-cult-9001-10000\images\9601-9700\RE-011481.jpg",".JPG",".jpg","76.8"
"RE-011482","Light Cult Crypto Club","9672","ron-english-light-cult-9001-10000","9001-10000","gallery-9601-9700.html","9601-9700","RE-011482.jpg","images/9601-9700/RE-011482.jpg","ZRLTR5DK__6657 - Light Cult Crypto Club.JPG","E:\Zotero-organized-export\JPG-JPEG\Light Cult NFTs\ZRLTR5DK__6657 - Light Cult Crypto Club.JPG","D:\github\ron-english-light-cult-9001-10000\images\9601-9700\RE-011482.jpg",".JPG",".jpg","195.7"
"RE-011483","Light Cult Crypto Club","9673","ron-english-light-cult-9001-10000","9001-10000","gallery-9601-9700.html","9601-9700","RE-011483.jpg","images/9601-9700/RE-011483.jpg","ZRNXU5YF__4978 - Light Cult Crypto Club.JPG","E:\Zotero-organized-export\JPG-JPEG\Light Cult NFTs\ZRNXU5YF__4978 - Light Cult Crypto Club.JPG","D:\github\ron-english-light-cult-9001-10000\images\9601-9700\RE-011483.jpg",".JPG",".jpg","180.1"
"RE-011484","Light Cult Crypto Club","9674","ron-english-light-cult-9001-10000","9001-10000","gallery-9601-9700.html","9601-9700","RE-011484.jpg","images/9601-9700/RE-011484.jpg","ZRRWFWPT__4962 - Light Cult Crypto Club.JPG","E:\Zotero-organized-export\JPG-JPEG\Light Cult NFTs\ZRRWFWPT__4962 - Light Cult Crypto Club.JPG","D:\github\ron-english-light-cult-9001-10000\images\9601-9700\RE-011484.jpg",".JPG",".jpg","106.4"
"RE-011485","Light Cult Crypto Club","9675","ron-english-light-cult-9001-10000","9001-10000","gallery-9601-9700.html","9601-9700","RE-011485.jpg","images/9601-9700/RE-011485.jpg","ZRWLYGCW__Diapositiva87.JPG","E:\Zotero-organized-export\JPG-JPEG\Light Cult NFTs\ZRWLYGCW__Diapositiva87.JPG","D:\github\ron-english-light-cult-9001-10000\images\9601-9700\RE-011485.jpg",".JPG",".jpg","99.4"
"RE-011486","Light Cult Crypto Club","9676","ron-english-light-cult-9001-10000","9001-10000","gallery-9601-9700.html","9601-9700","RE-011486.jpg","images/9601-9700/RE-011486.jpg","ZRXQX8FI__8109 - Light Cult Crypto Club.JPG","E:\Zotero-organized-export\JPG-JPEG\Light Cult NFTs\ZRXQX8FI__8109 - Light Cult Crypto Club.JPG","D:\github\ron-english-light-cult-9001-10000\images\9601-9700\RE-011486.jpg",".JPG",".jpg","121.2"
"RE-011487","Light Cult Crypto Club","9677","ron-english-light-cult-9001-10000","9001-10000","gallery-9601-9700.html","9601-9700","RE-011487.jpg","images/9601-9700/RE-011487.jpg","ZSEPV3ZJ__7214 - Light Cult Crypto Club.JPG","E:\Zotero-organized-export\JPG-JPEG\Light Cult NFTs\ZSEPV3ZJ__7214 - Light Cult Crypto Club.JPG","D:\github\ron-english-light-cult-9001-10000\images\9601-9700\RE-011487.jpg",".JPG",".jpg","74.2"
"RE-011488","Light Cult Crypto Club","9678","ron-english-light-cult-9001-10000","9001-10000","gallery-9601-9700.html","9601-9700","RE-011488.jpg","images/9601-9700/RE-011488.jpg","ZSGWAJZ7__4898 - Light Cult Crypto Club.JPG","E:\Zotero-organized-export\JPG-JPEG\Light Cult NFTs\ZSGWAJZ7__4898 - Light Cult Crypto Club.JPG","D:\github\ron-english-light-cult-9001-10000\images\9601-9700\RE-011488.jpg",".JPG",".jpg","142.6"
"RE-011489","Light Cult Crypto Club","9679","ron-english-light-cult-9001-10000","9001-10000","gallery-9601-9700.html","9601-9700","RE-011489.jpg","images/9601-9700/RE-011489.jpg","ZSVLSP67__9156 - Light Cult Crypto Club.JPG","E:\Zotero-organized-export\JPG-JPEG\Light Cult NFTs\ZSVLSP67__9156 - Light Cult Crypto Club.JPG","D:\github\ron-english-light-cult-9001-10000\images\9601-9700\RE-011489.jpg",".JPG",".jpg","120.9"
"RE-011490","Light Cult Crypto Club","9680","ron-english-light-cult-9001-10000","9001-10000","gallery-9601-9700.html","9601-9700","RE-011490.jpg","images/9601-9700/RE-011490.jpg","ZSWLTARN__6754 - Light Cult Crypto Club.JPG","E:\Zotero-organized-export\JPG-JPEG\Light Cult NFTs\ZSWLTARN__6754 - Light Cult Crypto Club.JPG","D:\github\ron-english-light-cult-9001-10000\images\9601-9700\RE-011490.jpg",".JPG",".jpg","117.9"
"RE-011491","Light Cult Crypto Club","9681","ron-english-light-cult-9001-10000","9001-10000","gallery-9601-9700.html","9601-9700","RE-011491.jpg","images/9601-9700/RE-011491.jpg","ZSZ58EN4__8538 - Light Cult Crypto Club.JPG","E:\Zotero-organized-export\JPG-JPEG\Light Cult NFTs\ZSZ58EN4__8538 - Light Cult Crypto Club.JPG","D:\github\ron-english-light-cult-9001-10000\images\9601-9700\RE-011491.jpg",".JPG",".jpg","132.7"
"RE-011492","Light Cult Crypto Club","9682","ron-english-light-cult-9001-10000","9001-10000","gallery-9601-9700.html","9601-9700","RE-011492.jpg","images/9601-9700/RE-011492.jpg","ZT7DCGZI__4177 - Light Cult Crypto Club.JPG","E:\Zotero-organized-export\JPG-JPEG\Light Cult NFTs\ZT7DCGZI__4177 - Light Cult Crypto Club.JPG","D:\github\ron-english-light-cult-9001-10000\images\9601-9700\RE-011492.jpg",".JPG",".jpg","76.3"
"RE-011493","Light Cult Crypto Club","9683","ron-english-light-cult-9001-10000","9001-10000","gallery-9601-9700.html","9601-9700","RE-011493.jpg","images/9601-9700/RE-011493.jpg","ZT9XNXBZ__3358 - Light Cult Crypto Club.JPG","E:\Zotero-organized-export\JPG-JPEG\Light Cult NFTs\ZT9XNXBZ__3358 - Light Cult Crypto Club.JPG","D:\github\ron-english-light-cult-9001-10000\images\9601-9700\RE-011493.jpg",".JPG",".jpg","166.4"
"RE-011494","Light Cult Crypto Club","9684","ron-english-light-cult-9001-10000","9001-10000","gallery-9601-9700.html","9601-9700","RE-011494.jpg","images/9601-9700/RE-011494.jpg","ZTHVTTD4__Diapositiva545.JPG","E:\Zotero-organized-export\JPG-JPEG\Light Cult NFTs\ZTHVTTD4__Diapositiva545.JPG","D:\github\ron-english-light-cult-9001-10000\images\9601-9700\RE-011494.jpg",".JPG",".jpg","119.9"
"RE-011495","Light Cult Crypto Club","9685","ron-english-light-cult-9001-10000","9001-10000","gallery-9601-9700.html","9601-9700","RE-011495.jpg","images/9601-9700/RE-011495.jpg","ZTJ7W97C__4269 - Light Cult Crypto Club.JPG","E:\Zotero-organized-export\JPG-JPEG\Light Cult NFTs\ZTJ7W97C__4269 - Light Cult Crypto Club.JPG","D:\github\ron-english-light-cult-9001-10000\images\9601-9700\RE-011495.jpg",".JPG",".jpg","120.9"
"RE-011496","Light Cult Crypto Club","9686","ron-english-light-cult-9001-10000","9001-10000","gallery-9601-9700.html","9601-9700","RE-011496.jpg","images/9601-9700/RE-011496.jpg","ZTMFBRBU__Diapositiva334.JPG","E:\Zotero-organized-export\JPG-JPEG\Light Cult NFTs\ZTMFBRBU__Diapositiva334.JPG","D:\github\ron-english-light-cult-9001-10000\images\9601-9700\RE-011496.jpg",".JPG",".jpg","169.5"
"RE-011497","Light Cult Crypto Club","9687","ron-english-light-cult-9001-10000","9001-10000","gallery-9601-9700.html","9601-9700","RE-011497.jpg","images/9601-9700/RE-011497.jpg","ZTMHWPYU__8060 - Light Cult Crypto Club.JPG","E:\Zotero-organized-export\JPG-JPEG\Light Cult NFTs\ZTMHWPYU__8060 - Light Cult Crypto Club.JPG","D:\github\ron-english-light-cult-9001-10000\images\9601-9700\RE-011497.jpg",".JPG",".jpg","55.5"
"RE-011498","Light Cult Crypto Club","9688","ron-english-light-cult-9001-10000","9001-10000","gallery-9601-9700.html","9601-9700","RE-011498.jpg","images/9601-9700/RE-011498.jpg","ZTP4BTIL__5989 - Light Cult Crypto Club.JPG","E:\Zotero-organized-export\JPG-JPEG\Light Cult NFTs\ZTP4BTIL__5989 - Light Cult Crypto Club.JPG","D:\github\ron-english-light-cult-9001-10000\images\9601-9700\RE-011498.jpg",".JPG",".jpg","76.2"
"RE-011499","Light Cult Crypto Club","9689","ron-english-light-cult-9001-10000","9001-10000","gallery-9601-9700.html","9601-9700","RE-011499.jpg","images/9601-9700/RE-011499.jpg","ZTR7SQNT__9896 - Light Cult Crypto Club.JPG","E:\Zotero-organized-export\JPG-JPEG\Light Cult NFTs\ZTR7SQNT__9896 - Light Cult Crypto Club.JPG","D:\github\ron-english-light-cult-9001-10000\images\9601-9700\RE-011499.jpg",".JPG",".jpg","60.3"
"RE-011500","Light Cult Crypto Club","9690","ron-english-light-cult-9001-10000","9001-10000","gallery-9601-9700.html","9601-9700","RE-011500.jpg","images/9601-9700/RE-011500.jpg","ZTSLZHYZ__6979 - Light Cult Crypto Club.JPG","E:\Zotero-organized-export\JPG-JPEG\Light Cult NFTs\ZTSLZHYZ__6979 - Light Cult Crypto Club.JPG","D:\github\ron-english-light-cult-9001-10000\images\9601-9700\RE-011500.jpg",".JPG",".jpg","94"
"RE-011501","Light Cult Crypto Club","9691","ron-english-light-cult-9001-10000","9001-10000","gallery-9601-9700.html","9601-9700","RE-011501.jpg","images/9601-9700/RE-011501.jpg","ZTV4C2A2__5798 - Light Cult Crypto Club.JPG","E:\Zotero-organized-export\JPG-JPEG\Light Cult NFTs\ZTV4C2A2__5798 - Light Cult Crypto Club.JPG","D:\github\ron-english-light-cult-9001-10000\images\9601-9700\RE-011501.jpg",".JPG",".jpg","72.1"
"RE-011502","Light Cult Crypto Club","9692","ron-english-light-cult-9001-10000","9001-10000","gallery-9601-9700.html","9601-9700","RE-011502.jpg","images/9601-9700/RE-011502.jpg","ZTX3WFDP__3381 - Light Cult Crypto Club.JPG","E:\Zotero-organized-export\JPG-JPEG\Light Cult NFTs\ZTX3WFDP__3381 - Light Cult Crypto Club.JPG","D:\github\ron-english-light-cult-9001-10000\images\9601-9700\RE-011502.jpg",".JPG",".jpg","75.1"
"RE-011503","Light Cult Crypto Club","9693","ron-english-light-cult-9001-10000","9001-10000","gallery-9601-9700.html","9601-9700","RE-011503.jpg","images/9601-9700/RE-011503.jpg","ZTYIWSPA__7021 - Light Cult Crypto Club.JPG","E:\Zotero-organized-export\JPG-JPEG\Light Cult NFTs\ZTYIWSPA__7021 - Light Cult Crypto Club.JPG","D:\github\ron-english-light-cult-9001-10000\images\9601-9700\RE-011503.jpg",".JPG",".jpg","61.8"
"RE-011504","Light Cult Crypto Club","9694","ron-english-light-cult-9001-10000","9001-10000","gallery-9601-9700.html","9601-9700","RE-011504.jpg","images/9601-9700/RE-011504.jpg","ZU3GVDZK__Diapositiva960.JPG","E:\Zotero-organized-export\JPG-JPEG\Light Cult NFTs\ZU3GVDZK__Diapositiva960.JPG","D:\github\ron-english-light-cult-9001-10000\images\9601-9700\RE-011504.jpg",".JPG",".jpg","79.4"
"RE-011505","Light Cult Crypto Club","9695","ron-english-light-cult-9001-10000","9001-10000","gallery-9601-9700.html","9601-9700","RE-011505.jpg","images/9601-9700/RE-011505.jpg","ZU6KNNY2__5458 - Light Cult Crypto Club.JPG","E:\Zotero-organized-export\JPG-JPEG\Light Cult NFTs\ZU6KNNY2__5458 - Light Cult Crypto Club.JPG","D:\github\ron-english-light-cult-9001-10000\images\9601-9700\RE-011505.jpg",".JPG",".jpg","44.1"
"RE-011506","Light Cult Crypto Club","9696","ron-english-light-cult-9001-10000","9001-10000","gallery-9601-9700.html","9601-9700","RE-011506.jpg","images/9601-9700/RE-011506.jpg","ZUCNYMTR__3950 - Light Cult Crypto Club.JPG","E:\Zotero-organized-export\JPG-JPEG\Light Cult NFTs\ZUCNYMTR__3950 - Light Cult Crypto Club.JPG","D:\github\ron-english-light-cult-9001-10000\images\9601-9700\RE-011506.jpg",".JPG",".jpg","109.8"
"RE-011507","Light Cult Crypto Club","9697","ron-english-light-cult-9001-10000","9001-10000","gallery-9601-9700.html","9601-9700","RE-011507.jpg","images/9601-9700/RE-011507.jpg","ZUGPBXFU__9488 - Light Cult Crypto Club.JPG","E:\Zotero-organized-export\JPG-JPEG\Light Cult NFTs\ZUGPBXFU__9488 - Light Cult Crypto Club.JPG","D:\github\ron-english-light-cult-9001-10000\images\9601-9700\RE-011507.jpg",".JPG",".jpg","57"
"RE-011508","Light Cult Crypto Club","9698","ron-english-light-cult-9001-10000","9001-10000","gallery-9601-9700.html","9601-9700","RE-011508.jpg","images/9601-9700/RE-011508.jpg","ZUJ64I5G__6892 - Light Cult Crypto Club.JPG","E:\Zotero-organized-export\JPG-JPEG\Light Cult NFTs\ZUJ64I5G__6892 - Light Cult Crypto Club.JPG","D:\github\ron-english-light-cult-9001-10000\images\9601-9700\RE-011508.jpg",".JPG",".jpg","83"
"RE-011509","Light Cult Crypto Club","9699","ron-english-light-cult-9001-10000","9001-10000","gallery-9601-9700.html","9601-9700","RE-011509.jpg","images/9601-9700/RE-011509.jpg","ZUSPCG5S__Diapositiva526.JPG","E:\Zotero-organized-export\JPG-JPEG\Light Cult NFTs\ZUSPCG5S__Diapositiva526.JPG","D:\github\ron-english-light-cult-9001-10000\images\9601-9700\RE-011509.jpg",".JPG",".jpg","69.4"
"RE-011510","Light Cult Crypto Club","9700","ron-english-light-cult-9001-10000","9001-10000","gallery-9601-9700.html","9601-9700","RE-011510.jpg","images/9601-9700/RE-011510.jpg","ZUT8CYTI__7913 - Light Cult Crypto Club.JPG","E:\Zotero-organized-export\JPG-JPEG\Light Cult NFTs\ZUT8CYTI__7913 - Light Cult Crypto Club.JPG","D:\github\ron-english-light-cult-9001-10000\images\9601-9700\RE-011510.jpg",".JPG",".jpg","134.8"
"RE-011511","Light Cult Crypto Club","9701","ron-english-light-cult-9001-10000","9001-10000","gallery-9701-9746.html","9701-9746","RE-011511.jpg","images/9701-9746/RE-011511.jpg","ZUYH98PS__Diapositiva814.JPG","E:\Zotero-organized-export\JPG-JPEG\Light Cult NFTs\ZUYH98PS__Diapositiva814.JPG","D:\github\ron-english-light-cult-9001-10000\images\9701-9746\RE-011511.jpg",".JPG",".jpg","105.9"
"RE-011512","Light Cult Crypto Club","9702","ron-english-light-cult-9001-10000","9001-10000","gallery-9701-9746.html","9701-9746","RE-011512.jpg","images/9701-9746/RE-011512.jpg","ZV6QQR4K__Diapositiva451.JPG","E:\Zotero-organized-export\JPG-JPEG\Light Cult NFTs\ZV6QQR4K__Diapositiva451.JPG","D:\github\ron-english-light-cult-9001-10000\images\9701-9746\RE-011512.jpg",".JPG",".jpg","125.4"
"RE-011513","Light Cult Crypto Club","9703","ron-english-light-cult-9001-10000","9001-10000","gallery-9701-9746.html","9701-9746","RE-011513.jpg","images/9701-9746/RE-011513.jpg","ZVC3LLRS__4369 - Light Cult Crypto Club.JPG","E:\Zotero-organized-export\JPG-JPEG\Light Cult NFTs\ZVC3LLRS__4369 - Light Cult Crypto Club.JPG","D:\github\ron-english-light-cult-9001-10000\images\9701-9746\RE-011513.jpg",".JPG",".jpg","70.8"
"RE-011514","Light Cult Crypto Club","9704","ron-english-light-cult-9001-10000","9001-10000","gallery-9701-9746.html","9701-9746","RE-011514.jpg","images/9701-9746/RE-011514.jpg","ZVFTHZ3P__4451 - Light Cult Crypto Club.JPG","E:\Zotero-organized-export\JPG-JPEG\Light Cult NFTs\ZVFTHZ3P__4451 - Light Cult Crypto Club.JPG","D:\github\ron-english-light-cult-9001-10000\images\9701-9746\RE-011514.jpg",".JPG",".jpg","40.2"
"RE-011515","Light Cult Crypto Club","9705","ron-english-light-cult-9001-10000","9001-10000","gallery-9701-9746.html","9701-9746","RE-011515.jpg","images/9701-9746/RE-011515.jpg","ZVHCX4UQ__Diapositiva902.JPG","E:\Zotero-organized-export\JPG-JPEG\Light Cult NFTs\ZVHCX4UQ__Diapositiva902.JPG","D:\github\ron-english-light-cult-9001-10000\images\9701-9746\RE-011515.jpg",".JPG",".jpg","111.4"
"RE-011516","Light Cult Crypto Club","9706","ron-english-light-cult-9001-10000","9001-10000","gallery-9701-9746.html","9701-9746","RE-011516.jpg","images/9701-9746/RE-011516.jpg","ZVHS3DU2__9058 - Light Cult Crypto Club.JPG","E:\Zotero-organized-export\JPG-JPEG\Light Cult NFTs\ZVHS3DU2__9058 - Light Cult Crypto Club.JPG","D:\github\ron-english-light-cult-9001-10000\images\9701-9746\RE-011516.jpg",".JPG",".jpg","124.4"
"RE-011517","Light Cult Crypto Club","9707","ron-english-light-cult-9001-10000","9001-10000","gallery-9701-9746.html","9701-9746","RE-011517.jpg","images/9701-9746/RE-011517.jpg","ZVJP4E3X__Diapositiva350.JPG","E:\Zotero-organized-export\JPG-JPEG\Light Cult NFTs\ZVJP4E3X__Diapositiva350.JPG","D:\github\ron-english-light-cult-9001-10000\images\9701-9746\RE-011517.jpg",".JPG",".jpg","75.8"
"RE-011518","Light Cult Crypto Club","9708","ron-english-light-cult-9001-10000","9001-10000","gallery-9701-9746.html","9701-9746","RE-011518.jpg","images/9701-9746/RE-011518.jpg","ZVLW948Y__6739 - Light Cult Crypto Club.JPG","E:\Zotero-organized-export\JPG-JPEG\Light Cult NFTs\ZVLW948Y__6739 - Light Cult Crypto Club.JPG","D:\github\ron-english-light-cult-9001-10000\images\9701-9746\RE-011518.jpg",".JPG",".jpg","82"
"RE-011519","Light Cult Crypto Club","9709","ron-english-light-cult-9001-10000","9001-10000","gallery-9701-9746.html","9701-9746","RE-011519.jpg","images/9701-9746/RE-011519.jpg","ZVP9P9C2__4064 - Light Cult Crypto Club.JPG","E:\Zotero-organized-export\JPG-JPEG\Light Cult NFTs\ZVP9P9C2__4064 - Light Cult Crypto Club.JPG","D:\github\ron-english-light-cult-9001-10000\images\9701-9746\RE-011519.jpg",".JPG",".jpg","166.3"
"RE-011520","Light Cult Crypto Club","9710","ron-english-light-cult-9001-10000","9001-10000","gallery-9701-9746.html","9701-9746","RE-011520.jpg","images/9701-9746/RE-011520.jpg","ZVXEAZE2__5000 - Light Cult Crypto Club.JPG","E:\Zotero-organized-export\JPG-JPEG\Light Cult NFTs\ZVXEAZE2__5000 - Light Cult Crypto Club.JPG","D:\github\ron-english-light-cult-9001-10000\images\9701-9746\RE-011520.jpg",".JPG",".jpg","127.4"
"RE-011521","Light Cult Crypto Club","9711","ron-english-light-cult-9001-10000","9001-10000","gallery-9701-9746.html","9701-9746","RE-011521.jpg","images/9701-9746/RE-011521.jpg","ZVY2IC5U__Diapositiva740.JPG","E:\Zotero-organized-export\JPG-JPEG\Light Cult NFTs\ZVY2IC5U__Diapositiva740.JPG","D:\github\ron-english-light-cult-9001-10000\images\9701-9746\RE-011521.jpg",".JPG",".jpg","71.5"
"RE-011522","Light Cult Crypto Club","9712","ron-english-light-cult-9001-10000","9001-10000","gallery-9701-9746.html","9701-9746","RE-011522.jpg","images/9701-9746/RE-011522.jpg","ZW2CRJ6T__4290 - Light Cult Crypto Club.JPG","E:\Zotero-organized-export\JPG-JPEG\Light Cult NFTs\ZW2CRJ6T__4290 - Light Cult Crypto Club.JPG","D:\github\ron-english-light-cult-9001-10000\images\9701-9746\RE-011522.jpg",".JPG",".jpg","97.5"
"RE-011523","Light Cult Crypto Club","9713","ron-english-light-cult-9001-10000","9001-10000","gallery-9701-9746.html","9701-9746","RE-011523.jpg","images/9701-9746/RE-011523.jpg","ZW39366V__6744 - Light Cult Crypto Club.JPG","E:\Zotero-organized-export\JPG-JPEG\Light Cult NFTs\ZW39366V__6744 - Light Cult Crypto Club.JPG","D:\github\ron-english-light-cult-9001-10000\images\9701-9746\RE-011523.jpg",".JPG",".jpg","126.9"
"RE-011524","Light Cult Crypto Club","9714","ron-english-light-cult-9001-10000","9001-10000","gallery-9701-9746.html","9701-9746","RE-011524.jpg","images/9701-9746/RE-011524.jpg","ZW3P7G8G__9390 - Light Cult Crypto Club.JPG","E:\Zotero-organized-export\JPG-JPEG\Light Cult NFTs\ZW3P7G8G__9390 - Light Cult Crypto Club.JPG","D:\github\ron-english-light-cult-9001-10000\images\9701-9746\RE-011524.jpg",".JPG",".jpg","133.3"
"RE-011525","Light Cult Crypto Club","9715","ron-english-light-cult-9001-10000","9001-10000","gallery-9701-9746.html","9701-9746","RE-011525.jpg","images/9701-9746/RE-011525.jpg","ZW3SYV2R__Diapositiva379.JPG","E:\Zotero-organized-export\JPG-JPEG\Light Cult NFTs\ZW3SYV2R__Diapositiva379.JPG","D:\github\ron-english-light-cult-9001-10000\images\9701-9746\RE-011525.jpg",".JPG",".jpg","128.7"
"RE-011526","Light Cult Crypto Club","9716","ron-english-light-cult-9001-10000","9001-10000","gallery-9701-9746.html","9701-9746","RE-011526.jpg","images/9701-9746/RE-011526.jpg","ZW5GEJLL__8950 - Light Cult Crypto Club.JPG","E:\Zotero-organized-export\JPG-JPEG\Light Cult NFTs\ZW5GEJLL__8950 - Light Cult Crypto Club.JPG","D:\github\ron-english-light-cult-9001-10000\images\9701-9746\RE-011526.jpg",".JPG",".jpg","51.8"
"RE-011527","Light Cult Crypto Club","9717","ron-english-light-cult-9001-10000","9001-10000","gallery-9701-9746.html","9701-9746","RE-011527.jpg","images/9701-9746/RE-011527.jpg","ZWDNCBXT__3160 - Light Cult Crypto Club.JPG","E:\Zotero-organized-export\JPG-JPEG\Light Cult NFTs\ZWDNCBXT__3160 - Light Cult Crypto Club.JPG","D:\github\ron-english-light-cult-9001-10000\images\9701-9746\RE-011527.jpg",".JPG",".jpg","147.8"
"RE-011528","Light Cult Crypto Club","9718","ron-english-light-cult-9001-10000","9001-10000","gallery-9701-9746.html","9701-9746","RE-011528.jpg","images/9701-9746/RE-011528.jpg","ZWHSWMF7__Diapositiva774.JPG","E:\Zotero-organized-export\JPG-JPEG\Light Cult NFTs\ZWHSWMF7__Diapositiva774.JPG","D:\github\ron-english-light-cult-9001-10000\images\9701-9746\RE-011528.jpg",".JPG",".jpg","138.9"
"RE-011529","Light Cult Crypto Club","9719","ron-english-light-cult-9001-10000","9001-10000","gallery-9701-9746.html","9701-9746","RE-011529.jpg","images/9701-9746/RE-011529.jpg","ZWN8C737__9027 - Light Cult Crypto Club.JPG","E:\Zotero-organized-export\JPG-JPEG\Light Cult NFTs\ZWN8C737__9027 - Light Cult Crypto Club.JPG","D:\github\ron-english-light-cult-9001-10000\images\9701-9746\RE-011529.jpg",".JPG",".jpg","88.6"
"RE-011530","Light Cult Crypto Club","9720","ron-english-light-cult-9001-10000","9001-10000","gallery-9701-9746.html","9701-9746","RE-011530.jpg","images/9701-9746/RE-011530.jpg","ZWRDDYZR__Diapositiva599.JPG","E:\Zotero-organized-export\JPG-JPEG\Light Cult NFTs\ZWRDDYZR__Diapositiva599.JPG","D:\github\ron-english-light-cult-9001-10000\images\9701-9746\RE-011530.jpg",".JPG",".jpg","78.2"
"RE-011531","Light Cult Crypto Club","9721","ron-english-light-cult-9001-10000","9001-10000","gallery-9701-9746.html","9701-9746","RE-011531.jpg","images/9701-9746/RE-011531.jpg","ZWWMRQ8U__Diapositiva216.JPG","E:\Zotero-organized-export\JPG-JPEG\Light Cult NFTs\ZWWMRQ8U__Diapositiva216.JPG","D:\github\ron-english-light-cult-9001-10000\images\9701-9746\RE-011531.jpg",".JPG",".jpg","49.8"
"RE-011532","Light Cult Crypto Club","9722","ron-english-light-cult-9001-10000","9001-10000","gallery-9701-9746.html","9701-9746","RE-011532.jpg","images/9701-9746/RE-011532.jpg","ZWX8U3BQ__Diapositiva198.JPG","E:\Zotero-organized-export\JPG-JPEG\Light Cult NFTs\ZWX8U3BQ__Diapositiva198.JPG","D:\github\ron-english-light-cult-9001-10000\images\9701-9746\RE-011532.jpg",".JPG",".jpg","49.4"
"RE-011533","Light Cult Crypto Club","9723","ron-english-light-cult-9001-10000","9001-10000","gallery-9701-9746.html","9701-9746","RE-011533.jpg","images/9701-9746/RE-011533.jpg","ZX2HB8W7__9391 - Light Cult Crypto Club.JPG","E:\Zotero-organized-export\JPG-JPEG\Light Cult NFTs\ZX2HB8W7__9391 - Light Cult Crypto Club.JPG","D:\github\ron-english-light-cult-9001-10000\images\9701-9746\RE-011533.jpg",".JPG",".jpg","58.3"
"RE-011534","Light Cult Crypto Club","9724","ron-english-light-cult-9001-10000","9001-10000","gallery-9701-9746.html","9701-9746","RE-011534.jpg","images/9701-9746/RE-011534.jpg","ZX45J93G__9642 - Light Cult Crypto Club.JPG","E:\Zotero-organized-export\JPG-JPEG\Light Cult NFTs\ZX45J93G__9642 - Light Cult Crypto Club.JPG","D:\github\ron-english-light-cult-9001-10000\images\9701-9746\RE-011534.jpg",".JPG",".jpg","96.3"
"RE-011535","Light Cult Crypto Club","9725","ron-english-light-cult-9001-10000","9001-10000","gallery-9701-9746.html","9701-9746","RE-011535.jpg","images/9701-9746/RE-011535.jpg","ZXC6Y2EV__9655 - Light Cult Crypto Club.JPG","E:\Zotero-organized-export\JPG-JPEG\Light Cult NFTs\ZXC6Y2EV__9655 - Light Cult Crypto Club.JPG","D:\github\ron-english-light-cult-9001-10000\images\9701-9746\RE-011535.jpg",".JPG",".jpg","34.8"
"RE-011536","Light Cult Crypto Club","9726","ron-english-light-cult-9001-10000","9001-10000","gallery-9701-9746.html","9701-9746","RE-011536.jpg","images/9701-9746/RE-011536.jpg","ZXFKNVGB__5239 - Light Cult Crypto Club.JPG","E:\Zotero-organized-export\JPG-JPEG\Light Cult NFTs\ZXFKNVGB__5239 - Light Cult Crypto Club.JPG","D:\github\ron-english-light-cult-9001-10000\images\9701-9746\RE-011536.jpg",".JPG",".jpg","53.6"
"RE-011537","Light Cult Crypto Club","9727","ron-english-light-cult-9001-10000","9001-10000","gallery-9701-9746.html","9701-9746","RE-011537.jpg","images/9701-9746/RE-011537.jpg","ZXI9WYSX__4873 - Light Cult Crypto Club.JPG","E:\Zotero-organized-export\JPG-JPEG\Light Cult NFTs\ZXI9WYSX__4873 - Light Cult Crypto Club.JPG","D:\github\ron-english-light-cult-9001-10000\images\9701-9746\RE-011537.jpg",".JPG",".jpg","84"
"RE-011538","Light Cult Crypto Club","9728","ron-english-light-cult-9001-10000","9001-10000","gallery-9701-9746.html","9701-9746","RE-011538.jpg","images/9701-9746/RE-011538.jpg","ZXKF9I5V__6337 - Light Cult Crypto Club.JPG","E:\Zotero-organized-export\JPG-JPEG\Light Cult NFTs\ZXKF9I5V__6337 - Light Cult Crypto Club.JPG","D:\github\ron-english-light-cult-9001-10000\images\9701-9746\RE-011538.jpg",".JPG",".jpg","111"
"RE-011539","Light Cult Crypto Club","9729","ron-english-light-cult-9001-10000","9001-10000","gallery-9701-9746.html","9701-9746","RE-011539.jpg","images/9701-9746/RE-011539.jpg","ZXQJ47G2__5491 - Light Cult Crypto Club.JPG","E:\Zotero-organized-export\JPG-JPEG\Light Cult NFTs\ZXQJ47G2__5491 - Light Cult Crypto Club.JPG","D:\github\ron-english-light-cult-9001-10000\images\9701-9746\RE-011539.jpg",".JPG",".jpg","115.2"
"RE-011540","Light Cult Crypto Club","9730","ron-english-light-cult-9001-10000","9001-10000","gallery-9701-9746.html","9701-9746","RE-011540.jpg","images/9701-9746/RE-011540.jpg","ZXVWTWUP__Diapositiva229.JPG","E:\Zotero-organized-export\JPG-JPEG\Light Cult NFTs\ZXVWTWUP__Diapositiva229.JPG","D:\github\ron-english-light-cult-9001-10000\images\9701-9746\RE-011540.jpg",".JPG",".jpg","122.6"
"RE-011541","Light Cult Crypto Club","9731","ron-english-light-cult-9001-10000","9001-10000","gallery-9701-9746.html","9701-9746","RE-011541.jpg","images/9701-9746/RE-011541.jpg","ZY5TGE6Q__6650 - Light Cult Crypto Club.JPG","E:\Zotero-organized-export\JPG-JPEG\Light Cult NFTs\ZY5TGE6Q__6650 - Light Cult Crypto Club.JPG","D:\github\ron-english-light-cult-9001-10000\images\9701-9746\RE-011541.jpg",".JPG",".jpg","47.1"
"RE-011542","Light Cult Crypto Club","9732","ron-english-light-cult-9001-10000","9001-10000","gallery-9701-9746.html","9701-9746","RE-011542.jpg","images/9701-9746/RE-011542.jpg","ZY9JQRKR__Diapositiva105.JPG","E:\Zotero-organized-export\JPG-JPEG\Light Cult NFTs\ZY9JQRKR__Diapositiva105.JPG","D:\github\ron-english-light-cult-9001-10000\images\9701-9746\RE-011542.jpg",".JPG",".jpg","42.3"
"RE-011543","Light Cult Crypto Club","9733","ron-english-light-cult-9001-10000","9001-10000","gallery-9701-9746.html","9701-9746","RE-011543.jpg","images/9701-9746/RE-011543.jpg","ZYGD2IIY__3728 - Light Cult Crypto Club.JPG","E:\Zotero-organized-export\JPG-JPEG\Light Cult NFTs\ZYGD2IIY__3728 - Light Cult Crypto Club.JPG","D:\github\ron-english-light-cult-9001-10000\images\9701-9746\RE-011543.jpg",".JPG",".jpg","81"
"RE-011544","Light Cult Crypto Club","9734","ron-english-light-cult-9001-10000","9001-10000","gallery-9701-9746.html","9701-9746","RE-011544.jpg","images/9701-9746/RE-011544.jpg","ZYKWEM7J__5133 - Light Cult Crypto Club.JPG","E:\Zotero-organized-export\JPG-JPEG\Light Cult NFTs\ZYKWEM7J__5133 - Light Cult Crypto Club.JPG","D:\github\ron-english-light-cult-9001-10000\images\9701-9746\RE-011544.jpg",".JPG",".jpg","117.9"
"RE-011545","Light Cult Crypto Club","9735","ron-english-light-cult-9001-10000","9001-10000","gallery-9701-9746.html","9701-9746","RE-011545.jpg","images/9701-9746/RE-011545.jpg","ZYXRYW3X__3196 - Light Cult Crypto Club.JPG","E:\Zotero-organized-export\JPG-JPEG\Light Cult NFTs\ZYXRYW3X__3196 - Light Cult Crypto Club.JPG","D:\github\ron-english-light-cult-9001-10000\images\9701-9746\RE-011545.jpg",".JPG",".jpg","42.4"
"RE-011546","Light Cult Crypto Club","9736","ron-english-light-cult-9001-10000","9001-10000","gallery-9701-9746.html","9701-9746","RE-011546.jpg","images/9701-9746/RE-011546.jpg","ZZ48U946__6004 - Light Cult Crypto Club.JPG","E:\Zotero-organized-export\JPG-JPEG\Light Cult NFTs\ZZ48U946__6004 - Light Cult Crypto Club.JPG","D:\github\ron-english-light-cult-9001-10000\images\9701-9746\RE-011546.jpg",".JPG",".jpg","70.7"
"RE-011547","Light Cult Crypto Club","9737","ron-english-light-cult-9001-10000","9001-10000","gallery-9701-9746.html","9701-9746","RE-011547.jpg","images/9701-9746/RE-011547.jpg","ZZ79D9EQ__3370 - Light Cult Crypto Club.JPG","E:\Zotero-organized-export\JPG-JPEG\Light Cult NFTs\ZZ79D9EQ__3370 - Light Cult Crypto Club.JPG","D:\github\ron-english-light-cult-9001-10000\images\9701-9746\RE-011547.jpg",".JPG",".jpg","113.5"
"RE-011548","Light Cult Crypto Club","9738","ron-english-light-cult-9001-10000","9001-10000","gallery-9701-9746.html","9701-9746","RE-011548.jpg","images/9701-9746/RE-011548.jpg","ZZCW4A6G__7126 - Light Cult Crypto Club.JPG","E:\Zotero-organized-export\JPG-JPEG\Light Cult NFTs\ZZCW4A6G__7126 - Light Cult Crypto Club.JPG","D:\github\ron-english-light-cult-9001-10000\images\9701-9746\RE-011548.jpg",".JPG",".jpg","137.4"
"RE-011549","Light Cult Crypto Club","9739","ron-english-light-cult-9001-10000","9001-10000","gallery-9701-9746.html","9701-9746","RE-011549.jpg","images/9701-9746/RE-011549.jpg","ZZMD4FFD__Diapositiva737.JPG","E:\Zotero-organized-export\JPG-JPEG\Light Cult NFTs\ZZMD4FFD__Diapositiva737.JPG","D:\github\ron-english-light-cult-9001-10000\images\9701-9746\RE-011549.jpg",".JPG",".jpg","133.6"
"RE-011550","Light Cult Crypto Club","9740","ron-english-light-cult-9001-10000","9001-10000","gallery-9701-9746.html","9701-9746","RE-011550.jpg","images/9701-9746/RE-011550.jpg","ZZMYK96Y__Diapositiva470.JPG","E:\Zotero-organized-export\JPG-JPEG\Light Cult NFTs\ZZMYK96Y__Diapositiva470.JPG","D:\github\ron-english-light-cult-9001-10000\images\9701-9746\RE-011550.jpg",".JPG",".jpg","71.1"
"RE-011551","Light Cult Crypto Club","9741","ron-english-light-cult-9001-10000","9001-10000","gallery-9701-9746.html","9701-9746","RE-011551.jpg","images/9701-9746/RE-011551.jpg","ZZNMP2EG__Diapositiva220.JPG","E:\Zotero-organized-export\JPG-JPEG\Light Cult NFTs\ZZNMP2EG__Diapositiva220.JPG","D:\github\ron-english-light-cult-9001-10000\images\9701-9746\RE-011551.jpg",".JPG",".jpg","75.2"
"RE-011552","Light Cult Crypto Club","9742","ron-english-light-cult-9001-10000","9001-10000","gallery-9701-9746.html","9701-9746","RE-011552.jpg","images/9701-9746/RE-011552.jpg","ZZPXL2JW__6227 - Light Cult Crypto Club.JPG","E:\Zotero-organized-export\JPG-JPEG\Light Cult NFTs\ZZPXL2JW__6227 - Light Cult Crypto Club.JPG","D:\github\ron-english-light-cult-9001-10000\images\9701-9746\RE-011552.jpg",".JPG",".jpg","121.5"
"RE-011553","Light Cult Crypto Club","9743","ron-english-light-cult-9001-10000","9001-10000","gallery-9701-9746.html","9701-9746","RE-011553.jpg","images/9701-9746/RE-011553.jpg","ZZR5GNXH__8895 - Light Cult Crypto Club.JPG","E:\Zotero-organized-export\JPG-JPEG\Light Cult NFTs\ZZR5GNXH__8895 - Light Cult Crypto Club.JPG","D:\github\ron-english-light-cult-9001-10000\images\9701-9746\RE-011553.jpg",".JPG",".jpg","93.8"
"RE-011554","Light Cult Crypto Club","9744","ron-english-light-cult-9001-10000","9001-10000","gallery-9701-9746.html","9701-9746","RE-011554.jpg","images/9701-9746/RE-011554.jpg","ZZTP9YSQ__Diapositiva690.JPG","E:\Zotero-organized-export\JPG-JPEG\Light Cult NFTs\ZZTP9YSQ__Diapositiva690.JPG","D:\github\ron-english-light-cult-9001-10000\images\9701-9746\RE-011554.jpg",".JPG",".jpg","162"
"RE-011555","Light Cult Crypto Club","9745","ron-english-light-cult-9001-10000","9001-10000","gallery-9701-9746.html","9701-9746","RE-011555.jpg","images/9701-9746/RE-011555.jpg","ZZUIS7DR__9747 - Light Cult Crypto Club.JPG","E:\Zotero-organized-export\JPG-JPEG\Light Cult NFTs\ZZUIS7DR__9747 - Light Cult Crypto Club.JPG","D:\github\ron-english-light-cult-9001-10000\images\9701-9746\RE-011555.jpg",".JPG",".jpg","116.1"
"RE-011556","Light Cult Crypto Club","9746","ron-english-light-cult-9001-10000","9001-10000","gallery-9701-9746.html","9701-9746","RE-011556.jpg","images/9701-9746/RE-011556.jpg","ZZXE5T8L__9545 - Light Cult Crypto Club.JPG","E:\Zotero-organized-export\JPG-JPEG\Light Cult NFTs\ZZXE5T8L__9545 - Light Cult Crypto Club.JPG","D:\github\ron-english-light-cult-9001-10000\images\9701-9746\RE-011556.jpg",".JPG",".jpg","82.3"
