"TokenNumber","TokenPadded","Title","WorkID","Range","SourceImagePath","SourceBytes","ImagePath","ImageFileName","DestinationImagePath","ItemPage","PublicPageURL","OpenSeaItemURL","Status","Note"
"9001","9001","Light Cult Crypto Club #9001","RE-010811","9001-9100","D:\github\ron-english-light-cult-9001-10000\images\9001-9100\RE-010811.jpg","56389","images/9001-9100/RE-010811.jpg","RE-010811.jpg","D:\github\ron-english-light-cult-9001-10000\images\9001-9100\RE-010811.jpg","items/lccc-9001.html","https://ronenglish-archive.github.io/ron-english-light-cult-9001-10000/items/lccc-9001.html","https://opensea.io/item/ethereum/0xbe85fbd182af91290be7293438ae67549638189f/9001","OK",""
"9002","9002","Light Cult Crypto Club #9002","RE-010812","9001-9100","D:\github\ron-english-light-cult-9001-10000\images\9001-9100\RE-010812.jpg","70684","images/9001-9100/RE-010812.jpg","RE-010812.jpg","D:\github\ron-english-light-cult-9001-10000\images\9001-9100\RE-010812.jpg","items/lccc-9002.html","https://ronenglish-archive.github.io/ron-english-light-cult-9001-10000/items/lccc-9002.html","https://opensea.io/item/ethereum/0xbe85fbd182af91290be7293438ae67549638189f/9002","OK",""
"9003","9003","Light Cult Crypto Club #9003","RE-010813","9001-9100","D:\github\ron-english-light-cult-9001-10000\images\9001-9100\RE-010813.jpg","126042","images/9001-9100/RE-010813.jpg","RE-010813.jpg","D:\github\ron-english-light-cult-9001-10000\images\9001-9100\RE-010813.jpg","items/lccc-9003.html","https://ronenglish-archive.github.io/ron-english-light-cult-9001-10000/items/lccc-9003.html","https://opensea.io/item/ethereum/0xbe85fbd182af91290be7293438ae67549638189f/9003","OK",""
"9004","9004","Light Cult Crypto Club #9004","RE-010814","9001-9100","D:\github\ron-english-light-cult-9001-10000\images\9001-9100\RE-010814.jpg","126890","images/9001-9100/RE-010814.jpg","RE-010814.jpg","D:\github\ron-english-light-cult-9001-10000\images\9001-9100\RE-010814.jpg","items/lccc-9004.html","https://ronenglish-archive.github.io/ron-english-light-cult-9001-10000/items/lccc-9004.html","https://opensea.io/item/ethereum/0xbe85fbd182af91290be7293438ae67549638189f/9004","OK",""
"9005","9005","Light Cult Crypto Club #9005","RE-010815","9001-9100","D:\github\ron-english-light-cult-9001-10000\images\9001-9100\RE-010815.jpg","128706","images/9001-9100/RE-010815.jpg","RE-010815.jpg","D:\github\ron-english-light-cult-9001-10000\images\9001-9100\RE-010815.jpg","items/lccc-9005.html","https://ronenglish-archive.github.io/ron-english-light-cult-9001-10000/items/lccc-9005.html","https://opensea.io/item/ethereum/0xbe85fbd182af91290be7293438ae67549638189f/9005","OK",""
"9006","9006","Light Cult Crypto Club #9006","RE-010816","9001-9100","D:\github\ron-english-light-cult-9001-10000\images\9001-9100\RE-010816.jpg","57039","images/9001-9100/RE-010816.jpg","RE-010816.jpg","D:\github\ron-english-light-cult-9001-10000\images\9001-9100\RE-010816.jpg","items/lccc-9006.html","https://ronenglish-archive.github.io/ron-english-light-cult-9001-10000/items/lccc-9006.html","https://opensea.io/item/ethereum/0xbe85fbd182af91290be7293438ae67549638189f/9006","OK",""
"9007","9007","Light Cult Crypto Club #9007","RE-010817","9001-9100","D:\github\ron-english-light-cult-9001-10000\images\9001-9100\RE-010817.jpg","50584","images/9001-9100/RE-010817.jpg","RE-010817.jpg","D:\github\ron-english-light-cult-9001-10000\images\9001-9100\RE-010817.jpg","items/lccc-9007.html","https://ronenglish-archive.github.io/ron-english-light-cult-9001-10000/items/lccc-9007.html","https://opensea.io/item/ethereum/0xbe85fbd182af91290be7293438ae67549638189f/9007","OK",""
"9008","9008","Light Cult Crypto Club #9008","RE-010818","9001-9100","D:\github\ron-english-light-cult-9001-10000\images\9001-9100\RE-010818.jpg","75278","images/9001-9100/RE-010818.jpg","RE-010818.jpg","D:\github\ron-english-light-cult-9001-10000\images\9001-9100\RE-010818.jpg","items/lccc-9008.html","https://ronenglish-archive.github.io/ron-english-light-cult-9001-10000/items/lccc-9008.html","https://opensea.io/item/ethereum/0xbe85fbd182af91290be7293438ae67549638189f/9008","OK",""
"9009","9009","Light Cult Crypto Club #9009","RE-010819","9001-9100","D:\github\ron-english-light-cult-9001-10000\images\9001-9100\RE-010819.jpg","76392","images/9001-9100/RE-010819.jpg","RE-010819.jpg","D:\github\ron-english-light-cult-9001-10000\images\9001-9100\RE-010819.jpg","items/lccc-9009.html","https://ronenglish-archive.github.io/ron-english-light-cult-9001-10000/items/lccc-9009.html","https://opensea.io/item/ethereum/0xbe85fbd182af91290be7293438ae67549638189f/9009","OK",""
"9010","9010","Light Cult Crypto Club #9010","RE-010820","9001-9100","D:\github\ron-english-light-cult-9001-10000\images\9001-9100\RE-010820.jpg","56431","images/9001-9100/RE-010820.jpg","RE-010820.jpg","D:\github\ron-english-light-cult-9001-10000\images\9001-9100\RE-010820.jpg","items/lccc-9010.html","https://ronenglish-archive.github.io/ron-english-light-cult-9001-10000/items/lccc-9010.html","https://opensea.io/item/ethereum/0xbe85fbd182af91290be7293438ae67549638189f/9010","OK",""
"9011","9011","Light Cult Crypto Club #9011","RE-010821","9001-9100","D:\github\ron-english-light-cult-9001-10000\images\9001-9100\RE-010821.jpg","93711","images/9001-9100/RE-010821.jpg","RE-010821.jpg","D:\github\ron-english-light-cult-9001-10000\images\9001-9100\RE-010821.jpg","items/lccc-9011.html","https://ronenglish-archive.github.io/ron-english-light-cult-9001-10000/items/lccc-9011.html","https://opensea.io/item/ethereum/0xbe85fbd182af91290be7293438ae67549638189f/9011","OK",""
"9012","9012","Light Cult Crypto Club #9012","RE-010822","9001-9100","D:\github\ron-english-light-cult-9001-10000\images\9001-9100\RE-010822.jpg","97133","images/9001-9100/RE-010822.jpg","RE-010822.jpg","D:\github\ron-english-light-cult-9001-10000\images\9001-9100\RE-010822.jpg","items/lccc-9012.html","https://ronenglish-archive.github.io/ron-english-light-cult-9001-10000/items/lccc-9012.html","https://opensea.io/item/ethereum/0xbe85fbd182af91290be7293438ae67549638189f/9012","OK",""
"9013","9013","Light Cult Crypto Club #9013","RE-010823","9001-9100","D:\github\ron-english-light-cult-9001-10000\images\9001-9100\RE-010823.jpg","52014","images/9001-9100/RE-010823.jpg","RE-010823.jpg","D:\github\ron-english-light-cult-9001-10000\images\9001-9100\RE-010823.jpg","items/lccc-9013.html","https://ronenglish-archive.github.io/ron-english-light-cult-9001-10000/items/lccc-9013.html","https://opensea.io/item/ethereum/0xbe85fbd182af91290be7293438ae67549638189f/9013","OK",""
"9014","9014","Light Cult Crypto Club #9014","RE-010824","9001-9100","D:\github\ron-english-light-cult-9001-10000\images\9001-9100\RE-010824.jpg","44368","images/9001-9100/RE-010824.jpg","RE-010824.jpg","D:\github\ron-english-light-cult-9001-10000\images\9001-9100\RE-010824.jpg","items/lccc-9014.html","https://ronenglish-archive.github.io/ron-english-light-cult-9001-10000/items/lccc-9014.html","https://opensea.io/item/ethereum/0xbe85fbd182af91290be7293438ae67549638189f/9014","OK",""
"9015","9015","Light Cult Crypto Club #9015","RE-010825","9001-9100","D:\github\ron-english-light-cult-9001-10000\images\9001-9100\RE-010825.jpg","39911","images/9001-9100/RE-010825.jpg","RE-010825.jpg","D:\github\ron-english-light-cult-9001-10000\images\9001-9100\RE-010825.jpg","items/lccc-9015.html","https://ronenglish-archive.github.io/ron-english-light-cult-9001-10000/items/lccc-9015.html","https://opensea.io/item/ethereum/0xbe85fbd182af91290be7293438ae67549638189f/9015","OK",""
"9016","9016","Light Cult Crypto Club #9016","RE-010826","9001-9100","D:\github\ron-english-light-cult-9001-10000\images\9001-9100\RE-010826.jpg","83373","images/9001-9100/RE-010826.jpg","RE-010826.jpg","D:\github\ron-english-light-cult-9001-10000\images\9001-9100\RE-010826.jpg","items/lccc-9016.html","https://ronenglish-archive.github.io/ron-english-light-cult-9001-10000/items/lccc-9016.html","https://opensea.io/item/ethereum/0xbe85fbd182af91290be7293438ae67549638189f/9016","OK",""
"9017","9017","Light Cult Crypto Club #9017","RE-010827","9001-9100","D:\github\ron-english-light-cult-9001-10000\images\9001-9100\RE-010827.jpg","100192","images/9001-9100/RE-010827.jpg","RE-010827.jpg","D:\github\ron-english-light-cult-9001-10000\images\9001-9100\RE-010827.jpg","items/lccc-9017.html","https://ronenglish-archive.github.io/ron-english-light-cult-9001-10000/items/lccc-9017.html","https://opensea.io/item/ethereum/0xbe85fbd182af91290be7293438ae67549638189f/9017","OK",""
"9018","9018","Light Cult Crypto Club #9018","RE-010828","9001-9100","D:\github\ron-english-light-cult-9001-10000\images\9001-9100\RE-010828.jpg","61123","images/9001-9100/RE-010828.jpg","RE-010828.jpg","D:\github\ron-english-light-cult-9001-10000\images\9001-9100\RE-010828.jpg","items/lccc-9018.html","https://ronenglish-archive.github.io/ron-english-light-cult-9001-10000/items/lccc-9018.html","https://opensea.io/item/ethereum/0xbe85fbd182af91290be7293438ae67549638189f/9018","OK",""
"9019","9019","Light Cult Crypto Club #9019","RE-010829","9001-9100","D:\github\ron-english-light-cult-9001-10000\images\9001-9100\RE-010829.jpg","129017","images/9001-9100/RE-010829.jpg","RE-010829.jpg","D:\github\ron-english-light-cult-9001-10000\images\9001-9100\RE-010829.jpg","items/lccc-9019.html","https://ronenglish-archive.github.io/ron-english-light-cult-9001-10000/items/lccc-9019.html","https://opensea.io/item/ethereum/0xbe85fbd182af91290be7293438ae67549638189f/9019","OK",""
"9020","9020","Light Cult Crypto Club #9020","RE-010830","9001-9100","D:\github\ron-english-light-cult-9001-10000\images\9001-9100\RE-010830.jpg","127159","images/9001-9100/RE-010830.jpg","RE-010830.jpg","D:\github\ron-english-light-cult-9001-10000\images\9001-9100\RE-010830.jpg","items/lccc-9020.html","https://ronenglish-archive.github.io/ron-english-light-cult-9001-10000/items/lccc-9020.html","https://opensea.io/item/ethereum/0xbe85fbd182af91290be7293438ae67549638189f/9020","OK",""
"9021","9021","Light Cult Crypto Club #9021","RE-010831","9001-9100","D:\github\ron-english-light-cult-9001-10000\images\9001-9100\RE-010831.jpg","91384","images/9001-9100/RE-010831.jpg","RE-010831.jpg","D:\github\ron-english-light-cult-9001-10000\images\9001-9100\RE-010831.jpg","items/lccc-9021.html","https://ronenglish-archive.github.io/ron-english-light-cult-9001-10000/items/lccc-9021.html","https://opensea.io/item/ethereum/0xbe85fbd182af91290be7293438ae67549638189f/9021","OK",""
"9022","9022","Light Cult Crypto Club #9022","RE-010832","9001-9100","D:\github\ron-english-light-cult-9001-10000\images\9001-9100\RE-010832.jpg","102900","images/9001-9100/RE-010832.jpg","RE-010832.jpg","D:\github\ron-english-light-cult-9001-10000\images\9001-9100\RE-010832.jpg","items/lccc-9022.html","https://ronenglish-archive.github.io/ron-english-light-cult-9001-10000/items/lccc-9022.html","https://opensea.io/item/ethereum/0xbe85fbd182af91290be7293438ae67549638189f/9022","OK",""
"9023","9023","Light Cult Crypto Club #9023","RE-010833","9001-9100","D:\github\ron-english-light-cult-9001-10000\images\9001-9100\RE-010833.jpg","76286","images/9001-9100/RE-010833.jpg","RE-010833.jpg","D:\github\ron-english-light-cult-9001-10000\images\9001-9100\RE-010833.jpg","items/lccc-9023.html","https://ronenglish-archive.github.io/ron-english-light-cult-9001-10000/items/lccc-9023.html","https://opensea.io/item/ethereum/0xbe85fbd182af91290be7293438ae67549638189f/9023","OK",""
"9024","9024","Light Cult Crypto Club #9024","RE-010834","9001-9100","D:\github\ron-english-light-cult-9001-10000\images\9001-9100\RE-010834.jpg","146772","images/9001-9100/RE-010834.jpg","RE-010834.jpg","D:\github\ron-english-light-cult-9001-10000\images\9001-9100\RE-010834.jpg","items/lccc-9024.html","https://ronenglish-archive.github.io/ron-english-light-cult-9001-10000/items/lccc-9024.html","https://opensea.io/item/ethereum/0xbe85fbd182af91290be7293438ae67549638189f/9024","OK",""
"9025","9025","Light Cult Crypto Club #9025","RE-010835","9001-9100","D:\github\ron-english-light-cult-9001-10000\images\9001-9100\RE-010835.jpg","48814","images/9001-9100/RE-010835.jpg","RE-010835.jpg","D:\github\ron-english-light-cult-9001-10000\images\9001-9100\RE-010835.jpg","items/lccc-9025.html","https://ronenglish-archive.github.io/ron-english-light-cult-9001-10000/items/lccc-9025.html","https://opensea.io/item/ethereum/0xbe85fbd182af91290be7293438ae67549638189f/9025","OK",""
"9026","9026","Light Cult Crypto Club #9026","RE-010836","9001-9100","D:\github\ron-english-light-cult-9001-10000\images\9001-9100\RE-010836.jpg","55536","images/9001-9100/RE-010836.jpg","RE-010836.jpg","D:\github\ron-english-light-cult-9001-10000\images\9001-9100\RE-010836.jpg","items/lccc-9026.html","https://ronenglish-archive.github.io/ron-english-light-cult-9001-10000/items/lccc-9026.html","https://opensea.io/item/ethereum/0xbe85fbd182af91290be7293438ae67549638189f/9026","OK",""
"9027","9027","Light Cult Crypto Club #9027","RE-010837","9001-9100","D:\github\ron-english-light-cult-9001-10000\images\9001-9100\RE-010837.jpg","152388","images/9001-9100/RE-010837.jpg","RE-010837.jpg","D:\github\ron-english-light-cult-9001-10000\images\9001-9100\RE-010837.jpg","items/lccc-9027.html","https://ronenglish-archive.github.io/ron-english-light-cult-9001-10000/items/lccc-9027.html","https://opensea.io/item/ethereum/0xbe85fbd182af91290be7293438ae67549638189f/9027","OK",""
"9028","9028","Light Cult Crypto Club #9028","RE-010838","9001-9100","D:\github\ron-english-light-cult-9001-10000\images\9001-9100\RE-010838.jpg","146785","images/9001-9100/RE-010838.jpg","RE-010838.jpg","D:\github\ron-english-light-cult-9001-10000\images\9001-9100\RE-010838.jpg","items/lccc-9028.html","https://ronenglish-archive.github.io/ron-english-light-cult-9001-10000/items/lccc-9028.html","https://opensea.io/item/ethereum/0xbe85fbd182af91290be7293438ae67549638189f/9028","OK",""
"9029","9029","Light Cult Crypto Club #9029","RE-010839","9001-9100","D:\github\ron-english-light-cult-9001-10000\images\9001-9100\RE-010839.jpg","77825","images/9001-9100/RE-010839.jpg","RE-010839.jpg","D:\github\ron-english-light-cult-9001-10000\images\9001-9100\RE-010839.jpg","items/lccc-9029.html","https://ronenglish-archive.github.io/ron-english-light-cult-9001-10000/items/lccc-9029.html","https://opensea.io/item/ethereum/0xbe85fbd182af91290be7293438ae67549638189f/9029","OK",""
"9030","9030","Light Cult Crypto Club #9030","RE-010840","9001-9100","D:\github\ron-english-light-cult-9001-10000\images\9001-9100\RE-010840.jpg","79722","images/9001-9100/RE-010840.jpg","RE-010840.jpg","D:\github\ron-english-light-cult-9001-10000\images\9001-9100\RE-010840.jpg","items/lccc-9030.html","https://ronenglish-archive.github.io/ron-english-light-cult-9001-10000/items/lccc-9030.html","https://opensea.io/item/ethereum/0xbe85fbd182af91290be7293438ae67549638189f/9030","OK",""
"9031","9031","Light Cult Crypto Club #9031","RE-010841","9001-9100","D:\github\ron-english-light-cult-9001-10000\images\9001-9100\RE-010841.jpg","139524","images/9001-9100/RE-010841.jpg","RE-010841.jpg","D:\github\ron-english-light-cult-9001-10000\images\9001-9100\RE-010841.jpg","items/lccc-9031.html","https://ronenglish-archive.github.io/ron-english-light-cult-9001-10000/items/lccc-9031.html","https://opensea.io/item/ethereum/0xbe85fbd182af91290be7293438ae67549638189f/9031","OK",""
"9032","9032","Light Cult Crypto Club #9032","RE-010842","9001-9100","D:\github\ron-english-light-cult-9001-10000\images\9001-9100\RE-010842.jpg","58736","images/9001-9100/RE-010842.jpg","RE-010842.jpg","D:\github\ron-english-light-cult-9001-10000\images\9001-9100\RE-010842.jpg","items/lccc-9032.html","https://ronenglish-archive.github.io/ron-english-light-cult-9001-10000/items/lccc-9032.html","https://opensea.io/item/ethereum/0xbe85fbd182af91290be7293438ae67549638189f/9032","OK",""
"9033","9033","Light Cult Crypto Club #9033","RE-010843","9001-9100","D:\github\ron-english-light-cult-9001-10000\images\9001-9100\RE-010843.jpg","89725","images/9001-9100/RE-010843.jpg","RE-010843.jpg","D:\github\ron-english-light-cult-9001-10000\images\9001-9100\RE-010843.jpg","items/lccc-9033.html","https://ronenglish-archive.github.io/ron-english-light-cult-9001-10000/items/lccc-9033.html","https://opensea.io/item/ethereum/0xbe85fbd182af91290be7293438ae67549638189f/9033","OK",""
"9034","9034","Light Cult Crypto Club #9034","RE-010844","9001-9100","D:\github\ron-english-light-cult-9001-10000\images\9001-9100\RE-010844.jpg","62426","images/9001-9100/RE-010844.jpg","RE-010844.jpg","D:\github\ron-english-light-cult-9001-10000\images\9001-9100\RE-010844.jpg","items/lccc-9034.html","https://ronenglish-archive.github.io/ron-english-light-cult-9001-10000/items/lccc-9034.html","https://opensea.io/item/ethereum/0xbe85fbd182af91290be7293438ae67549638189f/9034","OK",""
"9035","9035","Light Cult Crypto Club #9035","RE-010845","9001-9100","D:\github\ron-english-light-cult-9001-10000\images\9001-9100\RE-010845.jpg","80167","images/9001-9100/RE-010845.jpg","RE-010845.jpg","D:\github\ron-english-light-cult-9001-10000\images\9001-9100\RE-010845.jpg","items/lccc-9035.html","https://ronenglish-archive.github.io/ron-english-light-cult-9001-10000/items/lccc-9035.html","https://opensea.io/item/ethereum/0xbe85fbd182af91290be7293438ae67549638189f/9035","OK",""
"9036","9036","Light Cult Crypto Club #9036","RE-010846","9001-9100","D:\github\ron-english-light-cult-9001-10000\images\9001-9100\RE-010846.jpg","132466","images/9001-9100/RE-010846.jpg","RE-010846.jpg","D:\github\ron-english-light-cult-9001-10000\images\9001-9100\RE-010846.jpg","items/lccc-9036.html","https://ronenglish-archive.github.io/ron-english-light-cult-9001-10000/items/lccc-9036.html","https://opensea.io/item/ethereum/0xbe85fbd182af91290be7293438ae67549638189f/9036","OK",""
"9037","9037","Light Cult Crypto Club #9037","RE-010847","9001-9100","D:\github\ron-english-light-cult-9001-10000\images\9001-9100\RE-010847.jpg","72692","images/9001-9100/RE-010847.jpg","RE-010847.jpg","D:\github\ron-english-light-cult-9001-10000\images\9001-9100\RE-010847.jpg","items/lccc-9037.html","https://ronenglish-archive.github.io/ron-english-light-cult-9001-10000/items/lccc-9037.html","https://opensea.io/item/ethereum/0xbe85fbd182af91290be7293438ae67549638189f/9037","OK",""
"9038","9038","Light Cult Crypto Club #9038","RE-010848","9001-9100","D:\github\ron-english-light-cult-9001-10000\images\9001-9100\RE-010848.jpg","100035","images/9001-9100/RE-010848.jpg","RE-010848.jpg","D:\github\ron-english-light-cult-9001-10000\images\9001-9100\RE-010848.jpg","items/lccc-9038.html","https://ronenglish-archive.github.io/ron-english-light-cult-9001-10000/items/lccc-9038.html","https://opensea.io/item/ethereum/0xbe85fbd182af91290be7293438ae67549638189f/9038","OK",""
"9039","9039","Light Cult Crypto Club #9039","RE-010849","9001-9100","D:\github\ron-english-light-cult-9001-10000\images\9001-9100\RE-010849.jpg","154282","images/9001-9100/RE-010849.jpg","RE-010849.jpg","D:\github\ron-english-light-cult-9001-10000\images\9001-9100\RE-010849.jpg","items/lccc-9039.html","https://ronenglish-archive.github.io/ron-english-light-cult-9001-10000/items/lccc-9039.html","https://opensea.io/item/ethereum/0xbe85fbd182af91290be7293438ae67549638189f/9039","OK",""
"9040","9040","Light Cult Crypto Club #9040","RE-010850","9001-9100","D:\github\ron-english-light-cult-9001-10000\images\9001-9100\RE-010850.jpg","140388","images/9001-9100/RE-010850.jpg","RE-010850.jpg","D:\github\ron-english-light-cult-9001-10000\images\9001-9100\RE-010850.jpg","items/lccc-9040.html","https://ronenglish-archive.github.io/ron-english-light-cult-9001-10000/items/lccc-9040.html","https://opensea.io/item/ethereum/0xbe85fbd182af91290be7293438ae67549638189f/9040","OK",""
"9041","9041","Light Cult Crypto Club #9041","RE-010851","9001-9100","D:\github\ron-english-light-cult-9001-10000\images\9001-9100\RE-010851.jpg","115263","images/9001-9100/RE-010851.jpg","RE-010851.jpg","D:\github\ron-english-light-cult-9001-10000\images\9001-9100\RE-010851.jpg","items/lccc-9041.html","https://ronenglish-archive.github.io/ron-english-light-cult-9001-10000/items/lccc-9041.html","https://opensea.io/item/ethereum/0xbe85fbd182af91290be7293438ae67549638189f/9041","OK",""
"9042","9042","Light Cult Crypto Club #9042","RE-010852","9001-9100","D:\github\ron-english-light-cult-9001-10000\images\9001-9100\RE-010852.jpg","127316","images/9001-9100/RE-010852.jpg","RE-010852.jpg","D:\github\ron-english-light-cult-9001-10000\images\9001-9100\RE-010852.jpg","items/lccc-9042.html","https://ronenglish-archive.github.io/ron-english-light-cult-9001-10000/items/lccc-9042.html","https://opensea.io/item/ethereum/0xbe85fbd182af91290be7293438ae67549638189f/9042","OK",""
"9043","9043","Light Cult Crypto Club #9043","RE-010853","9001-9100","D:\github\ron-english-light-cult-9001-10000\images\9001-9100\RE-010853.jpg","90030","images/9001-9100/RE-010853.jpg","RE-010853.jpg","D:\github\ron-english-light-cult-9001-10000\images\9001-9100\RE-010853.jpg","items/lccc-9043.html","https://ronenglish-archive.github.io/ron-english-light-cult-9001-10000/items/lccc-9043.html","https://opensea.io/item/ethereum/0xbe85fbd182af91290be7293438ae67549638189f/9043","OK",""
"9044","9044","Light Cult Crypto Club #9044","RE-010854","9001-9100","D:\github\ron-english-light-cult-9001-10000\images\9001-9100\RE-010854.jpg","49072","images/9001-9100/RE-010854.jpg","RE-010854.jpg","D:\github\ron-english-light-cult-9001-10000\images\9001-9100\RE-010854.jpg","items/lccc-9044.html","https://ronenglish-archive.github.io/ron-english-light-cult-9001-10000/items/lccc-9044.html","https://opensea.io/item/ethereum/0xbe85fbd182af91290be7293438ae67549638189f/9044","OK",""
"9045","9045","Light Cult Crypto Club #9045","RE-010855","9001-9100","D:\github\ron-english-light-cult-9001-10000\images\9001-9100\RE-010855.jpg","123761","images/9001-9100/RE-010855.jpg","RE-010855.jpg","D:\github\ron-english-light-cult-9001-10000\images\9001-9100\RE-010855.jpg","items/lccc-9045.html","https://ronenglish-archive.github.io/ron-english-light-cult-9001-10000/items/lccc-9045.html","https://opensea.io/item/ethereum/0xbe85fbd182af91290be7293438ae67549638189f/9045","OK",""
"9046","9046","Light Cult Crypto Club #9046","RE-010856","9001-9100","D:\github\ron-english-light-cult-9001-10000\images\9001-9100\RE-010856.jpg","110815","images/9001-9100/RE-010856.jpg","RE-010856.jpg","D:\github\ron-english-light-cult-9001-10000\images\9001-9100\RE-010856.jpg","items/lccc-9046.html","https://ronenglish-archive.github.io/ron-english-light-cult-9001-10000/items/lccc-9046.html","https://opensea.io/item/ethereum/0xbe85fbd182af91290be7293438ae67549638189f/9046","OK",""
"9047","9047","Light Cult Crypto Club #9047","RE-010857","9001-9100","D:\github\ron-english-light-cult-9001-10000\images\9001-9100\RE-010857.jpg","94905","images/9001-9100/RE-010857.jpg","RE-010857.jpg","D:\github\ron-english-light-cult-9001-10000\images\9001-9100\RE-010857.jpg","items/lccc-9047.html","https://ronenglish-archive.github.io/ron-english-light-cult-9001-10000/items/lccc-9047.html","https://opensea.io/item/ethereum/0xbe85fbd182af91290be7293438ae67549638189f/9047","OK",""
"9048","9048","Light Cult Crypto Club #9048","RE-010858","9001-9100","D:\github\ron-english-light-cult-9001-10000\images\9001-9100\RE-010858.jpg","113757","images/9001-9100/RE-010858.jpg","RE-010858.jpg","D:\github\ron-english-light-cult-9001-10000\images\9001-9100\RE-010858.jpg","items/lccc-9048.html","https://ronenglish-archive.github.io/ron-english-light-cult-9001-10000/items/lccc-9048.html","https://opensea.io/item/ethereum/0xbe85fbd182af91290be7293438ae67549638189f/9048","OK",""
"9049","9049","Light Cult Crypto Club #9049","RE-010859","9001-9100","D:\github\ron-english-light-cult-9001-10000\images\9001-9100\RE-010859.jpg","127192","images/9001-9100/RE-010859.jpg","RE-010859.jpg","D:\github\ron-english-light-cult-9001-10000\images\9001-9100\RE-010859.jpg","items/lccc-9049.html","https://ronenglish-archive.github.io/ron-english-light-cult-9001-10000/items/lccc-9049.html","https://opensea.io/item/ethereum/0xbe85fbd182af91290be7293438ae67549638189f/9049","OK",""
"9050","9050","Light Cult Crypto Club #9050","RE-010860","9001-9100","D:\github\ron-english-light-cult-9001-10000\images\9001-9100\RE-010860.jpg","155170","images/9001-9100/RE-010860.jpg","RE-010860.jpg","D:\github\ron-english-light-cult-9001-10000\images\9001-9100\RE-010860.jpg","items/lccc-9050.html","https://ronenglish-archive.github.io/ron-english-light-cult-9001-10000/items/lccc-9050.html","https://opensea.io/item/ethereum/0xbe85fbd182af91290be7293438ae67549638189f/9050","OK",""
"9051","9051","Light Cult Crypto Club #9051","RE-010861","9001-9100","D:\github\ron-english-light-cult-9001-10000\images\9001-9100\RE-010861.jpg","135823","images/9001-9100/RE-010861.jpg","RE-010861.jpg","D:\github\ron-english-light-cult-9001-10000\images\9001-9100\RE-010861.jpg","items/lccc-9051.html","https://ronenglish-archive.github.io/ron-english-light-cult-9001-10000/items/lccc-9051.html","https://opensea.io/item/ethereum/0xbe85fbd182af91290be7293438ae67549638189f/9051","OK",""
"9052","9052","Light Cult Crypto Club #9052","RE-010862","9001-9100","D:\github\ron-english-light-cult-9001-10000\images\9001-9100\RE-010862.jpg","80373","images/9001-9100/RE-010862.jpg","RE-010862.jpg","D:\github\ron-english-light-cult-9001-10000\images\9001-9100\RE-010862.jpg","items/lccc-9052.html","https://ronenglish-archive.github.io/ron-english-light-cult-9001-10000/items/lccc-9052.html","https://opensea.io/item/ethereum/0xbe85fbd182af91290be7293438ae67549638189f/9052","OK",""
"9053","9053","Light Cult Crypto Club #9053","RE-010863","9001-9100","D:\github\ron-english-light-cult-9001-10000\images\9001-9100\RE-010863.jpg","132129","images/9001-9100/RE-010863.jpg","RE-010863.jpg","D:\github\ron-english-light-cult-9001-10000\images\9001-9100\RE-010863.jpg","items/lccc-9053.html","https://ronenglish-archive.github.io/ron-english-light-cult-9001-10000/items/lccc-9053.html","https://opensea.io/item/ethereum/0xbe85fbd182af91290be7293438ae67549638189f/9053","OK",""
"9054","9054","Light Cult Crypto Club #9054","RE-010864","9001-9100","D:\github\ron-english-light-cult-9001-10000\images\9001-9100\RE-010864.jpg","87366","images/9001-9100/RE-010864.jpg","RE-010864.jpg","D:\github\ron-english-light-cult-9001-10000\images\9001-9100\RE-010864.jpg","items/lccc-9054.html","https://ronenglish-archive.github.io/ron-english-light-cult-9001-10000/items/lccc-9054.html","https://opensea.io/item/ethereum/0xbe85fbd182af91290be7293438ae67549638189f/9054","OK",""
"9055","9055","Light Cult Crypto Club #9055","RE-010865","9001-9100","D:\github\ron-english-light-cult-9001-10000\images\9001-9100\RE-010865.jpg","124500","images/9001-9100/RE-010865.jpg","RE-010865.jpg","D:\github\ron-english-light-cult-9001-10000\images\9001-9100\RE-010865.jpg","items/lccc-9055.html","https://ronenglish-archive.github.io/ron-english-light-cult-9001-10000/items/lccc-9055.html","https://opensea.io/item/ethereum/0xbe85fbd182af91290be7293438ae67549638189f/9055","OK",""
"9056","9056","Light Cult Crypto Club #9056","RE-010866","9001-9100","D:\github\ron-english-light-cult-9001-10000\images\9001-9100\RE-010866.jpg","80150","images/9001-9100/RE-010866.jpg","RE-010866.jpg","D:\github\ron-english-light-cult-9001-10000\images\9001-9100\RE-010866.jpg","items/lccc-9056.html","https://ronenglish-archive.github.io/ron-english-light-cult-9001-10000/items/lccc-9056.html","https://opensea.io/item/ethereum/0xbe85fbd182af91290be7293438ae67549638189f/9056","OK",""
"9057","9057","Light Cult Crypto Club #9057","RE-010867","9001-9100","D:\github\ron-english-light-cult-9001-10000\images\9001-9100\RE-010867.jpg","59076","images/9001-9100/RE-010867.jpg","RE-010867.jpg","D:\github\ron-english-light-cult-9001-10000\images\9001-9100\RE-010867.jpg","items/lccc-9057.html","https://ronenglish-archive.github.io/ron-english-light-cult-9001-10000/items/lccc-9057.html","https://opensea.io/item/ethereum/0xbe85fbd182af91290be7293438ae67549638189f/9057","OK",""
"9058","9058","Light Cult Crypto Club #9058","RE-010868","9001-9100","D:\github\ron-english-light-cult-9001-10000\images\9001-9100\RE-010868.jpg","78052","images/9001-9100/RE-010868.jpg","RE-010868.jpg","D:\github\ron-english-light-cult-9001-10000\images\9001-9100\RE-010868.jpg","items/lccc-9058.html","https://ronenglish-archive.github.io/ron-english-light-cult-9001-10000/items/lccc-9058.html","https://opensea.io/item/ethereum/0xbe85fbd182af91290be7293438ae67549638189f/9058","OK",""
"9059","9059","Light Cult Crypto Club #9059","RE-010869","9001-9100","D:\github\ron-english-light-cult-9001-10000\images\9001-9100\RE-010869.jpg","213477","images/9001-9100/RE-010869.jpg","RE-010869.jpg","D:\github\ron-english-light-cult-9001-10000\images\9001-9100\RE-010869.jpg","items/lccc-9059.html","https://ronenglish-archive.github.io/ron-english-light-cult-9001-10000/items/lccc-9059.html","https://opensea.io/item/ethereum/0xbe85fbd182af91290be7293438ae67549638189f/9059","OK",""
"9060","9060","Light Cult Crypto Club #9060","RE-010870","9001-9100","D:\github\ron-english-light-cult-9001-10000\images\9001-9100\RE-010870.jpg","127482","images/9001-9100/RE-010870.jpg","RE-010870.jpg","D:\github\ron-english-light-cult-9001-10000\images\9001-9100\RE-010870.jpg","items/lccc-9060.html","https://ronenglish-archive.github.io/ron-english-light-cult-9001-10000/items/lccc-9060.html","https://opensea.io/item/ethereum/0xbe85fbd182af91290be7293438ae67549638189f/9060","OK",""
"9061","9061","Light Cult Crypto Club #9061","RE-010871","9001-9100","D:\github\ron-english-light-cult-9001-10000\images\9001-9100\RE-010871.jpg","48151","images/9001-9100/RE-010871.jpg","RE-010871.jpg","D:\github\ron-english-light-cult-9001-10000\images\9001-9100\RE-010871.jpg","items/lccc-9061.html","https://ronenglish-archive.github.io/ron-english-light-cult-9001-10000/items/lccc-9061.html","https://opensea.io/item/ethereum/0xbe85fbd182af91290be7293438ae67549638189f/9061","OK",""
"9062","9062","Light Cult Crypto Club #9062","RE-010872","9001-9100","D:\github\ron-english-light-cult-9001-10000\images\9001-9100\RE-010872.jpg","140501","images/9001-9100/RE-010872.jpg","RE-010872.jpg","D:\github\ron-english-light-cult-9001-10000\images\9001-9100\RE-010872.jpg","items/lccc-9062.html","https://ronenglish-archive.github.io/ron-english-light-cult-9001-10000/items/lccc-9062.html","https://opensea.io/item/ethereum/0xbe85fbd182af91290be7293438ae67549638189f/9062","OK",""
"9063","9063","Light Cult Crypto Club #9063","RE-010873","9001-9100","D:\github\ron-english-light-cult-9001-10000\images\9001-9100\RE-010873.jpg","135216","images/9001-9100/RE-010873.jpg","RE-010873.jpg","D:\github\ron-english-light-cult-9001-10000\images\9001-9100\RE-010873.jpg","items/lccc-9063.html","https://ronenglish-archive.github.io/ron-english-light-cult-9001-10000/items/lccc-9063.html","https://opensea.io/item/ethereum/0xbe85fbd182af91290be7293438ae67549638189f/9063","OK",""
"9064","9064","Light Cult Crypto Club #9064","RE-010874","9001-9100","D:\github\ron-english-light-cult-9001-10000\images\9001-9100\RE-010874.jpg","89080","images/9001-9100/RE-010874.jpg","RE-010874.jpg","D:\github\ron-english-light-cult-9001-10000\images\9001-9100\RE-010874.jpg","items/lccc-9064.html","https://ronenglish-archive.github.io/ron-english-light-cult-9001-10000/items/lccc-9064.html","https://opensea.io/item/ethereum/0xbe85fbd182af91290be7293438ae67549638189f/9064","OK",""
"9065","9065","Light Cult Crypto Club #9065","RE-010875","9001-9100","D:\github\ron-english-light-cult-9001-10000\images\9001-9100\RE-010875.jpg","136609","images/9001-9100/RE-010875.jpg","RE-010875.jpg","D:\github\ron-english-light-cult-9001-10000\images\9001-9100\RE-010875.jpg","items/lccc-9065.html","https://ronenglish-archive.github.io/ron-english-light-cult-9001-10000/items/lccc-9065.html","https://opensea.io/item/ethereum/0xbe85fbd182af91290be7293438ae67549638189f/9065","OK",""
"9066","9066","Light Cult Crypto Club #9066","RE-010876","9001-9100","D:\github\ron-english-light-cult-9001-10000\images\9001-9100\RE-010876.jpg","115044","images/9001-9100/RE-010876.jpg","RE-010876.jpg","D:\github\ron-english-light-cult-9001-10000\images\9001-9100\RE-010876.jpg","items/lccc-9066.html","https://ronenglish-archive.github.io/ron-english-light-cult-9001-10000/items/lccc-9066.html","https://opensea.io/item/ethereum/0xbe85fbd182af91290be7293438ae67549638189f/9066","OK",""
"9067","9067","Light Cult Crypto Club #9067","RE-010877","9001-9100","D:\github\ron-english-light-cult-9001-10000\images\9001-9100\RE-010877.jpg","144077","images/9001-9100/RE-010877.jpg","RE-010877.jpg","D:\github\ron-english-light-cult-9001-10000\images\9001-9100\RE-010877.jpg","items/lccc-9067.html","https://ronenglish-archive.github.io/ron-english-light-cult-9001-10000/items/lccc-9067.html","https://opensea.io/item/ethereum/0xbe85fbd182af91290be7293438ae67549638189f/9067","OK",""
"9068","9068","Light Cult Crypto Club #9068","RE-010878","9001-9100","D:\github\ron-english-light-cult-9001-10000\images\9001-9100\RE-010878.jpg","126832","images/9001-9100/RE-010878.jpg","RE-010878.jpg","D:\github\ron-english-light-cult-9001-10000\images\9001-9100\RE-010878.jpg","items/lccc-9068.html","https://ronenglish-archive.github.io/ron-english-light-cult-9001-10000/items/lccc-9068.html","https://opensea.io/item/ethereum/0xbe85fbd182af91290be7293438ae67549638189f/9068","OK",""
"9069","9069","Light Cult Crypto Club #9069","RE-010879","9001-9100","D:\github\ron-english-light-cult-9001-10000\images\9001-9100\RE-010879.jpg","173232","images/9001-9100/RE-010879.jpg","RE-010879.jpg","D:\github\ron-english-light-cult-9001-10000\images\9001-9100\RE-010879.jpg","items/lccc-9069.html","https://ronenglish-archive.github.io/ron-english-light-cult-9001-10000/items/lccc-9069.html","https://opensea.io/item/ethereum/0xbe85fbd182af91290be7293438ae67549638189f/9069","OK",""
"9070","9070","Light Cult Crypto Club #9070","RE-010880","9001-9100","D:\github\ron-english-light-cult-9001-10000\images\9001-9100\RE-010880.jpg","70267","images/9001-9100/RE-010880.jpg","RE-010880.jpg","D:\github\ron-english-light-cult-9001-10000\images\9001-9100\RE-010880.jpg","items/lccc-9070.html","https://ronenglish-archive.github.io/ron-english-light-cult-9001-10000/items/lccc-9070.html","https://opensea.io/item/ethereum/0xbe85fbd182af91290be7293438ae67549638189f/9070","OK",""
"9071","9071","Light Cult Crypto Club #9071","RE-010881","9001-9100","D:\github\ron-english-light-cult-9001-10000\images\9001-9100\RE-010881.jpg","62052","images/9001-9100/RE-010881.jpg","RE-010881.jpg","D:\github\ron-english-light-cult-9001-10000\images\9001-9100\RE-010881.jpg","items/lccc-9071.html","https://ronenglish-archive.github.io/ron-english-light-cult-9001-10000/items/lccc-9071.html","https://opensea.io/item/ethereum/0xbe85fbd182af91290be7293438ae67549638189f/9071","OK",""
"9072","9072","Light Cult Crypto Club #9072","RE-010882","9001-9100","D:\github\ron-english-light-cult-9001-10000\images\9001-9100\RE-010882.jpg","119982","images/9001-9100/RE-010882.jpg","RE-010882.jpg","D:\github\ron-english-light-cult-9001-10000\images\9001-9100\RE-010882.jpg","items/lccc-9072.html","https://ronenglish-archive.github.io/ron-english-light-cult-9001-10000/items/lccc-9072.html","https://opensea.io/item/ethereum/0xbe85fbd182af91290be7293438ae67549638189f/9072","OK",""
"9073","9073","Light Cult Crypto Club #9073","RE-010883","9001-9100","D:\github\ron-english-light-cult-9001-10000\images\9001-9100\RE-010883.jpg","44573","images/9001-9100/RE-010883.jpg","RE-010883.jpg","D:\github\ron-english-light-cult-9001-10000\images\9001-9100\RE-010883.jpg","items/lccc-9073.html","https://ronenglish-archive.github.io/ron-english-light-cult-9001-10000/items/lccc-9073.html","https://opensea.io/item/ethereum/0xbe85fbd182af91290be7293438ae67549638189f/9073","OK",""
"9074","9074","Light Cult Crypto Club #9074","RE-010884","9001-9100","D:\github\ron-english-light-cult-9001-10000\images\9001-9100\RE-010884.jpg","123470","images/9001-9100/RE-010884.jpg","RE-010884.jpg","D:\github\ron-english-light-cult-9001-10000\images\9001-9100\RE-010884.jpg","items/lccc-9074.html","https://ronenglish-archive.github.io/ron-english-light-cult-9001-10000/items/lccc-9074.html","https://opensea.io/item/ethereum/0xbe85fbd182af91290be7293438ae67549638189f/9074","OK",""
"9075","9075","Light Cult Crypto Club #9075","RE-010885","9001-9100","D:\github\ron-english-light-cult-9001-10000\images\9001-9100\RE-010885.jpg","49575","images/9001-9100/RE-010885.jpg","RE-010885.jpg","D:\github\ron-english-light-cult-9001-10000\images\9001-9100\RE-010885.jpg","items/lccc-9075.html","https://ronenglish-archive.github.io/ron-english-light-cult-9001-10000/items/lccc-9075.html","https://opensea.io/item/ethereum/0xbe85fbd182af91290be7293438ae67549638189f/9075","OK",""
"9076","9076","Light Cult Crypto Club #9076","RE-010886","9001-9100","D:\github\ron-english-light-cult-9001-10000\images\9001-9100\RE-010886.jpg","90878","images/9001-9100/RE-010886.jpg","RE-010886.jpg","D:\github\ron-english-light-cult-9001-10000\images\9001-9100\RE-010886.jpg","items/lccc-9076.html","https://ronenglish-archive.github.io/ron-english-light-cult-9001-10000/items/lccc-9076.html","https://opensea.io/item/ethereum/0xbe85fbd182af91290be7293438ae67549638189f/9076","OK",""
"9077","9077","Light Cult Crypto Club #9077","RE-010887","9001-9100","D:\github\ron-english-light-cult-9001-10000\images\9001-9100\RE-010887.jpg","60004","images/9001-9100/RE-010887.jpg","RE-010887.jpg","D:\github\ron-english-light-cult-9001-10000\images\9001-9100\RE-010887.jpg","items/lccc-9077.html","https://ronenglish-archive.github.io/ron-english-light-cult-9001-10000/items/lccc-9077.html","https://opensea.io/item/ethereum/0xbe85fbd182af91290be7293438ae67549638189f/9077","OK",""
"9078","9078","Light Cult Crypto Club #9078","RE-010888","9001-9100","D:\github\ron-english-light-cult-9001-10000\images\9001-9100\RE-010888.jpg","128870","images/9001-9100/RE-010888.jpg","RE-010888.jpg","D:\github\ron-english-light-cult-9001-10000\images\9001-9100\RE-010888.jpg","items/lccc-9078.html","https://ronenglish-archive.github.io/ron-english-light-cult-9001-10000/items/lccc-9078.html","https://opensea.io/item/ethereum/0xbe85fbd182af91290be7293438ae67549638189f/9078","OK",""
"9079","9079","Light Cult Crypto Club #9079","RE-010889","9001-9100","D:\github\ron-english-light-cult-9001-10000\images\9001-9100\RE-010889.jpg","130500","images/9001-9100/RE-010889.jpg","RE-010889.jpg","D:\github\ron-english-light-cult-9001-10000\images\9001-9100\RE-010889.jpg","items/lccc-9079.html","https://ronenglish-archive.github.io/ron-english-light-cult-9001-10000/items/lccc-9079.html","https://opensea.io/item/ethereum/0xbe85fbd182af91290be7293438ae67549638189f/9079","OK",""
"9080","9080","Light Cult Crypto Club #9080","RE-010890","9001-9100","D:\github\ron-english-light-cult-9001-10000\images\9001-9100\RE-010890.jpg","93463","images/9001-9100/RE-010890.jpg","RE-010890.jpg","D:\github\ron-english-light-cult-9001-10000\images\9001-9100\RE-010890.jpg","items/lccc-9080.html","https://ronenglish-archive.github.io/ron-english-light-cult-9001-10000/items/lccc-9080.html","https://opensea.io/item/ethereum/0xbe85fbd182af91290be7293438ae67549638189f/9080","OK",""
"9081","9081","Light Cult Crypto Club #9081","RE-010891","9001-9100","D:\github\ron-english-light-cult-9001-10000\images\9001-9100\RE-010891.jpg","71266","images/9001-9100/RE-010891.jpg","RE-010891.jpg","D:\github\ron-english-light-cult-9001-10000\images\9001-9100\RE-010891.jpg","items/lccc-9081.html","https://ronenglish-archive.github.io/ron-english-light-cult-9001-10000/items/lccc-9081.html","https://opensea.io/item/ethereum/0xbe85fbd182af91290be7293438ae67549638189f/9081","OK",""
"9082","9082","Light Cult Crypto Club #9082","RE-010892","9001-9100","D:\github\ron-english-light-cult-9001-10000\images\9001-9100\RE-010892.jpg","75977","images/9001-9100/RE-010892.jpg","RE-010892.jpg","D:\github\ron-english-light-cult-9001-10000\images\9001-9100\RE-010892.jpg","items/lccc-9082.html","https://ronenglish-archive.github.io/ron-english-light-cult-9001-10000/items/lccc-9082.html","https://opensea.io/item/ethereum/0xbe85fbd182af91290be7293438ae67549638189f/9082","OK",""
"9083","9083","Light Cult Crypto Club #9083","RE-010893","9001-9100","D:\github\ron-english-light-cult-9001-10000\images\9001-9100\RE-010893.jpg","155492","images/9001-9100/RE-010893.jpg","RE-010893.jpg","D:\github\ron-english-light-cult-9001-10000\images\9001-9100\RE-010893.jpg","items/lccc-9083.html","https://ronenglish-archive.github.io/ron-english-light-cult-9001-10000/items/lccc-9083.html","https://opensea.io/item/ethereum/0xbe85fbd182af91290be7293438ae67549638189f/9083","OK",""
"9084","9084","Light Cult Crypto Club #9084","RE-010894","9001-9100","D:\github\ron-english-light-cult-9001-10000\images\9001-9100\RE-010894.jpg","107109","images/9001-9100/RE-010894.jpg","RE-010894.jpg","D:\github\ron-english-light-cult-9001-10000\images\9001-9100\RE-010894.jpg","items/lccc-9084.html","https://ronenglish-archive.github.io/ron-english-light-cult-9001-10000/items/lccc-9084.html","https://opensea.io/item/ethereum/0xbe85fbd182af91290be7293438ae67549638189f/9084","OK",""
"9085","9085","Light Cult Crypto Club #9085","RE-010895","9001-9100","D:\github\ron-english-light-cult-9001-10000\images\9001-9100\RE-010895.jpg","46665","images/9001-9100/RE-010895.jpg","RE-010895.jpg","D:\github\ron-english-light-cult-9001-10000\images\9001-9100\RE-010895.jpg","items/lccc-9085.html","https://ronenglish-archive.github.io/ron-english-light-cult-9001-10000/items/lccc-9085.html","https://opensea.io/item/ethereum/0xbe85fbd182af91290be7293438ae67549638189f/9085","OK",""
"9086","9086","Light Cult Crypto Club #9086","RE-010896","9001-9100","D:\github\ron-english-light-cult-9001-10000\images\9001-9100\RE-010896.jpg","65889","images/9001-9100/RE-010896.jpg","RE-010896.jpg","D:\github\ron-english-light-cult-9001-10000\images\9001-9100\RE-010896.jpg","items/lccc-9086.html","https://ronenglish-archive.github.io/ron-english-light-cult-9001-10000/items/lccc-9086.html","https://opensea.io/item/ethereum/0xbe85fbd182af91290be7293438ae67549638189f/9086","OK",""
"9087","9087","Light Cult Crypto Club #9087","RE-010897","9001-9100","D:\github\ron-english-light-cult-9001-10000\images\9001-9100\RE-010897.jpg","139450","images/9001-9100/RE-010897.jpg","RE-010897.jpg","D:\github\ron-english-light-cult-9001-10000\images\9001-9100\RE-010897.jpg","items/lccc-9087.html","https://ronenglish-archive.github.io/ron-english-light-cult-9001-10000/items/lccc-9087.html","https://opensea.io/item/ethereum/0xbe85fbd182af91290be7293438ae67549638189f/9087","OK",""
"9088","9088","Light Cult Crypto Club #9088","RE-010898","9001-9100","D:\github\ron-english-light-cult-9001-10000\images\9001-9100\RE-010898.jpg","88674","images/9001-9100/RE-010898.jpg","RE-010898.jpg","D:\github\ron-english-light-cult-9001-10000\images\9001-9100\RE-010898.jpg","items/lccc-9088.html","https://ronenglish-archive.github.io/ron-english-light-cult-9001-10000/items/lccc-9088.html","https://opensea.io/item/ethereum/0xbe85fbd182af91290be7293438ae67549638189f/9088","OK",""
"9089","9089","Light Cult Crypto Club #9089","RE-010899","9001-9100","D:\github\ron-english-light-cult-9001-10000\images\9001-9100\RE-010899.jpg","49292","images/9001-9100/RE-010899.jpg","RE-010899.jpg","D:\github\ron-english-light-cult-9001-10000\images\9001-9100\RE-010899.jpg","items/lccc-9089.html","https://ronenglish-archive.github.io/ron-english-light-cult-9001-10000/items/lccc-9089.html","https://opensea.io/item/ethereum/0xbe85fbd182af91290be7293438ae67549638189f/9089","OK",""
"9090","9090","Light Cult Crypto Club #9090","RE-010900","9001-9100","D:\github\ron-english-light-cult-9001-10000\images\9001-9100\RE-010900.jpg","63292","images/9001-9100/RE-010900.jpg","RE-010900.jpg","D:\github\ron-english-light-cult-9001-10000\images\9001-9100\RE-010900.jpg","items/lccc-9090.html","https://ronenglish-archive.github.io/ron-english-light-cult-9001-10000/items/lccc-9090.html","https://opensea.io/item/ethereum/0xbe85fbd182af91290be7293438ae67549638189f/9090","OK",""
"9091","9091","Light Cult Crypto Club #9091","RE-010901","9001-9100","D:\github\ron-english-light-cult-9001-10000\images\9001-9100\RE-010901.jpg","217280","images/9001-9100/RE-010901.jpg","RE-010901.jpg","D:\github\ron-english-light-cult-9001-10000\images\9001-9100\RE-010901.jpg","items/lccc-9091.html","https://ronenglish-archive.github.io/ron-english-light-cult-9001-10000/items/lccc-9091.html","https://opensea.io/item/ethereum/0xbe85fbd182af91290be7293438ae67549638189f/9091","OK",""
"9092","9092","Light Cult Crypto Club #9092","RE-010902","9001-9100","D:\github\ron-english-light-cult-9001-10000\images\9001-9100\RE-010902.jpg","79223","images/9001-9100/RE-010902.jpg","RE-010902.jpg","D:\github\ron-english-light-cult-9001-10000\images\9001-9100\RE-010902.jpg","items/lccc-9092.html","https://ronenglish-archive.github.io/ron-english-light-cult-9001-10000/items/lccc-9092.html","https://opensea.io/item/ethereum/0xbe85fbd182af91290be7293438ae67549638189f/9092","OK",""
"9093","9093","Light Cult Crypto Club #9093","RE-010903","9001-9100","D:\github\ron-english-light-cult-9001-10000\images\9001-9100\RE-010903.jpg","62807","images/9001-9100/RE-010903.jpg","RE-010903.jpg","D:\github\ron-english-light-cult-9001-10000\images\9001-9100\RE-010903.jpg","items/lccc-9093.html","https://ronenglish-archive.github.io/ron-english-light-cult-9001-10000/items/lccc-9093.html","https://opensea.io/item/ethereum/0xbe85fbd182af91290be7293438ae67549638189f/9093","OK",""
"9094","9094","Light Cult Crypto Club #9094","RE-010904","9001-9100","D:\github\ron-english-light-cult-9001-10000\images\9001-9100\RE-010904.jpg","112907","images/9001-9100/RE-010904.jpg","RE-010904.jpg","D:\github\ron-english-light-cult-9001-10000\images\9001-9100\RE-010904.jpg","items/lccc-9094.html","https://ronenglish-archive.github.io/ron-english-light-cult-9001-10000/items/lccc-9094.html","https://opensea.io/item/ethereum/0xbe85fbd182af91290be7293438ae67549638189f/9094","OK",""
"9095","9095","Light Cult Crypto Club #9095","RE-010905","9001-9100","D:\github\ron-english-light-cult-9001-10000\images\9001-9100\RE-010905.jpg","128846","images/9001-9100/RE-010905.jpg","RE-010905.jpg","D:\github\ron-english-light-cult-9001-10000\images\9001-9100\RE-010905.jpg","items/lccc-9095.html","https://ronenglish-archive.github.io/ron-english-light-cult-9001-10000/items/lccc-9095.html","https://opensea.io/item/ethereum/0xbe85fbd182af91290be7293438ae67549638189f/9095","OK",""
"9096","9096","Light Cult Crypto Club #9096","RE-010906","9001-9100","D:\github\ron-english-light-cult-9001-10000\images\9001-9100\RE-010906.jpg","112072","images/9001-9100/RE-010906.jpg","RE-010906.jpg","D:\github\ron-english-light-cult-9001-10000\images\9001-9100\RE-010906.jpg","items/lccc-9096.html","https://ronenglish-archive.github.io/ron-english-light-cult-9001-10000/items/lccc-9096.html","https://opensea.io/item/ethereum/0xbe85fbd182af91290be7293438ae67549638189f/9096","OK",""
"9097","9097","Light Cult Crypto Club #9097","RE-010907","9001-9100","D:\github\ron-english-light-cult-9001-10000\images\9001-9100\RE-010907.jpg","87945","images/9001-9100/RE-010907.jpg","RE-010907.jpg","D:\github\ron-english-light-cult-9001-10000\images\9001-9100\RE-010907.jpg","items/lccc-9097.html","https://ronenglish-archive.github.io/ron-english-light-cult-9001-10000/items/lccc-9097.html","https://opensea.io/item/ethereum/0xbe85fbd182af91290be7293438ae67549638189f/9097","OK",""
"9098","9098","Light Cult Crypto Club #9098","RE-010908","9001-9100","D:\github\ron-english-light-cult-9001-10000\images\9001-9100\RE-010908.jpg","68970","images/9001-9100/RE-010908.jpg","RE-010908.jpg","D:\github\ron-english-light-cult-9001-10000\images\9001-9100\RE-010908.jpg","items/lccc-9098.html","https://ronenglish-archive.github.io/ron-english-light-cult-9001-10000/items/lccc-9098.html","https://opensea.io/item/ethereum/0xbe85fbd182af91290be7293438ae67549638189f/9098","OK",""
"9099","9099","Light Cult Crypto Club #9099","RE-010909","9001-9100","D:\github\ron-english-light-cult-9001-10000\images\9001-9100\RE-010909.jpg","123069","images/9001-9100/RE-010909.jpg","RE-010909.jpg","D:\github\ron-english-light-cult-9001-10000\images\9001-9100\RE-010909.jpg","items/lccc-9099.html","https://ronenglish-archive.github.io/ron-english-light-cult-9001-10000/items/lccc-9099.html","https://opensea.io/item/ethereum/0xbe85fbd182af91290be7293438ae67549638189f/9099","OK",""
"9100","9100","Light Cult Crypto Club #9100","RE-010910","9001-9100","D:\github\ron-english-light-cult-9001-10000\images\9001-9100\RE-010910.jpg","121316","images/9001-9100/RE-010910.jpg","RE-010910.jpg","D:\github\ron-english-light-cult-9001-10000\images\9001-9100\RE-010910.jpg","items/lccc-9100.html","https://ronenglish-archive.github.io/ron-english-light-cult-9001-10000/items/lccc-9100.html","https://opensea.io/item/ethereum/0xbe85fbd182af91290be7293438ae67549638189f/9100","OK",""
"9101","9101","Light Cult Crypto Club #9101","RE-010911","9101-9200","D:\github\ron-english-light-cult-9001-10000\images\9101-9200\RE-010911.jpg","159169","images/9101-9200/RE-010911.jpg","RE-010911.jpg","D:\github\ron-english-light-cult-9001-10000\images\9101-9200\RE-010911.jpg","items/lccc-9101.html","https://ronenglish-archive.github.io/ron-english-light-cult-9001-10000/items/lccc-9101.html","https://opensea.io/item/ethereum/0xbe85fbd182af91290be7293438ae67549638189f/9101","OK",""
"9102","9102","Light Cult Crypto Club #9102","RE-010912","9101-9200","D:\github\ron-english-light-cult-9001-10000\images\9101-9200\RE-010912.jpg","125619","images/9101-9200/RE-010912.jpg","RE-010912.jpg","D:\github\ron-english-light-cult-9001-10000\images\9101-9200\RE-010912.jpg","items/lccc-9102.html","https://ronenglish-archive.github.io/ron-english-light-cult-9001-10000/items/lccc-9102.html","https://opensea.io/item/ethereum/0xbe85fbd182af91290be7293438ae67549638189f/9102","OK",""
"9103","9103","Light Cult Crypto Club #9103","RE-010913","9101-9200","D:\github\ron-english-light-cult-9001-10000\images\9101-9200\RE-010913.jpg","43720","images/9101-9200/RE-010913.jpg","RE-010913.jpg","D:\github\ron-english-light-cult-9001-10000\images\9101-9200\RE-010913.jpg","items/lccc-9103.html","https://ronenglish-archive.github.io/ron-english-light-cult-9001-10000/items/lccc-9103.html","https://opensea.io/item/ethereum/0xbe85fbd182af91290be7293438ae67549638189f/9103","OK",""
"9104","9104","Light Cult Crypto Club #9104","RE-010914","9101-9200","D:\github\ron-english-light-cult-9001-10000\images\9101-9200\RE-010914.jpg","77663","images/9101-9200/RE-010914.jpg","RE-010914.jpg","D:\github\ron-english-light-cult-9001-10000\images\9101-9200\RE-010914.jpg","items/lccc-9104.html","https://ronenglish-archive.github.io/ron-english-light-cult-9001-10000/items/lccc-9104.html","https://opensea.io/item/ethereum/0xbe85fbd182af91290be7293438ae67549638189f/9104","OK",""
"9105","9105","Light Cult Crypto Club #9105","RE-010915","9101-9200","D:\github\ron-english-light-cult-9001-10000\images\9101-9200\RE-010915.jpg","137863","images/9101-9200/RE-010915.jpg","RE-010915.jpg","D:\github\ron-english-light-cult-9001-10000\images\9101-9200\RE-010915.jpg","items/lccc-9105.html","https://ronenglish-archive.github.io/ron-english-light-cult-9001-10000/items/lccc-9105.html","https://opensea.io/item/ethereum/0xbe85fbd182af91290be7293438ae67549638189f/9105","OK",""
"9106","9106","Light Cult Crypto Club #9106","RE-010916","9101-9200","D:\github\ron-english-light-cult-9001-10000\images\9101-9200\RE-010916.jpg","110706","images/9101-9200/RE-010916.jpg","RE-010916.jpg","D:\github\ron-english-light-cult-9001-10000\images\9101-9200\RE-010916.jpg","items/lccc-9106.html","https://ronenglish-archive.github.io/ron-english-light-cult-9001-10000/items/lccc-9106.html","https://opensea.io/item/ethereum/0xbe85fbd182af91290be7293438ae67549638189f/9106","OK",""
"9107","9107","Light Cult Crypto Club #9107","RE-010917","9101-9200","D:\github\ron-english-light-cult-9001-10000\images\9101-9200\RE-010917.jpg","82996","images/9101-9200/RE-010917.jpg","RE-010917.jpg","D:\github\ron-english-light-cult-9001-10000\images\9101-9200\RE-010917.jpg","items/lccc-9107.html","https://ronenglish-archive.github.io/ron-english-light-cult-9001-10000/items/lccc-9107.html","https://opensea.io/item/ethereum/0xbe85fbd182af91290be7293438ae67549638189f/9107","OK",""
"9108","9108","Light Cult Crypto Club #9108","RE-010918","9101-9200","D:\github\ron-english-light-cult-9001-10000\images\9101-9200\RE-010918.jpg","81680","images/9101-9200/RE-010918.jpg","RE-010918.jpg","D:\github\ron-english-light-cult-9001-10000\images\9101-9200\RE-010918.jpg","items/lccc-9108.html","https://ronenglish-archive.github.io/ron-english-light-cult-9001-10000/items/lccc-9108.html","https://opensea.io/item/ethereum/0xbe85fbd182af91290be7293438ae67549638189f/9108","OK",""
"9109","9109","Light Cult Crypto Club #9109","RE-010919","9101-9200","D:\github\ron-english-light-cult-9001-10000\images\9101-9200\RE-010919.jpg","78373","images/9101-9200/RE-010919.jpg","RE-010919.jpg","D:\github\ron-english-light-cult-9001-10000\images\9101-9200\RE-010919.jpg","items/lccc-9109.html","https://ronenglish-archive.github.io/ron-english-light-cult-9001-10000/items/lccc-9109.html","https://opensea.io/item/ethereum/0xbe85fbd182af91290be7293438ae67549638189f/9109","OK",""
"9110","9110","Light Cult Crypto Club #9110","RE-010920","9101-9200","D:\github\ron-english-light-cult-9001-10000\images\9101-9200\RE-010920.jpg","112776","images/9101-9200/RE-010920.jpg","RE-010920.jpg","D:\github\ron-english-light-cult-9001-10000\images\9101-9200\RE-010920.jpg","items/lccc-9110.html","https://ronenglish-archive.github.io/ron-english-light-cult-9001-10000/items/lccc-9110.html","https://opensea.io/item/ethereum/0xbe85fbd182af91290be7293438ae67549638189f/9110","OK",""
"9111","9111","Light Cult Crypto Club #9111","RE-010921","9101-9200","D:\github\ron-english-light-cult-9001-10000\images\9101-9200\RE-010921.jpg","131947","images/9101-9200/RE-010921.jpg","RE-010921.jpg","D:\github\ron-english-light-cult-9001-10000\images\9101-9200\RE-010921.jpg","items/lccc-9111.html","https://ronenglish-archive.github.io/ron-english-light-cult-9001-10000/items/lccc-9111.html","https://opensea.io/item/ethereum/0xbe85fbd182af91290be7293438ae67549638189f/9111","OK",""
"9112","9112","Light Cult Crypto Club #9112","RE-010922","9101-9200","D:\github\ron-english-light-cult-9001-10000\images\9101-9200\RE-010922.jpg","71686","images/9101-9200/RE-010922.jpg","RE-010922.jpg","D:\github\ron-english-light-cult-9001-10000\images\9101-9200\RE-010922.jpg","items/lccc-9112.html","https://ronenglish-archive.github.io/ron-english-light-cult-9001-10000/items/lccc-9112.html","https://opensea.io/item/ethereum/0xbe85fbd182af91290be7293438ae67549638189f/9112","OK",""
"9113","9113","Light Cult Crypto Club #9113","RE-010923","9101-9200","D:\github\ron-english-light-cult-9001-10000\images\9101-9200\RE-010923.jpg","80268","images/9101-9200/RE-010923.jpg","RE-010923.jpg","D:\github\ron-english-light-cult-9001-10000\images\9101-9200\RE-010923.jpg","items/lccc-9113.html","https://ronenglish-archive.github.io/ron-english-light-cult-9001-10000/items/lccc-9113.html","https://opensea.io/item/ethereum/0xbe85fbd182af91290be7293438ae67549638189f/9113","OK",""
"9114","9114","Light Cult Crypto Club #9114","RE-010924","9101-9200","D:\github\ron-english-light-cult-9001-10000\images\9101-9200\RE-010924.jpg","51887","images/9101-9200/RE-010924.jpg","RE-010924.jpg","D:\github\ron-english-light-cult-9001-10000\images\9101-9200\RE-010924.jpg","items/lccc-9114.html","https://ronenglish-archive.github.io/ron-english-light-cult-9001-10000/items/lccc-9114.html","https://opensea.io/item/ethereum/0xbe85fbd182af91290be7293438ae67549638189f/9114","OK",""
"9115","9115","Light Cult Crypto Club #9115","RE-010925","9101-9200","D:\github\ron-english-light-cult-9001-10000\images\9101-9200\RE-010925.jpg","66588","images/9101-9200/RE-010925.jpg","RE-010925.jpg","D:\github\ron-english-light-cult-9001-10000\images\9101-9200\RE-010925.jpg","items/lccc-9115.html","https://ronenglish-archive.github.io/ron-english-light-cult-9001-10000/items/lccc-9115.html","https://opensea.io/item/ethereum/0xbe85fbd182af91290be7293438ae67549638189f/9115","OK",""
"9116","9116","Light Cult Crypto Club #9116","RE-010926","9101-9200","D:\github\ron-english-light-cult-9001-10000\images\9101-9200\RE-010926.jpg","58865","images/9101-9200/RE-010926.jpg","RE-010926.jpg","D:\github\ron-english-light-cult-9001-10000\images\9101-9200\RE-010926.jpg","items/lccc-9116.html","https://ronenglish-archive.github.io/ron-english-light-cult-9001-10000/items/lccc-9116.html","https://opensea.io/item/ethereum/0xbe85fbd182af91290be7293438ae67549638189f/9116","OK",""
"9117","9117","Light Cult Crypto Club #9117","RE-010927","9101-9200","D:\github\ron-english-light-cult-9001-10000\images\9101-9200\RE-010927.jpg","33735","images/9101-9200/RE-010927.jpg","RE-010927.jpg","D:\github\ron-english-light-cult-9001-10000\images\9101-9200\RE-010927.jpg","items/lccc-9117.html","https://ronenglish-archive.github.io/ron-english-light-cult-9001-10000/items/lccc-9117.html","https://opensea.io/item/ethereum/0xbe85fbd182af91290be7293438ae67549638189f/9117","OK",""
"9118","9118","Light Cult Crypto Club #9118","RE-010928","9101-9200","D:\github\ron-english-light-cult-9001-10000\images\9101-9200\RE-010928.jpg","132807","images/9101-9200/RE-010928.jpg","RE-010928.jpg","D:\github\ron-english-light-cult-9001-10000\images\9101-9200\RE-010928.jpg","items/lccc-9118.html","https://ronenglish-archive.github.io/ron-english-light-cult-9001-10000/items/lccc-9118.html","https://opensea.io/item/ethereum/0xbe85fbd182af91290be7293438ae67549638189f/9118","OK",""
"9119","9119","Light Cult Crypto Club #9119","RE-010929","9101-9200","D:\github\ron-english-light-cult-9001-10000\images\9101-9200\RE-010929.jpg","123951","images/9101-9200/RE-010929.jpg","RE-010929.jpg","D:\github\ron-english-light-cult-9001-10000\images\9101-9200\RE-010929.jpg","items/lccc-9119.html","https://ronenglish-archive.github.io/ron-english-light-cult-9001-10000/items/lccc-9119.html","https://opensea.io/item/ethereum/0xbe85fbd182af91290be7293438ae67549638189f/9119","OK",""
"9120","9120","Light Cult Crypto Club #9120","RE-010930","9101-9200","D:\github\ron-english-light-cult-9001-10000\images\9101-9200\RE-010930.jpg","56439","images/9101-9200/RE-010930.jpg","RE-010930.jpg","D:\github\ron-english-light-cult-9001-10000\images\9101-9200\RE-010930.jpg","items/lccc-9120.html","https://ronenglish-archive.github.io/ron-english-light-cult-9001-10000/items/lccc-9120.html","https://opensea.io/item/ethereum/0xbe85fbd182af91290be7293438ae67549638189f/9120","OK",""
"9121","9121","Light Cult Crypto Club #9121","RE-010931","9101-9200","D:\github\ron-english-light-cult-9001-10000\images\9101-9200\RE-010931.jpg","112270","images/9101-9200/RE-010931.jpg","RE-010931.jpg","D:\github\ron-english-light-cult-9001-10000\images\9101-9200\RE-010931.jpg","items/lccc-9121.html","https://ronenglish-archive.github.io/ron-english-light-cult-9001-10000/items/lccc-9121.html","https://opensea.io/item/ethereum/0xbe85fbd182af91290be7293438ae67549638189f/9121","OK",""
"9122","9122","Light Cult Crypto Club #9122","RE-010932","9101-9200","D:\github\ron-english-light-cult-9001-10000\images\9101-9200\RE-010932.jpg","117306","images/9101-9200/RE-010932.jpg","RE-010932.jpg","D:\github\ron-english-light-cult-9001-10000\images\9101-9200\RE-010932.jpg","items/lccc-9122.html","https://ronenglish-archive.github.io/ron-english-light-cult-9001-10000/items/lccc-9122.html","https://opensea.io/item/ethereum/0xbe85fbd182af91290be7293438ae67549638189f/9122","OK",""
"9123","9123","Light Cult Crypto Club #9123","RE-010933","9101-9200","D:\github\ron-english-light-cult-9001-10000\images\9101-9200\RE-010933.jpg","86092","images/9101-9200/RE-010933.jpg","RE-010933.jpg","D:\github\ron-english-light-cult-9001-10000\images\9101-9200\RE-010933.jpg","items/lccc-9123.html","https://ronenglish-archive.github.io/ron-english-light-cult-9001-10000/items/lccc-9123.html","https://opensea.io/item/ethereum/0xbe85fbd182af91290be7293438ae67549638189f/9123","OK",""
"9124","9124","Light Cult Crypto Club #9124","RE-010934","9101-9200","D:\github\ron-english-light-cult-9001-10000\images\9101-9200\RE-010934.jpg","158846","images/9101-9200/RE-010934.jpg","RE-010934.jpg","D:\github\ron-english-light-cult-9001-10000\images\9101-9200\RE-010934.jpg","items/lccc-9124.html","https://ronenglish-archive.github.io/ron-english-light-cult-9001-10000/items/lccc-9124.html","https://opensea.io/item/ethereum/0xbe85fbd182af91290be7293438ae67549638189f/9124","OK",""
"9125","9125","Light Cult Crypto Club #9125","RE-010935","9101-9200","D:\github\ron-english-light-cult-9001-10000\images\9101-9200\RE-010935.jpg","67008","images/9101-9200/RE-010935.jpg","RE-010935.jpg","D:\github\ron-english-light-cult-9001-10000\images\9101-9200\RE-010935.jpg","items/lccc-9125.html","https://ronenglish-archive.github.io/ron-english-light-cult-9001-10000/items/lccc-9125.html","https://opensea.io/item/ethereum/0xbe85fbd182af91290be7293438ae67549638189f/9125","OK",""
"9126","9126","Light Cult Crypto Club #9126","RE-010936","9101-9200","D:\github\ron-english-light-cult-9001-10000\images\9101-9200\RE-010936.jpg","148108","images/9101-9200/RE-010936.jpg","RE-010936.jpg","D:\github\ron-english-light-cult-9001-10000\images\9101-9200\RE-010936.jpg","items/lccc-9126.html","https://ronenglish-archive.github.io/ron-english-light-cult-9001-10000/items/lccc-9126.html","https://opensea.io/item/ethereum/0xbe85fbd182af91290be7293438ae67549638189f/9126","OK",""
"9127","9127","Light Cult Crypto Club #9127","RE-010937","9101-9200","D:\github\ron-english-light-cult-9001-10000\images\9101-9200\RE-010937.jpg","73787","images/9101-9200/RE-010937.jpg","RE-010937.jpg","D:\github\ron-english-light-cult-9001-10000\images\9101-9200\RE-010937.jpg","items/lccc-9127.html","https://ronenglish-archive.github.io/ron-english-light-cult-9001-10000/items/lccc-9127.html","https://opensea.io/item/ethereum/0xbe85fbd182af91290be7293438ae67549638189f/9127","OK",""
"9128","9128","Light Cult Crypto Club #9128","RE-010938","9101-9200","D:\github\ron-english-light-cult-9001-10000\images\9101-9200\RE-010938.jpg","83905","images/9101-9200/RE-010938.jpg","RE-010938.jpg","D:\github\ron-english-light-cult-9001-10000\images\9101-9200\RE-010938.jpg","items/lccc-9128.html","https://ronenglish-archive.github.io/ron-english-light-cult-9001-10000/items/lccc-9128.html","https://opensea.io/item/ethereum/0xbe85fbd182af91290be7293438ae67549638189f/9128","OK",""
"9129","9129","Light Cult Crypto Club #9129","RE-010939","9101-9200","D:\github\ron-english-light-cult-9001-10000\images\9101-9200\RE-010939.jpg","59848","images/9101-9200/RE-010939.jpg","RE-010939.jpg","D:\github\ron-english-light-cult-9001-10000\images\9101-9200\RE-010939.jpg","items/lccc-9129.html","https://ronenglish-archive.github.io/ron-english-light-cult-9001-10000/items/lccc-9129.html","https://opensea.io/item/ethereum/0xbe85fbd182af91290be7293438ae67549638189f/9129","OK",""
"9130","9130","Light Cult Crypto Club #9130","RE-010940","9101-9200","D:\github\ron-english-light-cult-9001-10000\images\9101-9200\RE-010940.jpg","103180","images/9101-9200/RE-010940.jpg","RE-010940.jpg","D:\github\ron-english-light-cult-9001-10000\images\9101-9200\RE-010940.jpg","items/lccc-9130.html","https://ronenglish-archive.github.io/ron-english-light-cult-9001-10000/items/lccc-9130.html","https://opensea.io/item/ethereum/0xbe85fbd182af91290be7293438ae67549638189f/9130","OK",""
"9131","9131","Light Cult Crypto Club #9131","RE-010941","9101-9200","D:\github\ron-english-light-cult-9001-10000\images\9101-9200\RE-010941.jpg","142417","images/9101-9200/RE-010941.jpg","RE-010941.jpg","D:\github\ron-english-light-cult-9001-10000\images\9101-9200\RE-010941.jpg","items/lccc-9131.html","https://ronenglish-archive.github.io/ron-english-light-cult-9001-10000/items/lccc-9131.html","https://opensea.io/item/ethereum/0xbe85fbd182af91290be7293438ae67549638189f/9131","OK",""
"9132","9132","Light Cult Crypto Club #9132","RE-010942","9101-9200","D:\github\ron-english-light-cult-9001-10000\images\9101-9200\RE-010942.jpg","101073","images/9101-9200/RE-010942.jpg","RE-010942.jpg","D:\github\ron-english-light-cult-9001-10000\images\9101-9200\RE-010942.jpg","items/lccc-9132.html","https://ronenglish-archive.github.io/ron-english-light-cult-9001-10000/items/lccc-9132.html","https://opensea.io/item/ethereum/0xbe85fbd182af91290be7293438ae67549638189f/9132","OK",""
"9133","9133","Light Cult Crypto Club #9133","RE-010943","9101-9200","D:\github\ron-english-light-cult-9001-10000\images\9101-9200\RE-010943.jpg","75551","images/9101-9200/RE-010943.jpg","RE-010943.jpg","D:\github\ron-english-light-cult-9001-10000\images\9101-9200\RE-010943.jpg","items/lccc-9133.html","https://ronenglish-archive.github.io/ron-english-light-cult-9001-10000/items/lccc-9133.html","https://opensea.io/item/ethereum/0xbe85fbd182af91290be7293438ae67549638189f/9133","OK",""
"9134","9134","Light Cult Crypto Club #9134","RE-010944","9101-9200","D:\github\ron-english-light-cult-9001-10000\images\9101-9200\RE-010944.jpg","57203","images/9101-9200/RE-010944.jpg","RE-010944.jpg","D:\github\ron-english-light-cult-9001-10000\images\9101-9200\RE-010944.jpg","items/lccc-9134.html","https://ronenglish-archive.github.io/ron-english-light-cult-9001-10000/items/lccc-9134.html","https://opensea.io/item/ethereum/0xbe85fbd182af91290be7293438ae67549638189f/9134","OK",""
"9135","9135","Light Cult Crypto Club #9135","RE-010945","9101-9200","D:\github\ron-english-light-cult-9001-10000\images\9101-9200\RE-010945.jpg","124619","images/9101-9200/RE-010945.jpg","RE-010945.jpg","D:\github\ron-english-light-cult-9001-10000\images\9101-9200\RE-010945.jpg","items/lccc-9135.html","https://ronenglish-archive.github.io/ron-english-light-cult-9001-10000/items/lccc-9135.html","https://opensea.io/item/ethereum/0xbe85fbd182af91290be7293438ae67549638189f/9135","OK",""
"9136","9136","Light Cult Crypto Club #9136","RE-010946","9101-9200","D:\github\ron-english-light-cult-9001-10000\images\9101-9200\RE-010946.jpg","80218","images/9101-9200/RE-010946.jpg","RE-010946.jpg","D:\github\ron-english-light-cult-9001-10000\images\9101-9200\RE-010946.jpg","items/lccc-9136.html","https://ronenglish-archive.github.io/ron-english-light-cult-9001-10000/items/lccc-9136.html","https://opensea.io/item/ethereum/0xbe85fbd182af91290be7293438ae67549638189f/9136","OK",""
"9137","9137","Light Cult Crypto Club #9137","RE-010947","9101-9200","D:\github\ron-english-light-cult-9001-10000\images\9101-9200\RE-010947.jpg","81604","images/9101-9200/RE-010947.jpg","RE-010947.jpg","D:\github\ron-english-light-cult-9001-10000\images\9101-9200\RE-010947.jpg","items/lccc-9137.html","https://ronenglish-archive.github.io/ron-english-light-cult-9001-10000/items/lccc-9137.html","https://opensea.io/item/ethereum/0xbe85fbd182af91290be7293438ae67549638189f/9137","OK",""
"9138","9138","Light Cult Crypto Club #9138","RE-010948","9101-9200","D:\github\ron-english-light-cult-9001-10000\images\9101-9200\RE-010948.jpg","133571","images/9101-9200/RE-010948.jpg","RE-010948.jpg","D:\github\ron-english-light-cult-9001-10000\images\9101-9200\RE-010948.jpg","items/lccc-9138.html","https://ronenglish-archive.github.io/ron-english-light-cult-9001-10000/items/lccc-9138.html","https://opensea.io/item/ethereum/0xbe85fbd182af91290be7293438ae67549638189f/9138","OK",""
"9139","9139","Light Cult Crypto Club #9139","RE-010949","9101-9200","D:\github\ron-english-light-cult-9001-10000\images\9101-9200\RE-010949.jpg","151445","images/9101-9200/RE-010949.jpg","RE-010949.jpg","D:\github\ron-english-light-cult-9001-10000\images\9101-9200\RE-010949.jpg","items/lccc-9139.html","https://ronenglish-archive.github.io/ron-english-light-cult-9001-10000/items/lccc-9139.html","https://opensea.io/item/ethereum/0xbe85fbd182af91290be7293438ae67549638189f/9139","OK",""
"9140","9140","Light Cult Crypto Club #9140","RE-010950","9101-9200","D:\github\ron-english-light-cult-9001-10000\images\9101-9200\RE-010950.jpg","112775","images/9101-9200/RE-010950.jpg","RE-010950.jpg","D:\github\ron-english-light-cult-9001-10000\images\9101-9200\RE-010950.jpg","items/lccc-9140.html","https://ronenglish-archive.github.io/ron-english-light-cult-9001-10000/items/lccc-9140.html","https://opensea.io/item/ethereum/0xbe85fbd182af91290be7293438ae67549638189f/9140","OK",""
"9141","9141","Light Cult Crypto Club #9141","RE-010951","9101-9200","D:\github\ron-english-light-cult-9001-10000\images\9101-9200\RE-010951.jpg","115986","images/9101-9200/RE-010951.jpg","RE-010951.jpg","D:\github\ron-english-light-cult-9001-10000\images\9101-9200\RE-010951.jpg","items/lccc-9141.html","https://ronenglish-archive.github.io/ron-english-light-cult-9001-10000/items/lccc-9141.html","https://opensea.io/item/ethereum/0xbe85fbd182af91290be7293438ae67549638189f/9141","OK",""
"9142","9142","Light Cult Crypto Club #9142","RE-010952","9101-9200","D:\github\ron-english-light-cult-9001-10000\images\9101-9200\RE-010952.jpg","125397","images/9101-9200/RE-010952.jpg","RE-010952.jpg","D:\github\ron-english-light-cult-9001-10000\images\9101-9200\RE-010952.jpg","items/lccc-9142.html","https://ronenglish-archive.github.io/ron-english-light-cult-9001-10000/items/lccc-9142.html","https://opensea.io/item/ethereum/0xbe85fbd182af91290be7293438ae67549638189f/9142","OK",""
"9143","9143","Light Cult Crypto Club #9143","RE-010953","9101-9200","D:\github\ron-english-light-cult-9001-10000\images\9101-9200\RE-010953.jpg","142997","images/9101-9200/RE-010953.jpg","RE-010953.jpg","D:\github\ron-english-light-cult-9001-10000\images\9101-9200\RE-010953.jpg","items/lccc-9143.html","https://ronenglish-archive.github.io/ron-english-light-cult-9001-10000/items/lccc-9143.html","https://opensea.io/item/ethereum/0xbe85fbd182af91290be7293438ae67549638189f/9143","OK",""
"9144","9144","Light Cult Crypto Club #9144","RE-010954","9101-9200","D:\github\ron-english-light-cult-9001-10000\images\9101-9200\RE-010954.jpg","137383","images/9101-9200/RE-010954.jpg","RE-010954.jpg","D:\github\ron-english-light-cult-9001-10000\images\9101-9200\RE-010954.jpg","items/lccc-9144.html","https://ronenglish-archive.github.io/ron-english-light-cult-9001-10000/items/lccc-9144.html","https://opensea.io/item/ethereum/0xbe85fbd182af91290be7293438ae67549638189f/9144","OK",""
"9145","9145","Light Cult Crypto Club #9145","RE-010955","9101-9200","D:\github\ron-english-light-cult-9001-10000\images\9101-9200\RE-010955.jpg","119406","images/9101-9200/RE-010955.jpg","RE-010955.jpg","D:\github\ron-english-light-cult-9001-10000\images\9101-9200\RE-010955.jpg","items/lccc-9145.html","https://ronenglish-archive.github.io/ron-english-light-cult-9001-10000/items/lccc-9145.html","https://opensea.io/item/ethereum/0xbe85fbd182af91290be7293438ae67549638189f/9145","OK",""
"9146","9146","Light Cult Crypto Club #9146","RE-010956","9101-9200","D:\github\ron-english-light-cult-9001-10000\images\9101-9200\RE-010956.jpg","139257","images/9101-9200/RE-010956.jpg","RE-010956.jpg","D:\github\ron-english-light-cult-9001-10000\images\9101-9200\RE-010956.jpg","items/lccc-9146.html","https://ronenglish-archive.github.io/ron-english-light-cult-9001-10000/items/lccc-9146.html","https://opensea.io/item/ethereum/0xbe85fbd182af91290be7293438ae67549638189f/9146","OK",""
"9147","9147","Light Cult Crypto Club #9147","RE-010957","9101-9200","D:\github\ron-english-light-cult-9001-10000\images\9101-9200\RE-010957.jpg","125202","images/9101-9200/RE-010957.jpg","RE-010957.jpg","D:\github\ron-english-light-cult-9001-10000\images\9101-9200\RE-010957.jpg","items/lccc-9147.html","https://ronenglish-archive.github.io/ron-english-light-cult-9001-10000/items/lccc-9147.html","https://opensea.io/item/ethereum/0xbe85fbd182af91290be7293438ae67549638189f/9147","OK",""
"9148","9148","Light Cult Crypto Club #9148","RE-010958","9101-9200","D:\github\ron-english-light-cult-9001-10000\images\9101-9200\RE-010958.jpg","66556","images/9101-9200/RE-010958.jpg","RE-010958.jpg","D:\github\ron-english-light-cult-9001-10000\images\9101-9200\RE-010958.jpg","items/lccc-9148.html","https://ronenglish-archive.github.io/ron-english-light-cult-9001-10000/items/lccc-9148.html","https://opensea.io/item/ethereum/0xbe85fbd182af91290be7293438ae67549638189f/9148","OK",""
"9149","9149","Light Cult Crypto Club #9149","RE-010959","9101-9200","D:\github\ron-english-light-cult-9001-10000\images\9101-9200\RE-010959.jpg","58141","images/9101-9200/RE-010959.jpg","RE-010959.jpg","D:\github\ron-english-light-cult-9001-10000\images\9101-9200\RE-010959.jpg","items/lccc-9149.html","https://ronenglish-archive.github.io/ron-english-light-cult-9001-10000/items/lccc-9149.html","https://opensea.io/item/ethereum/0xbe85fbd182af91290be7293438ae67549638189f/9149","OK",""
"9150","9150","Light Cult Crypto Club #9150","RE-010960","9101-9200","D:\github\ron-english-light-cult-9001-10000\images\9101-9200\RE-010960.jpg","62010","images/9101-9200/RE-010960.jpg","RE-010960.jpg","D:\github\ron-english-light-cult-9001-10000\images\9101-9200\RE-010960.jpg","items/lccc-9150.html","https://ronenglish-archive.github.io/ron-english-light-cult-9001-10000/items/lccc-9150.html","https://opensea.io/item/ethereum/0xbe85fbd182af91290be7293438ae67549638189f/9150","OK",""
"9151","9151","Light Cult Crypto Club #9151","RE-010961","9101-9200","D:\github\ron-english-light-cult-9001-10000\images\9101-9200\RE-010961.jpg","135328","images/9101-9200/RE-010961.jpg","RE-010961.jpg","D:\github\ron-english-light-cult-9001-10000\images\9101-9200\RE-010961.jpg","items/lccc-9151.html","https://ronenglish-archive.github.io/ron-english-light-cult-9001-10000/items/lccc-9151.html","https://opensea.io/item/ethereum/0xbe85fbd182af91290be7293438ae67549638189f/9151","OK",""
"9152","9152","Light Cult Crypto Club #9152","RE-010962","9101-9200","D:\github\ron-english-light-cult-9001-10000\images\9101-9200\RE-010962.jpg","236557","images/9101-9200/RE-010962.jpg","RE-010962.jpg","D:\github\ron-english-light-cult-9001-10000\images\9101-9200\RE-010962.jpg","items/lccc-9152.html","https://ronenglish-archive.github.io/ron-english-light-cult-9001-10000/items/lccc-9152.html","https://opensea.io/item/ethereum/0xbe85fbd182af91290be7293438ae67549638189f/9152","OK",""
"9153","9153","Light Cult Crypto Club #9153","RE-010963","9101-9200","D:\github\ron-english-light-cult-9001-10000\images\9101-9200\RE-010963.jpg","120083","images/9101-9200/RE-010963.jpg","RE-010963.jpg","D:\github\ron-english-light-cult-9001-10000\images\9101-9200\RE-010963.jpg","items/lccc-9153.html","https://ronenglish-archive.github.io/ron-english-light-cult-9001-10000/items/lccc-9153.html","https://opensea.io/item/ethereum/0xbe85fbd182af91290be7293438ae67549638189f/9153","OK",""
"9154","9154","Light Cult Crypto Club #9154","RE-010964","9101-9200","D:\github\ron-english-light-cult-9001-10000\images\9101-9200\RE-010964.jpg","95889","images/9101-9200/RE-010964.jpg","RE-010964.jpg","D:\github\ron-english-light-cult-9001-10000\images\9101-9200\RE-010964.jpg","items/lccc-9154.html","https://ronenglish-archive.github.io/ron-english-light-cult-9001-10000/items/lccc-9154.html","https://opensea.io/item/ethereum/0xbe85fbd182af91290be7293438ae67549638189f/9154","OK",""
"9155","9155","Light Cult Crypto Club #9155","RE-010965","9101-9200","D:\github\ron-english-light-cult-9001-10000\images\9101-9200\RE-010965.jpg","87371","images/9101-9200/RE-010965.jpg","RE-010965.jpg","D:\github\ron-english-light-cult-9001-10000\images\9101-9200\RE-010965.jpg","items/lccc-9155.html","https://ronenglish-archive.github.io/ron-english-light-cult-9001-10000/items/lccc-9155.html","https://opensea.io/item/ethereum/0xbe85fbd182af91290be7293438ae67549638189f/9155","OK",""
"9156","9156","Light Cult Crypto Club #9156","RE-010966","9101-9200","D:\github\ron-english-light-cult-9001-10000\images\9101-9200\RE-010966.jpg","113279","images/9101-9200/RE-010966.jpg","RE-010966.jpg","D:\github\ron-english-light-cult-9001-10000\images\9101-9200\RE-010966.jpg","items/lccc-9156.html","https://ronenglish-archive.github.io/ron-english-light-cult-9001-10000/items/lccc-9156.html","https://opensea.io/item/ethereum/0xbe85fbd182af91290be7293438ae67549638189f/9156","OK",""
"9157","9157","Light Cult Crypto Club #9157","RE-010967","9101-9200","D:\github\ron-english-light-cult-9001-10000\images\9101-9200\RE-010967.jpg","92451","images/9101-9200/RE-010967.jpg","RE-010967.jpg","D:\github\ron-english-light-cult-9001-10000\images\9101-9200\RE-010967.jpg","items/lccc-9157.html","https://ronenglish-archive.github.io/ron-english-light-cult-9001-10000/items/lccc-9157.html","https://opensea.io/item/ethereum/0xbe85fbd182af91290be7293438ae67549638189f/9157","OK",""
"9158","9158","Light Cult Crypto Club #9158","RE-010968","9101-9200","D:\github\ron-english-light-cult-9001-10000\images\9101-9200\RE-010968.jpg","132352","images/9101-9200/RE-010968.jpg","RE-010968.jpg","D:\github\ron-english-light-cult-9001-10000\images\9101-9200\RE-010968.jpg","items/lccc-9158.html","https://ronenglish-archive.github.io/ron-english-light-cult-9001-10000/items/lccc-9158.html","https://opensea.io/item/ethereum/0xbe85fbd182af91290be7293438ae67549638189f/9158","OK",""
"9159","9159","Light Cult Crypto Club #9159","RE-010969","9101-9200","D:\github\ron-english-light-cult-9001-10000\images\9101-9200\RE-010969.jpg","140877","images/9101-9200/RE-010969.jpg","RE-010969.jpg","D:\github\ron-english-light-cult-9001-10000\images\9101-9200\RE-010969.jpg","items/lccc-9159.html","https://ronenglish-archive.github.io/ron-english-light-cult-9001-10000/items/lccc-9159.html","https://opensea.io/item/ethereum/0xbe85fbd182af91290be7293438ae67549638189f/9159","OK",""
"9160","9160","Light Cult Crypto Club #9160","RE-010970","9101-9200","D:\github\ron-english-light-cult-9001-10000\images\9101-9200\RE-010970.jpg","143999","images/9101-9200/RE-010970.jpg","RE-010970.jpg","D:\github\ron-english-light-cult-9001-10000\images\9101-9200\RE-010970.jpg","items/lccc-9160.html","https://ronenglish-archive.github.io/ron-english-light-cult-9001-10000/items/lccc-9160.html","https://opensea.io/item/ethereum/0xbe85fbd182af91290be7293438ae67549638189f/9160","OK",""
"9161","9161","Light Cult Crypto Club #9161","RE-010971","9101-9200","D:\github\ron-english-light-cult-9001-10000\images\9101-9200\RE-010971.jpg","79620","images/9101-9200/RE-010971.jpg","RE-010971.jpg","D:\github\ron-english-light-cult-9001-10000\images\9101-9200\RE-010971.jpg","items/lccc-9161.html","https://ronenglish-archive.github.io/ron-english-light-cult-9001-10000/items/lccc-9161.html","https://opensea.io/item/ethereum/0xbe85fbd182af91290be7293438ae67549638189f/9161","OK",""
"9162","9162","Light Cult Crypto Club #9162","RE-010972","9101-9200","D:\github\ron-english-light-cult-9001-10000\images\9101-9200\RE-010972.jpg","136724","images/9101-9200/RE-010972.jpg","RE-010972.jpg","D:\github\ron-english-light-cult-9001-10000\images\9101-9200\RE-010972.jpg","items/lccc-9162.html","https://ronenglish-archive.github.io/ron-english-light-cult-9001-10000/items/lccc-9162.html","https://opensea.io/item/ethereum/0xbe85fbd182af91290be7293438ae67549638189f/9162","OK",""
"9163","9163","Light Cult Crypto Club #9163","RE-010973","9101-9200","D:\github\ron-english-light-cult-9001-10000\images\9101-9200\RE-010973.jpg","66885","images/9101-9200/RE-010973.jpg","RE-010973.jpg","D:\github\ron-english-light-cult-9001-10000\images\9101-9200\RE-010973.jpg","items/lccc-9163.html","https://ronenglish-archive.github.io/ron-english-light-cult-9001-10000/items/lccc-9163.html","https://opensea.io/item/ethereum/0xbe85fbd182af91290be7293438ae67549638189f/9163","OK",""
"9164","9164","Light Cult Crypto Club #9164","RE-010974","9101-9200","D:\github\ron-english-light-cult-9001-10000\images\9101-9200\RE-010974.jpg","121629","images/9101-9200/RE-010974.jpg","RE-010974.jpg","D:\github\ron-english-light-cult-9001-10000\images\9101-9200\RE-010974.jpg","items/lccc-9164.html","https://ronenglish-archive.github.io/ron-english-light-cult-9001-10000/items/lccc-9164.html","https://opensea.io/item/ethereum/0xbe85fbd182af91290be7293438ae67549638189f/9164","OK",""
"9165","9165","Light Cult Crypto Club #9165","RE-010975","9101-9200","D:\github\ron-english-light-cult-9001-10000\images\9101-9200\RE-010975.jpg","77607","images/9101-9200/RE-010975.jpg","RE-010975.jpg","D:\github\ron-english-light-cult-9001-10000\images\9101-9200\RE-010975.jpg","items/lccc-9165.html","https://ronenglish-archive.github.io/ron-english-light-cult-9001-10000/items/lccc-9165.html","https://opensea.io/item/ethereum/0xbe85fbd182af91290be7293438ae67549638189f/9165","OK",""
"9166","9166","Light Cult Crypto Club #9166","RE-010976","9101-9200","D:\github\ron-english-light-cult-9001-10000\images\9101-9200\RE-010976.jpg","133543","images/9101-9200/RE-010976.jpg","RE-010976.jpg","D:\github\ron-english-light-cult-9001-10000\images\9101-9200\RE-010976.jpg","items/lccc-9166.html","https://ronenglish-archive.github.io/ron-english-light-cult-9001-10000/items/lccc-9166.html","https://opensea.io/item/ethereum/0xbe85fbd182af91290be7293438ae67549638189f/9166","OK",""
"9167","9167","Light Cult Crypto Club #9167","RE-010977","9101-9200","D:\github\ron-english-light-cult-9001-10000\images\9101-9200\RE-010977.jpg","86725","images/9101-9200/RE-010977.jpg","RE-010977.jpg","D:\github\ron-english-light-cult-9001-10000\images\9101-9200\RE-010977.jpg","items/lccc-9167.html","https://ronenglish-archive.github.io/ron-english-light-cult-9001-10000/items/lccc-9167.html","https://opensea.io/item/ethereum/0xbe85fbd182af91290be7293438ae67549638189f/9167","OK",""
"9168","9168","Light Cult Crypto Club #9168","RE-010978","9101-9200","D:\github\ron-english-light-cult-9001-10000\images\9101-9200\RE-010978.jpg","126061","images/9101-9200/RE-010978.jpg","RE-010978.jpg","D:\github\ron-english-light-cult-9001-10000\images\9101-9200\RE-010978.jpg","items/lccc-9168.html","https://ronenglish-archive.github.io/ron-english-light-cult-9001-10000/items/lccc-9168.html","https://opensea.io/item/ethereum/0xbe85fbd182af91290be7293438ae67549638189f/9168","OK",""
"9169","9169","Light Cult Crypto Club #9169","RE-010979","9101-9200","D:\github\ron-english-light-cult-9001-10000\images\9101-9200\RE-010979.jpg","123824","images/9101-9200/RE-010979.jpg","RE-010979.jpg","D:\github\ron-english-light-cult-9001-10000\images\9101-9200\RE-010979.jpg","items/lccc-9169.html","https://ronenglish-archive.github.io/ron-english-light-cult-9001-10000/items/lccc-9169.html","https://opensea.io/item/ethereum/0xbe85fbd182af91290be7293438ae67549638189f/9169","OK",""
"9170","9170","Light Cult Crypto Club #9170","RE-010980","9101-9200","D:\github\ron-english-light-cult-9001-10000\images\9101-9200\RE-010980.jpg","63914","images/9101-9200/RE-010980.jpg","RE-010980.jpg","D:\github\ron-english-light-cult-9001-10000\images\9101-9200\RE-010980.jpg","items/lccc-9170.html","https://ronenglish-archive.github.io/ron-english-light-cult-9001-10000/items/lccc-9170.html","https://opensea.io/item/ethereum/0xbe85fbd182af91290be7293438ae67549638189f/9170","OK",""
"9171","9171","Light Cult Crypto Club #9171","RE-010981","9101-9200","D:\github\ron-english-light-cult-9001-10000\images\9101-9200\RE-010981.jpg","129855","images/9101-9200/RE-010981.jpg","RE-010981.jpg","D:\github\ron-english-light-cult-9001-10000\images\9101-9200\RE-010981.jpg","items/lccc-9171.html","https://ronenglish-archive.github.io/ron-english-light-cult-9001-10000/items/lccc-9171.html","https://opensea.io/item/ethereum/0xbe85fbd182af91290be7293438ae67549638189f/9171","OK",""
"9172","9172","Light Cult Crypto Club #9172","RE-010982","9101-9200","D:\github\ron-english-light-cult-9001-10000\images\9101-9200\RE-010982.jpg","59321","images/9101-9200/RE-010982.jpg","RE-010982.jpg","D:\github\ron-english-light-cult-9001-10000\images\9101-9200\RE-010982.jpg","items/lccc-9172.html","https://ronenglish-archive.github.io/ron-english-light-cult-9001-10000/items/lccc-9172.html","https://opensea.io/item/ethereum/0xbe85fbd182af91290be7293438ae67549638189f/9172","OK",""
"9173","9173","Light Cult Crypto Club #9173","RE-010983","9101-9200","D:\github\ron-english-light-cult-9001-10000\images\9101-9200\RE-010983.jpg","150209","images/9101-9200/RE-010983.jpg","RE-010983.jpg","D:\github\ron-english-light-cult-9001-10000\images\9101-9200\RE-010983.jpg","items/lccc-9173.html","https://ronenglish-archive.github.io/ron-english-light-cult-9001-10000/items/lccc-9173.html","https://opensea.io/item/ethereum/0xbe85fbd182af91290be7293438ae67549638189f/9173","OK",""
"9174","9174","Light Cult Crypto Club #9174","RE-010984","9101-9200","D:\github\ron-english-light-cult-9001-10000\images\9101-9200\RE-010984.jpg","61396","images/9101-9200/RE-010984.jpg","RE-010984.jpg","D:\github\ron-english-light-cult-9001-10000\images\9101-9200\RE-010984.jpg","items/lccc-9174.html","https://ronenglish-archive.github.io/ron-english-light-cult-9001-10000/items/lccc-9174.html","https://opensea.io/item/ethereum/0xbe85fbd182af91290be7293438ae67549638189f/9174","OK",""
"9175","9175","Light Cult Crypto Club #9175","RE-010985","9101-9200","D:\github\ron-english-light-cult-9001-10000\images\9101-9200\RE-010985.jpg","120226","images/9101-9200/RE-010985.jpg","RE-010985.jpg","D:\github\ron-english-light-cult-9001-10000\images\9101-9200\RE-010985.jpg","items/lccc-9175.html","https://ronenglish-archive.github.io/ron-english-light-cult-9001-10000/items/lccc-9175.html","https://opensea.io/item/ethereum/0xbe85fbd182af91290be7293438ae67549638189f/9175","OK",""
"9176","9176","Light Cult Crypto Club #9176","RE-010986","9101-9200","D:\github\ron-english-light-cult-9001-10000\images\9101-9200\RE-010986.jpg","157369","images/9101-9200/RE-010986.jpg","RE-010986.jpg","D:\github\ron-english-light-cult-9001-10000\images\9101-9200\RE-010986.jpg","items/lccc-9176.html","https://ronenglish-archive.github.io/ron-english-light-cult-9001-10000/items/lccc-9176.html","https://opensea.io/item/ethereum/0xbe85fbd182af91290be7293438ae67549638189f/9176","OK",""
"9177","9177","Light Cult Crypto Club #9177","RE-010987","9101-9200","D:\github\ron-english-light-cult-9001-10000\images\9101-9200\RE-010987.jpg","69732","images/9101-9200/RE-010987.jpg","RE-010987.jpg","D:\github\ron-english-light-cult-9001-10000\images\9101-9200\RE-010987.jpg","items/lccc-9177.html","https://ronenglish-archive.github.io/ron-english-light-cult-9001-10000/items/lccc-9177.html","https://opensea.io/item/ethereum/0xbe85fbd182af91290be7293438ae67549638189f/9177","OK",""
"9178","9178","Light Cult Crypto Club #9178","RE-010988","9101-9200","D:\github\ron-english-light-cult-9001-10000\images\9101-9200\RE-010988.jpg","93419","images/9101-9200/RE-010988.jpg","RE-010988.jpg","D:\github\ron-english-light-cult-9001-10000\images\9101-9200\RE-010988.jpg","items/lccc-9178.html","https://ronenglish-archive.github.io/ron-english-light-cult-9001-10000/items/lccc-9178.html","https://opensea.io/item/ethereum/0xbe85fbd182af91290be7293438ae67549638189f/9178","OK",""
"9179","9179","Light Cult Crypto Club #9179","RE-010989","9101-9200","D:\github\ron-english-light-cult-9001-10000\images\9101-9200\RE-010989.jpg","130855","images/9101-9200/RE-010989.jpg","RE-010989.jpg","D:\github\ron-english-light-cult-9001-10000\images\9101-9200\RE-010989.jpg","items/lccc-9179.html","https://ronenglish-archive.github.io/ron-english-light-cult-9001-10000/items/lccc-9179.html","https://opensea.io/item/ethereum/0xbe85fbd182af91290be7293438ae67549638189f/9179","OK",""
"9180","9180","Light Cult Crypto Club #9180","RE-010990","9101-9200","D:\github\ron-english-light-cult-9001-10000\images\9101-9200\RE-010990.jpg","150127","images/9101-9200/RE-010990.jpg","RE-010990.jpg","D:\github\ron-english-light-cult-9001-10000\images\9101-9200\RE-010990.jpg","items/lccc-9180.html","https://ronenglish-archive.github.io/ron-english-light-cult-9001-10000/items/lccc-9180.html","https://opensea.io/item/ethereum/0xbe85fbd182af91290be7293438ae67549638189f/9180","OK",""
"9181","9181","Light Cult Crypto Club #9181","RE-010991","9101-9200","D:\github\ron-english-light-cult-9001-10000\images\9101-9200\RE-010991.jpg","90955","images/9101-9200/RE-010991.jpg","RE-010991.jpg","D:\github\ron-english-light-cult-9001-10000\images\9101-9200\RE-010991.jpg","items/lccc-9181.html","https://ronenglish-archive.github.io/ron-english-light-cult-9001-10000/items/lccc-9181.html","https://opensea.io/item/ethereum/0xbe85fbd182af91290be7293438ae67549638189f/9181","OK",""
"9182","9182","Light Cult Crypto Club #9182","RE-010992","9101-9200","D:\github\ron-english-light-cult-9001-10000\images\9101-9200\RE-010992.jpg","159456","images/9101-9200/RE-010992.jpg","RE-010992.jpg","D:\github\ron-english-light-cult-9001-10000\images\9101-9200\RE-010992.jpg","items/lccc-9182.html","https://ronenglish-archive.github.io/ron-english-light-cult-9001-10000/items/lccc-9182.html","https://opensea.io/item/ethereum/0xbe85fbd182af91290be7293438ae67549638189f/9182","OK",""
"9183","9183","Light Cult Crypto Club #9183","RE-010993","9101-9200","D:\github\ron-english-light-cult-9001-10000\images\9101-9200\RE-010993.jpg","145878","images/9101-9200/RE-010993.jpg","RE-010993.jpg","D:\github\ron-english-light-cult-9001-10000\images\9101-9200\RE-010993.jpg","items/lccc-9183.html","https://ronenglish-archive.github.io/ron-english-light-cult-9001-10000/items/lccc-9183.html","https://opensea.io/item/ethereum/0xbe85fbd182af91290be7293438ae67549638189f/9183","OK",""
"9184","9184","Light Cult Crypto Club #9184","RE-010994","9101-9200","D:\github\ron-english-light-cult-9001-10000\images\9101-9200\RE-010994.jpg","135788","images/9101-9200/RE-010994.jpg","RE-010994.jpg","D:\github\ron-english-light-cult-9001-10000\images\9101-9200\RE-010994.jpg","items/lccc-9184.html","https://ronenglish-archive.github.io/ron-english-light-cult-9001-10000/items/lccc-9184.html","https://opensea.io/item/ethereum/0xbe85fbd182af91290be7293438ae67549638189f/9184","OK",""
"9185","9185","Light Cult Crypto Club #9185","RE-010995","9101-9200","D:\github\ron-english-light-cult-9001-10000\images\9101-9200\RE-010995.jpg","165288","images/9101-9200/RE-010995.jpg","RE-010995.jpg","D:\github\ron-english-light-cult-9001-10000\images\9101-9200\RE-010995.jpg","items/lccc-9185.html","https://ronenglish-archive.github.io/ron-english-light-cult-9001-10000/items/lccc-9185.html","https://opensea.io/item/ethereum/0xbe85fbd182af91290be7293438ae67549638189f/9185","OK",""
"9186","9186","Light Cult Crypto Club #9186","RE-010996","9101-9200","D:\github\ron-english-light-cult-9001-10000\images\9101-9200\RE-010996.jpg","154579","images/9101-9200/RE-010996.jpg","RE-010996.jpg","D:\github\ron-english-light-cult-9001-10000\images\9101-9200\RE-010996.jpg","items/lccc-9186.html","https://ronenglish-archive.github.io/ron-english-light-cult-9001-10000/items/lccc-9186.html","https://opensea.io/item/ethereum/0xbe85fbd182af91290be7293438ae67549638189f/9186","OK",""
"9187","9187","Light Cult Crypto Club #9187","RE-010997","9101-9200","D:\github\ron-english-light-cult-9001-10000\images\9101-9200\RE-010997.jpg","112682","images/9101-9200/RE-010997.jpg","RE-010997.jpg","D:\github\ron-english-light-cult-9001-10000\images\9101-9200\RE-010997.jpg","items/lccc-9187.html","https://ronenglish-archive.github.io/ron-english-light-cult-9001-10000/items/lccc-9187.html","https://opensea.io/item/ethereum/0xbe85fbd182af91290be7293438ae67549638189f/9187","OK",""
"9188","9188","Light Cult Crypto Club #9188","RE-010998","9101-9200","D:\github\ron-english-light-cult-9001-10000\images\9101-9200\RE-010998.jpg","58591","images/9101-9200/RE-010998.jpg","RE-010998.jpg","D:\github\ron-english-light-cult-9001-10000\images\9101-9200\RE-010998.jpg","items/lccc-9188.html","https://ronenglish-archive.github.io/ron-english-light-cult-9001-10000/items/lccc-9188.html","https://opensea.io/item/ethereum/0xbe85fbd182af91290be7293438ae67549638189f/9188","OK",""
"9189","9189","Light Cult Crypto Club #9189","RE-010999","9101-9200","D:\github\ron-english-light-cult-9001-10000\images\9101-9200\RE-010999.jpg","71272","images/9101-9200/RE-010999.jpg","RE-010999.jpg","D:\github\ron-english-light-cult-9001-10000\images\9101-9200\RE-010999.jpg","items/lccc-9189.html","https://ronenglish-archive.github.io/ron-english-light-cult-9001-10000/items/lccc-9189.html","https://opensea.io/item/ethereum/0xbe85fbd182af91290be7293438ae67549638189f/9189","OK",""
"9190","9190","Light Cult Crypto Club #9190","RE-011000","9101-9200","D:\github\ron-english-light-cult-9001-10000\images\9101-9200\RE-011000.jpg","99466","images/9101-9200/RE-011000.jpg","RE-011000.jpg","D:\github\ron-english-light-cult-9001-10000\images\9101-9200\RE-011000.jpg","items/lccc-9190.html","https://ronenglish-archive.github.io/ron-english-light-cult-9001-10000/items/lccc-9190.html","https://opensea.io/item/ethereum/0xbe85fbd182af91290be7293438ae67549638189f/9190","OK",""
"9191","9191","Light Cult Crypto Club #9191","RE-011001","9101-9200","D:\github\ron-english-light-cult-9001-10000\images\9101-9200\RE-011001.jpg","93398","images/9101-9200/RE-011001.jpg","RE-011001.jpg","D:\github\ron-english-light-cult-9001-10000\images\9101-9200\RE-011001.jpg","items/lccc-9191.html","https://ronenglish-archive.github.io/ron-english-light-cult-9001-10000/items/lccc-9191.html","https://opensea.io/item/ethereum/0xbe85fbd182af91290be7293438ae67549638189f/9191","OK",""
"9192","9192","Light Cult Crypto Club #9192","RE-011002","9101-9200","D:\github\ron-english-light-cult-9001-10000\images\9101-9200\RE-011002.jpg","75398","images/9101-9200/RE-011002.jpg","RE-011002.jpg","D:\github\ron-english-light-cult-9001-10000\images\9101-9200\RE-011002.jpg","items/lccc-9192.html","https://ronenglish-archive.github.io/ron-english-light-cult-9001-10000/items/lccc-9192.html","https://opensea.io/item/ethereum/0xbe85fbd182af91290be7293438ae67549638189f/9192","OK",""
"9193","9193","Light Cult Crypto Club #9193","RE-011003","9101-9200","D:\github\ron-english-light-cult-9001-10000\images\9101-9200\RE-011003.jpg","92368","images/9101-9200/RE-011003.jpg","RE-011003.jpg","D:\github\ron-english-light-cult-9001-10000\images\9101-9200\RE-011003.jpg","items/lccc-9193.html","https://ronenglish-archive.github.io/ron-english-light-cult-9001-10000/items/lccc-9193.html","https://opensea.io/item/ethereum/0xbe85fbd182af91290be7293438ae67549638189f/9193","OK",""
"9194","9194","Light Cult Crypto Club #9194","RE-011004","9101-9200","D:\github\ron-english-light-cult-9001-10000\images\9101-9200\RE-011004.jpg","64791","images/9101-9200/RE-011004.jpg","RE-011004.jpg","D:\github\ron-english-light-cult-9001-10000\images\9101-9200\RE-011004.jpg","items/lccc-9194.html","https://ronenglish-archive.github.io/ron-english-light-cult-9001-10000/items/lccc-9194.html","https://opensea.io/item/ethereum/0xbe85fbd182af91290be7293438ae67549638189f/9194","OK",""
"9195","9195","Light Cult Crypto Club #9195","RE-011005","9101-9200","D:\github\ron-english-light-cult-9001-10000\images\9101-9200\RE-011005.jpg","46244","images/9101-9200/RE-011005.jpg","RE-011005.jpg","D:\github\ron-english-light-cult-9001-10000\images\9101-9200\RE-011005.jpg","items/lccc-9195.html","https://ronenglish-archive.github.io/ron-english-light-cult-9001-10000/items/lccc-9195.html","https://opensea.io/item/ethereum/0xbe85fbd182af91290be7293438ae67549638189f/9195","OK",""
"9196","9196","Light Cult Crypto Club #9196","RE-011006","9101-9200","D:\github\ron-english-light-cult-9001-10000\images\9101-9200\RE-011006.jpg","95029","images/9101-9200/RE-011006.jpg","RE-011006.jpg","D:\github\ron-english-light-cult-9001-10000\images\9101-9200\RE-011006.jpg","items/lccc-9196.html","https://ronenglish-archive.github.io/ron-english-light-cult-9001-10000/items/lccc-9196.html","https://opensea.io/item/ethereum/0xbe85fbd182af91290be7293438ae67549638189f/9196","OK",""
"9197","9197","Light Cult Crypto Club #9197","RE-011007","9101-9200","D:\github\ron-english-light-cult-9001-10000\images\9101-9200\RE-011007.jpg","42254","images/9101-9200/RE-011007.jpg","RE-011007.jpg","D:\github\ron-english-light-cult-9001-10000\images\9101-9200\RE-011007.jpg","items/lccc-9197.html","https://ronenglish-archive.github.io/ron-english-light-cult-9001-10000/items/lccc-9197.html","https://opensea.io/item/ethereum/0xbe85fbd182af91290be7293438ae67549638189f/9197","OK",""
"9198","9198","Light Cult Crypto Club #9198","RE-011008","9101-9200","D:\github\ron-english-light-cult-9001-10000\images\9101-9200\RE-011008.jpg","147069","images/9101-9200/RE-011008.jpg","RE-011008.jpg","D:\github\ron-english-light-cult-9001-10000\images\9101-9200\RE-011008.jpg","items/lccc-9198.html","https://ronenglish-archive.github.io/ron-english-light-cult-9001-10000/items/lccc-9198.html","https://opensea.io/item/ethereum/0xbe85fbd182af91290be7293438ae67549638189f/9198","OK",""
"9199","9199","Light Cult Crypto Club #9199","RE-011009","9101-9200","D:\github\ron-english-light-cult-9001-10000\images\9101-9200\RE-011009.jpg","43406","images/9101-9200/RE-011009.jpg","RE-011009.jpg","D:\github\ron-english-light-cult-9001-10000\images\9101-9200\RE-011009.jpg","items/lccc-9199.html","https://ronenglish-archive.github.io/ron-english-light-cult-9001-10000/items/lccc-9199.html","https://opensea.io/item/ethereum/0xbe85fbd182af91290be7293438ae67549638189f/9199","OK",""
"9200","9200","Light Cult Crypto Club #9200","RE-011010","9101-9200","D:\github\ron-english-light-cult-9001-10000\images\9101-9200\RE-011010.jpg","57106","images/9101-9200/RE-011010.jpg","RE-011010.jpg","D:\github\ron-english-light-cult-9001-10000\images\9101-9200\RE-011010.jpg","items/lccc-9200.html","https://ronenglish-archive.github.io/ron-english-light-cult-9001-10000/items/lccc-9200.html","https://opensea.io/item/ethereum/0xbe85fbd182af91290be7293438ae67549638189f/9200","OK",""
"9201","9201","Light Cult Crypto Club #9201","RE-011011","9201-9300","D:\github\ron-english-light-cult-9001-10000\images\9201-9300\RE-011011.jpg","105946","images/9201-9300/RE-011011.jpg","RE-011011.jpg","D:\github\ron-english-light-cult-9001-10000\images\9201-9300\RE-011011.jpg","items/lccc-9201.html","https://ronenglish-archive.github.io/ron-english-light-cult-9001-10000/items/lccc-9201.html","https://opensea.io/item/ethereum/0xbe85fbd182af91290be7293438ae67549638189f/9201","OK",""
"9202","9202","Light Cult Crypto Club #9202","RE-011012","9201-9300","D:\github\ron-english-light-cult-9001-10000\images\9201-9300\RE-011012.jpg","125045","images/9201-9300/RE-011012.jpg","RE-011012.jpg","D:\github\ron-english-light-cult-9001-10000\images\9201-9300\RE-011012.jpg","items/lccc-9202.html","https://ronenglish-archive.github.io/ron-english-light-cult-9001-10000/items/lccc-9202.html","https://opensea.io/item/ethereum/0xbe85fbd182af91290be7293438ae67549638189f/9202","OK",""
"9203","9203","Light Cult Crypto Club #9203","RE-011013","9201-9300","D:\github\ron-english-light-cult-9001-10000\images\9201-9300\RE-011013.jpg","59764","images/9201-9300/RE-011013.jpg","RE-011013.jpg","D:\github\ron-english-light-cult-9001-10000\images\9201-9300\RE-011013.jpg","items/lccc-9203.html","https://ronenglish-archive.github.io/ron-english-light-cult-9001-10000/items/lccc-9203.html","https://opensea.io/item/ethereum/0xbe85fbd182af91290be7293438ae67549638189f/9203","OK",""
"9204","9204","Light Cult Crypto Club #9204","RE-011014","9201-9300","D:\github\ron-english-light-cult-9001-10000\images\9201-9300\RE-011014.jpg","142990","images/9201-9300/RE-011014.jpg","RE-011014.jpg","D:\github\ron-english-light-cult-9001-10000\images\9201-9300\RE-011014.jpg","items/lccc-9204.html","https://ronenglish-archive.github.io/ron-english-light-cult-9001-10000/items/lccc-9204.html","https://opensea.io/item/ethereum/0xbe85fbd182af91290be7293438ae67549638189f/9204","OK",""
"9205","9205","Light Cult Crypto Club #9205","RE-011015","9201-9300","D:\github\ron-english-light-cult-9001-10000\images\9201-9300\RE-011015.jpg","89412","images/9201-9300/RE-011015.jpg","RE-011015.jpg","D:\github\ron-english-light-cult-9001-10000\images\9201-9300\RE-011015.jpg","items/lccc-9205.html","https://ronenglish-archive.github.io/ron-english-light-cult-9001-10000/items/lccc-9205.html","https://opensea.io/item/ethereum/0xbe85fbd182af91290be7293438ae67549638189f/9205","OK",""
"9206","9206","Light Cult Crypto Club #9206","RE-011016","9201-9300","D:\github\ron-english-light-cult-9001-10000\images\9201-9300\RE-011016.jpg","68964","images/9201-9300/RE-011016.jpg","RE-011016.jpg","D:\github\ron-english-light-cult-9001-10000\images\9201-9300\RE-011016.jpg","items/lccc-9206.html","https://ronenglish-archive.github.io/ron-english-light-cult-9001-10000/items/lccc-9206.html","https://opensea.io/item/ethereum/0xbe85fbd182af91290be7293438ae67549638189f/9206","OK",""
"9207","9207","Light Cult Crypto Club #9207","RE-011017","9201-9300","D:\github\ron-english-light-cult-9001-10000\images\9201-9300\RE-011017.jpg","83440","images/9201-9300/RE-011017.jpg","RE-011017.jpg","D:\github\ron-english-light-cult-9001-10000\images\9201-9300\RE-011017.jpg","items/lccc-9207.html","https://ronenglish-archive.github.io/ron-english-light-cult-9001-10000/items/lccc-9207.html","https://opensea.io/item/ethereum/0xbe85fbd182af91290be7293438ae67549638189f/9207","OK",""
"9208","9208","Light Cult Crypto Club #9208","RE-011018","9201-9300","D:\github\ron-english-light-cult-9001-10000\images\9201-9300\RE-011018.jpg","84937","images/9201-9300/RE-011018.jpg","RE-011018.jpg","D:\github\ron-english-light-cult-9001-10000\images\9201-9300\RE-011018.jpg","items/lccc-9208.html","https://ronenglish-archive.github.io/ron-english-light-cult-9001-10000/items/lccc-9208.html","https://opensea.io/item/ethereum/0xbe85fbd182af91290be7293438ae67549638189f/9208","OK",""
"9209","9209","Light Cult Crypto Club #9209","RE-011019","9201-9300","D:\github\ron-english-light-cult-9001-10000\images\9201-9300\RE-011019.jpg","136516","images/9201-9300/RE-011019.jpg","RE-011019.jpg","D:\github\ron-english-light-cult-9001-10000\images\9201-9300\RE-011019.jpg","items/lccc-9209.html","https://ronenglish-archive.github.io/ron-english-light-cult-9001-10000/items/lccc-9209.html","https://opensea.io/item/ethereum/0xbe85fbd182af91290be7293438ae67549638189f/9209","OK",""
"9210","9210","Light Cult Crypto Club #9210","RE-011020","9201-9300","D:\github\ron-english-light-cult-9001-10000\images\9201-9300\RE-011020.jpg","89479","images/9201-9300/RE-011020.jpg","RE-011020.jpg","D:\github\ron-english-light-cult-9001-10000\images\9201-9300\RE-011020.jpg","items/lccc-9210.html","https://ronenglish-archive.github.io/ron-english-light-cult-9001-10000/items/lccc-9210.html","https://opensea.io/item/ethereum/0xbe85fbd182af91290be7293438ae67549638189f/9210","OK",""
"9211","9211","Light Cult Crypto Club #9211","RE-011021","9201-9300","D:\github\ron-english-light-cult-9001-10000\images\9201-9300\RE-011021.jpg","97517","images/9201-9300/RE-011021.jpg","RE-011021.jpg","D:\github\ron-english-light-cult-9001-10000\images\9201-9300\RE-011021.jpg","items/lccc-9211.html","https://ronenglish-archive.github.io/ron-english-light-cult-9001-10000/items/lccc-9211.html","https://opensea.io/item/ethereum/0xbe85fbd182af91290be7293438ae67549638189f/9211","OK",""
"9212","9212","Light Cult Crypto Club #9212","RE-011022","9201-9300","D:\github\ron-english-light-cult-9001-10000\images\9201-9300\RE-011022.jpg","42156","images/9201-9300/RE-011022.jpg","RE-011022.jpg","D:\github\ron-english-light-cult-9001-10000\images\9201-9300\RE-011022.jpg","items/lccc-9212.html","https://ronenglish-archive.github.io/ron-english-light-cult-9001-10000/items/lccc-9212.html","https://opensea.io/item/ethereum/0xbe85fbd182af91290be7293438ae67549638189f/9212","OK",""
"9213","9213","Light Cult Crypto Club #9213","RE-011023","9201-9300","D:\github\ron-english-light-cult-9001-10000\images\9201-9300\RE-011023.jpg","85743","images/9201-9300/RE-011023.jpg","RE-011023.jpg","D:\github\ron-english-light-cult-9001-10000\images\9201-9300\RE-011023.jpg","items/lccc-9213.html","https://ronenglish-archive.github.io/ron-english-light-cult-9001-10000/items/lccc-9213.html","https://opensea.io/item/ethereum/0xbe85fbd182af91290be7293438ae67549638189f/9213","OK",""
"9214","9214","Light Cult Crypto Club #9214","RE-011024","9201-9300","D:\github\ron-english-light-cult-9001-10000\images\9201-9300\RE-011024.jpg","112881","images/9201-9300/RE-011024.jpg","RE-011024.jpg","D:\github\ron-english-light-cult-9001-10000\images\9201-9300\RE-011024.jpg","items/lccc-9214.html","https://ronenglish-archive.github.io/ron-english-light-cult-9001-10000/items/lccc-9214.html","https://opensea.io/item/ethereum/0xbe85fbd182af91290be7293438ae67549638189f/9214","OK",""
"9215","9215","Light Cult Crypto Club #9215","RE-011025","9201-9300","D:\github\ron-english-light-cult-9001-10000\images\9201-9300\RE-011025.jpg","74201","images/9201-9300/RE-011025.jpg","RE-011025.jpg","D:\github\ron-english-light-cult-9001-10000\images\9201-9300\RE-011025.jpg","items/lccc-9215.html","https://ronenglish-archive.github.io/ron-english-light-cult-9001-10000/items/lccc-9215.html","https://opensea.io/item/ethereum/0xbe85fbd182af91290be7293438ae67549638189f/9215","OK",""
"9216","9216","Light Cult Crypto Club #9216","RE-011026","9201-9300","D:\github\ron-english-light-cult-9001-10000\images\9201-9300\RE-011026.jpg","35853","images/9201-9300/RE-011026.jpg","RE-011026.jpg","D:\github\ron-english-light-cult-9001-10000\images\9201-9300\RE-011026.jpg","items/lccc-9216.html","https://ronenglish-archive.github.io/ron-english-light-cult-9001-10000/items/lccc-9216.html","https://opensea.io/item/ethereum/0xbe85fbd182af91290be7293438ae67549638189f/9216","OK",""
"9217","9217","Light Cult Crypto Club #9217","RE-011027","9201-9300","D:\github\ron-english-light-cult-9001-10000\images\9201-9300\RE-011027.jpg","85573","images/9201-9300/RE-011027.jpg","RE-011027.jpg","D:\github\ron-english-light-cult-9001-10000\images\9201-9300\RE-011027.jpg","items/lccc-9217.html","https://ronenglish-archive.github.io/ron-english-light-cult-9001-10000/items/lccc-9217.html","https://opensea.io/item/ethereum/0xbe85fbd182af91290be7293438ae67549638189f/9217","OK",""
"9218","9218","Light Cult Crypto Club #9218","RE-011028","9201-9300","D:\github\ron-english-light-cult-9001-10000\images\9201-9300\RE-011028.jpg","69447","images/9201-9300/RE-011028.jpg","RE-011028.jpg","D:\github\ron-english-light-cult-9001-10000\images\9201-9300\RE-011028.jpg","items/lccc-9218.html","https://ronenglish-archive.github.io/ron-english-light-cult-9001-10000/items/lccc-9218.html","https://opensea.io/item/ethereum/0xbe85fbd182af91290be7293438ae67549638189f/9218","OK",""
"9219","9219","Light Cult Crypto Club #9219","RE-011029","9201-9300","D:\github\ron-english-light-cult-9001-10000\images\9201-9300\RE-011029.jpg","78530","images/9201-9300/RE-011029.jpg","RE-011029.jpg","D:\github\ron-english-light-cult-9001-10000\images\9201-9300\RE-011029.jpg","items/lccc-9219.html","https://ronenglish-archive.github.io/ron-english-light-cult-9001-10000/items/lccc-9219.html","https://opensea.io/item/ethereum/0xbe85fbd182af91290be7293438ae67549638189f/9219","OK",""
"9220","9220","Light Cult Crypto Club #9220","RE-011030","9201-9300","D:\github\ron-english-light-cult-9001-10000\images\9201-9300\RE-011030.jpg","147802","images/9201-9300/RE-011030.jpg","RE-011030.jpg","D:\github\ron-english-light-cult-9001-10000\images\9201-9300\RE-011030.jpg","items/lccc-9220.html","https://ronenglish-archive.github.io/ron-english-light-cult-9001-10000/items/lccc-9220.html","https://opensea.io/item/ethereum/0xbe85fbd182af91290be7293438ae67549638189f/9220","OK",""
"9221","9221","Light Cult Crypto Club #9221","RE-011031","9201-9300","D:\github\ron-english-light-cult-9001-10000\images\9201-9300\RE-011031.jpg","124090","images/9201-9300/RE-011031.jpg","RE-011031.jpg","D:\github\ron-english-light-cult-9001-10000\images\9201-9300\RE-011031.jpg","items/lccc-9221.html","https://ronenglish-archive.github.io/ron-english-light-cult-9001-10000/items/lccc-9221.html","https://opensea.io/item/ethereum/0xbe85fbd182af91290be7293438ae67549638189f/9221","OK",""
"9222","9222","Light Cult Crypto Club #9222","RE-011032","9201-9300","D:\github\ron-english-light-cult-9001-10000\images\9201-9300\RE-011032.jpg","46529","images/9201-9300/RE-011032.jpg","RE-011032.jpg","D:\github\ron-english-light-cult-9001-10000\images\9201-9300\RE-011032.jpg","items/lccc-9222.html","https://ronenglish-archive.github.io/ron-english-light-cult-9001-10000/items/lccc-9222.html","https://opensea.io/item/ethereum/0xbe85fbd182af91290be7293438ae67549638189f/9222","OK",""
"9223","9223","Light Cult Crypto Club #9223","RE-011033","9201-9300","D:\github\ron-english-light-cult-9001-10000\images\9201-9300\RE-011033.jpg","153177","images/9201-9300/RE-011033.jpg","RE-011033.jpg","D:\github\ron-english-light-cult-9001-10000\images\9201-9300\RE-011033.jpg","items/lccc-9223.html","https://ronenglish-archive.github.io/ron-english-light-cult-9001-10000/items/lccc-9223.html","https://opensea.io/item/ethereum/0xbe85fbd182af91290be7293438ae67549638189f/9223","OK",""
"9224","9224","Light Cult Crypto Club #9224","RE-011034","9201-9300","D:\github\ron-english-light-cult-9001-10000\images\9201-9300\RE-011034.jpg","57558","images/9201-9300/RE-011034.jpg","RE-011034.jpg","D:\github\ron-english-light-cult-9001-10000\images\9201-9300\RE-011034.jpg","items/lccc-9224.html","https://ronenglish-archive.github.io/ron-english-light-cult-9001-10000/items/lccc-9224.html","https://opensea.io/item/ethereum/0xbe85fbd182af91290be7293438ae67549638189f/9224","OK",""
"9225","9225","Light Cult Crypto Club #9225","RE-011035","9201-9300","D:\github\ron-english-light-cult-9001-10000\images\9201-9300\RE-011035.jpg","130392","images/9201-9300/RE-011035.jpg","RE-011035.jpg","D:\github\ron-english-light-cult-9001-10000\images\9201-9300\RE-011035.jpg","items/lccc-9225.html","https://ronenglish-archive.github.io/ron-english-light-cult-9001-10000/items/lccc-9225.html","https://opensea.io/item/ethereum/0xbe85fbd182af91290be7293438ae67549638189f/9225","OK",""
"9226","9226","Light Cult Crypto Club #9226","RE-011036","9201-9300","D:\github\ron-english-light-cult-9001-10000\images\9201-9300\RE-011036.jpg","65482","images/9201-9300/RE-011036.jpg","RE-011036.jpg","D:\github\ron-english-light-cult-9001-10000\images\9201-9300\RE-011036.jpg","items/lccc-9226.html","https://ronenglish-archive.github.io/ron-english-light-cult-9001-10000/items/lccc-9226.html","https://opensea.io/item/ethereum/0xbe85fbd182af91290be7293438ae67549638189f/9226","OK",""
"9227","9227","Light Cult Crypto Club #9227","RE-011037","9201-9300","D:\github\ron-english-light-cult-9001-10000\images\9201-9300\RE-011037.jpg","130167","images/9201-9300/RE-011037.jpg","RE-011037.jpg","D:\github\ron-english-light-cult-9001-10000\images\9201-9300\RE-011037.jpg","items/lccc-9227.html","https://ronenglish-archive.github.io/ron-english-light-cult-9001-10000/items/lccc-9227.html","https://opensea.io/item/ethereum/0xbe85fbd182af91290be7293438ae67549638189f/9227","OK",""
"9228","9228","Light Cult Crypto Club #9228","RE-011038","9201-9300","D:\github\ron-english-light-cult-9001-10000\images\9201-9300\RE-011038.jpg","142477","images/9201-9300/RE-011038.jpg","RE-011038.jpg","D:\github\ron-english-light-cult-9001-10000\images\9201-9300\RE-011038.jpg","items/lccc-9228.html","https://ronenglish-archive.github.io/ron-english-light-cult-9001-10000/items/lccc-9228.html","https://opensea.io/item/ethereum/0xbe85fbd182af91290be7293438ae67549638189f/9228","OK",""
"9229","9229","Light Cult Crypto Club #9229","RE-011039","9201-9300","D:\github\ron-english-light-cult-9001-10000\images\9201-9300\RE-011039.jpg","68733","images/9201-9300/RE-011039.jpg","RE-011039.jpg","D:\github\ron-english-light-cult-9001-10000\images\9201-9300\RE-011039.jpg","items/lccc-9229.html","https://ronenglish-archive.github.io/ron-english-light-cult-9001-10000/items/lccc-9229.html","https://opensea.io/item/ethereum/0xbe85fbd182af91290be7293438ae67549638189f/9229","OK",""
"9230","9230","Light Cult Crypto Club #9230","RE-011040","9201-9300","D:\github\ron-english-light-cult-9001-10000\images\9201-9300\RE-011040.jpg","87691","images/9201-9300/RE-011040.jpg","RE-011040.jpg","D:\github\ron-english-light-cult-9001-10000\images\9201-9300\RE-011040.jpg","items/lccc-9230.html","https://ronenglish-archive.github.io/ron-english-light-cult-9001-10000/items/lccc-9230.html","https://opensea.io/item/ethereum/0xbe85fbd182af91290be7293438ae67549638189f/9230","OK",""
"9231","9231","Light Cult Crypto Club #9231","RE-011041","9201-9300","D:\github\ron-english-light-cult-9001-10000\images\9201-9300\RE-011041.jpg","118886","images/9201-9300/RE-011041.jpg","RE-011041.jpg","D:\github\ron-english-light-cult-9001-10000\images\9201-9300\RE-011041.jpg","items/lccc-9231.html","https://ronenglish-archive.github.io/ron-english-light-cult-9001-10000/items/lccc-9231.html","https://opensea.io/item/ethereum/0xbe85fbd182af91290be7293438ae67549638189f/9231","OK",""
"9232","9232","Light Cult Crypto Club #9232","RE-011042","9201-9300","D:\github\ron-english-light-cult-9001-10000\images\9201-9300\RE-011042.jpg","140456","images/9201-9300/RE-011042.jpg","RE-011042.jpg","D:\github\ron-english-light-cult-9001-10000\images\9201-9300\RE-011042.jpg","items/lccc-9232.html","https://ronenglish-archive.github.io/ron-english-light-cult-9001-10000/items/lccc-9232.html","https://opensea.io/item/ethereum/0xbe85fbd182af91290be7293438ae67549638189f/9232","OK",""
"9233","9233","Light Cult Crypto Club #9233","RE-011043","9201-9300","D:\github\ron-english-light-cult-9001-10000\images\9201-9300\RE-011043.jpg","123203","images/9201-9300/RE-011043.jpg","RE-011043.jpg","D:\github\ron-english-light-cult-9001-10000\images\9201-9300\RE-011043.jpg","items/lccc-9233.html","https://ronenglish-archive.github.io/ron-english-light-cult-9001-10000/items/lccc-9233.html","https://opensea.io/item/ethereum/0xbe85fbd182af91290be7293438ae67549638189f/9233","OK",""
"9234","9234","Light Cult Crypto Club #9234","RE-011044","9201-9300","D:\github\ron-english-light-cult-9001-10000\images\9201-9300\RE-011044.jpg","137573","images/9201-9300/RE-011044.jpg","RE-011044.jpg","D:\github\ron-english-light-cult-9001-10000\images\9201-9300\RE-011044.jpg","items/lccc-9234.html","https://ronenglish-archive.github.io/ron-english-light-cult-9001-10000/items/lccc-9234.html","https://opensea.io/item/ethereum/0xbe85fbd182af91290be7293438ae67549638189f/9234","OK",""
"9235","9235","Light Cult Crypto Club #9235","RE-011045","9201-9300","D:\github\ron-english-light-cult-9001-10000\images\9201-9300\RE-011045.jpg","71679","images/9201-9300/RE-011045.jpg","RE-011045.jpg","D:\github\ron-english-light-cult-9001-10000\images\9201-9300\RE-011045.jpg","items/lccc-9235.html","https://ronenglish-archive.github.io/ron-english-light-cult-9001-10000/items/lccc-9235.html","https://opensea.io/item/ethereum/0xbe85fbd182af91290be7293438ae67549638189f/9235","OK",""
"9236","9236","Light Cult Crypto Club #9236","RE-011046","9201-9300","D:\github\ron-english-light-cult-9001-10000\images\9201-9300\RE-011046.jpg","66360","images/9201-9300/RE-011046.jpg","RE-011046.jpg","D:\github\ron-english-light-cult-9001-10000\images\9201-9300\RE-011046.jpg","items/lccc-9236.html","https://ronenglish-archive.github.io/ron-english-light-cult-9001-10000/items/lccc-9236.html","https://opensea.io/item/ethereum/0xbe85fbd182af91290be7293438ae67549638189f/9236","OK",""
"9237","9237","Light Cult Crypto Club #9237","RE-011047","9201-9300","D:\github\ron-english-light-cult-9001-10000\images\9201-9300\RE-011047.jpg","118702","images/9201-9300/RE-011047.jpg","RE-011047.jpg","D:\github\ron-english-light-cult-9001-10000\images\9201-9300\RE-011047.jpg","items/lccc-9237.html","https://ronenglish-archive.github.io/ron-english-light-cult-9001-10000/items/lccc-9237.html","https://opensea.io/item/ethereum/0xbe85fbd182af91290be7293438ae67549638189f/9237","OK",""
"9238","9238","Light Cult Crypto Club #9238","RE-011048","9201-9300","D:\github\ron-english-light-cult-9001-10000\images\9201-9300\RE-011048.jpg","86986","images/9201-9300/RE-011048.jpg","RE-011048.jpg","D:\github\ron-english-light-cult-9001-10000\images\9201-9300\RE-011048.jpg","items/lccc-9238.html","https://ronenglish-archive.github.io/ron-english-light-cult-9001-10000/items/lccc-9238.html","https://opensea.io/item/ethereum/0xbe85fbd182af91290be7293438ae67549638189f/9238","OK",""
"9239","9239","Light Cult Crypto Club #9239","RE-011049","9201-9300","D:\github\ron-english-light-cult-9001-10000\images\9201-9300\RE-011049.jpg","120596","images/9201-9300/RE-011049.jpg","RE-011049.jpg","D:\github\ron-english-light-cult-9001-10000\images\9201-9300\RE-011049.jpg","items/lccc-9239.html","https://ronenglish-archive.github.io/ron-english-light-cult-9001-10000/items/lccc-9239.html","https://opensea.io/item/ethereum/0xbe85fbd182af91290be7293438ae67549638189f/9239","OK",""
"9240","9240","Light Cult Crypto Club #9240","RE-011050","9201-9300","D:\github\ron-english-light-cult-9001-10000\images\9201-9300\RE-011050.jpg","37428","images/9201-9300/RE-011050.jpg","RE-011050.jpg","D:\github\ron-english-light-cult-9001-10000\images\9201-9300\RE-011050.jpg","items/lccc-9240.html","https://ronenglish-archive.github.io/ron-english-light-cult-9001-10000/items/lccc-9240.html","https://opensea.io/item/ethereum/0xbe85fbd182af91290be7293438ae67549638189f/9240","OK",""
"9241","9241","Light Cult Crypto Club #9241","RE-011051","9201-9300","D:\github\ron-english-light-cult-9001-10000\images\9201-9300\RE-011051.jpg","69199","images/9201-9300/RE-011051.jpg","RE-011051.jpg","D:\github\ron-english-light-cult-9001-10000\images\9201-9300\RE-011051.jpg","items/lccc-9241.html","https://ronenglish-archive.github.io/ron-english-light-cult-9001-10000/items/lccc-9241.html","https://opensea.io/item/ethereum/0xbe85fbd182af91290be7293438ae67549638189f/9241","OK",""
"9242","9242","Light Cult Crypto Club #9242","RE-011052","9201-9300","D:\github\ron-english-light-cult-9001-10000\images\9201-9300\RE-011052.jpg","70943","images/9201-9300/RE-011052.jpg","RE-011052.jpg","D:\github\ron-english-light-cult-9001-10000\images\9201-9300\RE-011052.jpg","items/lccc-9242.html","https://ronenglish-archive.github.io/ron-english-light-cult-9001-10000/items/lccc-9242.html","https://opensea.io/item/ethereum/0xbe85fbd182af91290be7293438ae67549638189f/9242","OK",""
"9243","9243","Light Cult Crypto Club #9243","RE-011053","9201-9300","D:\github\ron-english-light-cult-9001-10000\images\9201-9300\RE-011053.jpg","39806","images/9201-9300/RE-011053.jpg","RE-011053.jpg","D:\github\ron-english-light-cult-9001-10000\images\9201-9300\RE-011053.jpg","items/lccc-9243.html","https://ronenglish-archive.github.io/ron-english-light-cult-9001-10000/items/lccc-9243.html","https://opensea.io/item/ethereum/0xbe85fbd182af91290be7293438ae67549638189f/9243","OK",""
"9244","9244","Light Cult Crypto Club #9244","RE-011054","9201-9300","D:\github\ron-english-light-cult-9001-10000\images\9201-9300\RE-011054.jpg","134109","images/9201-9300/RE-011054.jpg","RE-011054.jpg","D:\github\ron-english-light-cult-9001-10000\images\9201-9300\RE-011054.jpg","items/lccc-9244.html","https://ronenglish-archive.github.io/ron-english-light-cult-9001-10000/items/lccc-9244.html","https://opensea.io/item/ethereum/0xbe85fbd182af91290be7293438ae67549638189f/9244","OK",""
"9245","9245","Light Cult Crypto Club #9245","RE-011055","9201-9300","D:\github\ron-english-light-cult-9001-10000\images\9201-9300\RE-011055.jpg","51771","images/9201-9300/RE-011055.jpg","RE-011055.jpg","D:\github\ron-english-light-cult-9001-10000\images\9201-9300\RE-011055.jpg","items/lccc-9245.html","https://ronenglish-archive.github.io/ron-english-light-cult-9001-10000/items/lccc-9245.html","https://opensea.io/item/ethereum/0xbe85fbd182af91290be7293438ae67549638189f/9245","OK",""
"9246","9246","Light Cult Crypto Club #9246","RE-011056","9201-9300","D:\github\ron-english-light-cult-9001-10000\images\9201-9300\RE-011056.jpg","154542","images/9201-9300/RE-011056.jpg","RE-011056.jpg","D:\github\ron-english-light-cult-9001-10000\images\9201-9300\RE-011056.jpg","items/lccc-9246.html","https://ronenglish-archive.github.io/ron-english-light-cult-9001-10000/items/lccc-9246.html","https://opensea.io/item/ethereum/0xbe85fbd182af91290be7293438ae67549638189f/9246","OK",""
"9247","9247","Light Cult Crypto Club #9247","RE-011057","9201-9300","D:\github\ron-english-light-cult-9001-10000\images\9201-9300\RE-011057.jpg","63380","images/9201-9300/RE-011057.jpg","RE-011057.jpg","D:\github\ron-english-light-cult-9001-10000\images\9201-9300\RE-011057.jpg","items/lccc-9247.html","https://ronenglish-archive.github.io/ron-english-light-cult-9001-10000/items/lccc-9247.html","https://opensea.io/item/ethereum/0xbe85fbd182af91290be7293438ae67549638189f/9247","OK",""
"9248","9248","Light Cult Crypto Club #9248","RE-011058","9201-9300","D:\github\ron-english-light-cult-9001-10000\images\9201-9300\RE-011058.jpg","165792","images/9201-9300/RE-011058.jpg","RE-011058.jpg","D:\github\ron-english-light-cult-9001-10000\images\9201-9300\RE-011058.jpg","items/lccc-9248.html","https://ronenglish-archive.github.io/ron-english-light-cult-9001-10000/items/lccc-9248.html","https://opensea.io/item/ethereum/0xbe85fbd182af91290be7293438ae67549638189f/9248","OK",""
"9249","9249","Light Cult Crypto Club #9249","RE-011059","9201-9300","D:\github\ron-english-light-cult-9001-10000\images\9201-9300\RE-011059.jpg","77172","images/9201-9300/RE-011059.jpg","RE-011059.jpg","D:\github\ron-english-light-cult-9001-10000\images\9201-9300\RE-011059.jpg","items/lccc-9249.html","https://ronenglish-archive.github.io/ron-english-light-cult-9001-10000/items/lccc-9249.html","https://opensea.io/item/ethereum/0xbe85fbd182af91290be7293438ae67549638189f/9249","OK",""
"9250","9250","Light Cult Crypto Club #9250","RE-011060","9201-9300","D:\github\ron-english-light-cult-9001-10000\images\9201-9300\RE-011060.jpg","137193","images/9201-9300/RE-011060.jpg","RE-011060.jpg","D:\github\ron-english-light-cult-9001-10000\images\9201-9300\RE-011060.jpg","items/lccc-9250.html","https://ronenglish-archive.github.io/ron-english-light-cult-9001-10000/items/lccc-9250.html","https://opensea.io/item/ethereum/0xbe85fbd182af91290be7293438ae67549638189f/9250","OK",""
"9251","9251","Light Cult Crypto Club #9251","RE-011061","9201-9300","D:\github\ron-english-light-cult-9001-10000\images\9201-9300\RE-011061.jpg","47478","images/9201-9300/RE-011061.jpg","RE-011061.jpg","D:\github\ron-english-light-cult-9001-10000\images\9201-9300\RE-011061.jpg","items/lccc-9251.html","https://ronenglish-archive.github.io/ron-english-light-cult-9001-10000/items/lccc-9251.html","https://opensea.io/item/ethereum/0xbe85fbd182af91290be7293438ae67549638189f/9251","OK",""
"9252","9252","Light Cult Crypto Club #9252","RE-011062","9201-9300","D:\github\ron-english-light-cult-9001-10000\images\9201-9300\RE-011062.jpg","39409","images/9201-9300/RE-011062.jpg","RE-011062.jpg","D:\github\ron-english-light-cult-9001-10000\images\9201-9300\RE-011062.jpg","items/lccc-9252.html","https://ronenglish-archive.github.io/ron-english-light-cult-9001-10000/items/lccc-9252.html","https://opensea.io/item/ethereum/0xbe85fbd182af91290be7293438ae67549638189f/9252","OK",""
"9253","9253","Light Cult Crypto Club #9253","RE-011063","9201-9300","D:\github\ron-english-light-cult-9001-10000\images\9201-9300\RE-011063.jpg","69548","images/9201-9300/RE-011063.jpg","RE-011063.jpg","D:\github\ron-english-light-cult-9001-10000\images\9201-9300\RE-011063.jpg","items/lccc-9253.html","https://ronenglish-archive.github.io/ron-english-light-cult-9001-10000/items/lccc-9253.html","https://opensea.io/item/ethereum/0xbe85fbd182af91290be7293438ae67549638189f/9253","OK",""
"9254","9254","Light Cult Crypto Club #9254","RE-011064","9201-9300","D:\github\ron-english-light-cult-9001-10000\images\9201-9300\RE-011064.jpg","147840","images/9201-9300/RE-011064.jpg","RE-011064.jpg","D:\github\ron-english-light-cult-9001-10000\images\9201-9300\RE-011064.jpg","items/lccc-9254.html","https://ronenglish-archive.github.io/ron-english-light-cult-9001-10000/items/lccc-9254.html","https://opensea.io/item/ethereum/0xbe85fbd182af91290be7293438ae67549638189f/9254","OK",""
"9255","9255","Light Cult Crypto Club #9255","RE-011065","9201-9300","D:\github\ron-english-light-cult-9001-10000\images\9201-9300\RE-011065.jpg","80572","images/9201-9300/RE-011065.jpg","RE-011065.jpg","D:\github\ron-english-light-cult-9001-10000\images\9201-9300\RE-011065.jpg","items/lccc-9255.html","https://ronenglish-archive.github.io/ron-english-light-cult-9001-10000/items/lccc-9255.html","https://opensea.io/item/ethereum/0xbe85fbd182af91290be7293438ae67549638189f/9255","OK",""
"9256","9256","Light Cult Crypto Club #9256","RE-011066","9201-9300","D:\github\ron-english-light-cult-9001-10000\images\9201-9300\RE-011066.jpg","78039","images/9201-9300/RE-011066.jpg","RE-011066.jpg","D:\github\ron-english-light-cult-9001-10000\images\9201-9300\RE-011066.jpg","items/lccc-9256.html","https://ronenglish-archive.github.io/ron-english-light-cult-9001-10000/items/lccc-9256.html","https://opensea.io/item/ethereum/0xbe85fbd182af91290be7293438ae67549638189f/9256","OK",""
"9257","9257","Light Cult Crypto Club #9257","RE-011067","9201-9300","D:\github\ron-english-light-cult-9001-10000\images\9201-9300\RE-011067.jpg","49918","images/9201-9300/RE-011067.jpg","RE-011067.jpg","D:\github\ron-english-light-cult-9001-10000\images\9201-9300\RE-011067.jpg","items/lccc-9257.html","https://ronenglish-archive.github.io/ron-english-light-cult-9001-10000/items/lccc-9257.html","https://opensea.io/item/ethereum/0xbe85fbd182af91290be7293438ae67549638189f/9257","OK",""
"9258","9258","Light Cult Crypto Club #9258","RE-011068","9201-9300","D:\github\ron-english-light-cult-9001-10000\images\9201-9300\RE-011068.jpg","67135","images/9201-9300/RE-011068.jpg","RE-011068.jpg","D:\github\ron-english-light-cult-9001-10000\images\9201-9300\RE-011068.jpg","items/lccc-9258.html","https://ronenglish-archive.github.io/ron-english-light-cult-9001-10000/items/lccc-9258.html","https://opensea.io/item/ethereum/0xbe85fbd182af91290be7293438ae67549638189f/9258","OK",""
"9259","9259","Light Cult Crypto Club #9259","RE-011069","9201-9300","D:\github\ron-english-light-cult-9001-10000\images\9201-9300\RE-011069.jpg","37127","images/9201-9300/RE-011069.jpg","RE-011069.jpg","D:\github\ron-english-light-cult-9001-10000\images\9201-9300\RE-011069.jpg","items/lccc-9259.html","https://ronenglish-archive.github.io/ron-english-light-cult-9001-10000/items/lccc-9259.html","https://opensea.io/item/ethereum/0xbe85fbd182af91290be7293438ae67549638189f/9259","OK",""
"9260","9260","Light Cult Crypto Club #9260","RE-011070","9201-9300","D:\github\ron-english-light-cult-9001-10000\images\9201-9300\RE-011070.jpg","59142","images/9201-9300/RE-011070.jpg","RE-011070.jpg","D:\github\ron-english-light-cult-9001-10000\images\9201-9300\RE-011070.jpg","items/lccc-9260.html","https://ronenglish-archive.github.io/ron-english-light-cult-9001-10000/items/lccc-9260.html","https://opensea.io/item/ethereum/0xbe85fbd182af91290be7293438ae67549638189f/9260","OK",""
"9261","9261","Light Cult Crypto Club #9261","RE-011071","9201-9300","D:\github\ron-english-light-cult-9001-10000\images\9201-9300\RE-011071.jpg","120423","images/9201-9300/RE-011071.jpg","RE-011071.jpg","D:\github\ron-english-light-cult-9001-10000\images\9201-9300\RE-011071.jpg","items/lccc-9261.html","https://ronenglish-archive.github.io/ron-english-light-cult-9001-10000/items/lccc-9261.html","https://opensea.io/item/ethereum/0xbe85fbd182af91290be7293438ae67549638189f/9261","OK",""
"9262","9262","Light Cult Crypto Club #9262","RE-011072","9201-9300","D:\github\ron-english-light-cult-9001-10000\images\9201-9300\RE-011072.jpg","76565","images/9201-9300/RE-011072.jpg","RE-011072.jpg","D:\github\ron-english-light-cult-9001-10000\images\9201-9300\RE-011072.jpg","items/lccc-9262.html","https://ronenglish-archive.github.io/ron-english-light-cult-9001-10000/items/lccc-9262.html","https://opensea.io/item/ethereum/0xbe85fbd182af91290be7293438ae67549638189f/9262","OK",""
"9263","9263","Light Cult Crypto Club #9263","RE-011073","9201-9300","D:\github\ron-english-light-cult-9001-10000\images\9201-9300\RE-011073.jpg","122384","images/9201-9300/RE-011073.jpg","RE-011073.jpg","D:\github\ron-english-light-cult-9001-10000\images\9201-9300\RE-011073.jpg","items/lccc-9263.html","https://ronenglish-archive.github.io/ron-english-light-cult-9001-10000/items/lccc-9263.html","https://opensea.io/item/ethereum/0xbe85fbd182af91290be7293438ae67549638189f/9263","OK",""
"9264","9264","Light Cult Crypto Club #9264","RE-011074","9201-9300","D:\github\ron-english-light-cult-9001-10000\images\9201-9300\RE-011074.jpg","133089","images/9201-9300/RE-011074.jpg","RE-011074.jpg","D:\github\ron-english-light-cult-9001-10000\images\9201-9300\RE-011074.jpg","items/lccc-9264.html","https://ronenglish-archive.github.io/ron-english-light-cult-9001-10000/items/lccc-9264.html","https://opensea.io/item/ethereum/0xbe85fbd182af91290be7293438ae67549638189f/9264","OK",""
"9265","9265","Light Cult Crypto Club #9265","RE-011075","9201-9300","D:\github\ron-english-light-cult-9001-10000\images\9201-9300\RE-011075.jpg","39877","images/9201-9300/RE-011075.jpg","RE-011075.jpg","D:\github\ron-english-light-cult-9001-10000\images\9201-9300\RE-011075.jpg","items/lccc-9265.html","https://ronenglish-archive.github.io/ron-english-light-cult-9001-10000/items/lccc-9265.html","https://opensea.io/item/ethereum/0xbe85fbd182af91290be7293438ae67549638189f/9265","OK",""
"9266","9266","Light Cult Crypto Club #9266","RE-011076","9201-9300","D:\github\ron-english-light-cult-9001-10000\images\9201-9300\RE-011076.jpg","126971","images/9201-9300/RE-011076.jpg","RE-011076.jpg","D:\github\ron-english-light-cult-9001-10000\images\9201-9300\RE-011076.jpg","items/lccc-9266.html","https://ronenglish-archive.github.io/ron-english-light-cult-9001-10000/items/lccc-9266.html","https://opensea.io/item/ethereum/0xbe85fbd182af91290be7293438ae67549638189f/9266","OK",""
"9267","9267","Light Cult Crypto Club #9267","RE-011077","9201-9300","D:\github\ron-english-light-cult-9001-10000\images\9201-9300\RE-011077.jpg","75774","images/9201-9300/RE-011077.jpg","RE-011077.jpg","D:\github\ron-english-light-cult-9001-10000\images\9201-9300\RE-011077.jpg","items/lccc-9267.html","https://ronenglish-archive.github.io/ron-english-light-cult-9001-10000/items/lccc-9267.html","https://opensea.io/item/ethereum/0xbe85fbd182af91290be7293438ae67549638189f/9267","OK",""
"9268","9268","Light Cult Crypto Club #9268","RE-011078","9201-9300","D:\github\ron-english-light-cult-9001-10000\images\9201-9300\RE-011078.jpg","58110","images/9201-9300/RE-011078.jpg","RE-011078.jpg","D:\github\ron-english-light-cult-9001-10000\images\9201-9300\RE-011078.jpg","items/lccc-9268.html","https://ronenglish-archive.github.io/ron-english-light-cult-9001-10000/items/lccc-9268.html","https://opensea.io/item/ethereum/0xbe85fbd182af91290be7293438ae67549638189f/9268","OK",""
"9269","9269","Light Cult Crypto Club #9269","RE-011079","9201-9300","D:\github\ron-english-light-cult-9001-10000\images\9201-9300\RE-011079.jpg","70882","images/9201-9300/RE-011079.jpg","RE-011079.jpg","D:\github\ron-english-light-cult-9001-10000\images\9201-9300\RE-011079.jpg","items/lccc-9269.html","https://ronenglish-archive.github.io/ron-english-light-cult-9001-10000/items/lccc-9269.html","https://opensea.io/item/ethereum/0xbe85fbd182af91290be7293438ae67549638189f/9269","OK",""
"9270","9270","Light Cult Crypto Club #9270","RE-011080","9201-9300","D:\github\ron-english-light-cult-9001-10000\images\9201-9300\RE-011080.jpg","76419","images/9201-9300/RE-011080.jpg","RE-011080.jpg","D:\github\ron-english-light-cult-9001-10000\images\9201-9300\RE-011080.jpg","items/lccc-9270.html","https://ronenglish-archive.github.io/ron-english-light-cult-9001-10000/items/lccc-9270.html","https://opensea.io/item/ethereum/0xbe85fbd182af91290be7293438ae67549638189f/9270","OK",""
"9271","9271","Light Cult Crypto Club #9271","RE-011081","9201-9300","D:\github\ron-english-light-cult-9001-10000\images\9201-9300\RE-011081.jpg","83871","images/9201-9300/RE-011081.jpg","RE-011081.jpg","D:\github\ron-english-light-cult-9001-10000\images\9201-9300\RE-011081.jpg","items/lccc-9271.html","https://ronenglish-archive.github.io/ron-english-light-cult-9001-10000/items/lccc-9271.html","https://opensea.io/item/ethereum/0xbe85fbd182af91290be7293438ae67549638189f/9271","OK",""
"9272","9272","Light Cult Crypto Club #9272","RE-011082","9201-9300","D:\github\ron-english-light-cult-9001-10000\images\9201-9300\RE-011082.jpg","67242","images/9201-9300/RE-011082.jpg","RE-011082.jpg","D:\github\ron-english-light-cult-9001-10000\images\9201-9300\RE-011082.jpg","items/lccc-9272.html","https://ronenglish-archive.github.io/ron-english-light-cult-9001-10000/items/lccc-9272.html","https://opensea.io/item/ethereum/0xbe85fbd182af91290be7293438ae67549638189f/9272","OK",""
"9273","9273","Light Cult Crypto Club #9273","RE-011083","9201-9300","D:\github\ron-english-light-cult-9001-10000\images\9201-9300\RE-011083.jpg","157488","images/9201-9300/RE-011083.jpg","RE-011083.jpg","D:\github\ron-english-light-cult-9001-10000\images\9201-9300\RE-011083.jpg","items/lccc-9273.html","https://ronenglish-archive.github.io/ron-english-light-cult-9001-10000/items/lccc-9273.html","https://opensea.io/item/ethereum/0xbe85fbd182af91290be7293438ae67549638189f/9273","OK",""
"9274","9274","Light Cult Crypto Club #9274","RE-011084","9201-9300","D:\github\ron-english-light-cult-9001-10000\images\9201-9300\RE-011084.jpg","101561","images/9201-9300/RE-011084.jpg","RE-011084.jpg","D:\github\ron-english-light-cult-9001-10000\images\9201-9300\RE-011084.jpg","items/lccc-9274.html","https://ronenglish-archive.github.io/ron-english-light-cult-9001-10000/items/lccc-9274.html","https://opensea.io/item/ethereum/0xbe85fbd182af91290be7293438ae67549638189f/9274","OK",""
"9275","9275","Light Cult Crypto Club #9275","RE-011085","9201-9300","D:\github\ron-english-light-cult-9001-10000\images\9201-9300\RE-011085.jpg","46611","images/9201-9300/RE-011085.jpg","RE-011085.jpg","D:\github\ron-english-light-cult-9001-10000\images\9201-9300\RE-011085.jpg","items/lccc-9275.html","https://ronenglish-archive.github.io/ron-english-light-cult-9001-10000/items/lccc-9275.html","https://opensea.io/item/ethereum/0xbe85fbd182af91290be7293438ae67549638189f/9275","OK",""
"9276","9276","Light Cult Crypto Club #9276","RE-011086","9201-9300","D:\github\ron-english-light-cult-9001-10000\images\9201-9300\RE-011086.jpg","49992","images/9201-9300/RE-011086.jpg","RE-011086.jpg","D:\github\ron-english-light-cult-9001-10000\images\9201-9300\RE-011086.jpg","items/lccc-9276.html","https://ronenglish-archive.github.io/ron-english-light-cult-9001-10000/items/lccc-9276.html","https://opensea.io/item/ethereum/0xbe85fbd182af91290be7293438ae67549638189f/9276","OK",""
"9277","9277","Light Cult Crypto Club #9277","RE-011087","9201-9300","D:\github\ron-english-light-cult-9001-10000\images\9201-9300\RE-011087.jpg","88071","images/9201-9300/RE-011087.jpg","RE-011087.jpg","D:\github\ron-english-light-cult-9001-10000\images\9201-9300\RE-011087.jpg","items/lccc-9277.html","https://ronenglish-archive.github.io/ron-english-light-cult-9001-10000/items/lccc-9277.html","https://opensea.io/item/ethereum/0xbe85fbd182af91290be7293438ae67549638189f/9277","OK",""
"9278","9278","Light Cult Crypto Club #9278","RE-011088","9201-9300","D:\github\ron-english-light-cult-9001-10000\images\9201-9300\RE-011088.jpg","62654","images/9201-9300/RE-011088.jpg","RE-011088.jpg","D:\github\ron-english-light-cult-9001-10000\images\9201-9300\RE-011088.jpg","items/lccc-9278.html","https://ronenglish-archive.github.io/ron-english-light-cult-9001-10000/items/lccc-9278.html","https://opensea.io/item/ethereum/0xbe85fbd182af91290be7293438ae67549638189f/9278","OK",""
"9279","9279","Light Cult Crypto Club #9279","RE-011089","9201-9300","D:\github\ron-english-light-cult-9001-10000\images\9201-9300\RE-011089.jpg","70163","images/9201-9300/RE-011089.jpg","RE-011089.jpg","D:\github\ron-english-light-cult-9001-10000\images\9201-9300\RE-011089.jpg","items/lccc-9279.html","https://ronenglish-archive.github.io/ron-english-light-cult-9001-10000/items/lccc-9279.html","https://opensea.io/item/ethereum/0xbe85fbd182af91290be7293438ae67549638189f/9279","OK",""
"9280","9280","Light Cult Crypto Club #9280","RE-011090","9201-9300","D:\github\ron-english-light-cult-9001-10000\images\9201-9300\RE-011090.jpg","100351","images/9201-9300/RE-011090.jpg","RE-011090.jpg","D:\github\ron-english-light-cult-9001-10000\images\9201-9300\RE-011090.jpg","items/lccc-9280.html","https://ronenglish-archive.github.io/ron-english-light-cult-9001-10000/items/lccc-9280.html","https://opensea.io/item/ethereum/0xbe85fbd182af91290be7293438ae67549638189f/9280","OK",""
"9281","9281","Light Cult Crypto Club #9281","RE-011091","9201-9300","D:\github\ron-english-light-cult-9001-10000\images\9201-9300\RE-011091.jpg","60312","images/9201-9300/RE-011091.jpg","RE-011091.jpg","D:\github\ron-english-light-cult-9001-10000\images\9201-9300\RE-011091.jpg","items/lccc-9281.html","https://ronenglish-archive.github.io/ron-english-light-cult-9001-10000/items/lccc-9281.html","https://opensea.io/item/ethereum/0xbe85fbd182af91290be7293438ae67549638189f/9281","OK",""
"9282","9282","Light Cult Crypto Club #9282","RE-011092","9201-9300","D:\github\ron-english-light-cult-9001-10000\images\9201-9300\RE-011092.jpg","106317","images/9201-9300/RE-011092.jpg","RE-011092.jpg","D:\github\ron-english-light-cult-9001-10000\images\9201-9300\RE-011092.jpg","items/lccc-9282.html","https://ronenglish-archive.github.io/ron-english-light-cult-9001-10000/items/lccc-9282.html","https://opensea.io/item/ethereum/0xbe85fbd182af91290be7293438ae67549638189f/9282","OK",""
"9283","9283","Light Cult Crypto Club #9283","RE-011093","9201-9300","D:\github\ron-english-light-cult-9001-10000\images\9201-9300\RE-011093.jpg","129817","images/9201-9300/RE-011093.jpg","RE-011093.jpg","D:\github\ron-english-light-cult-9001-10000\images\9201-9300\RE-011093.jpg","items/lccc-9283.html","https://ronenglish-archive.github.io/ron-english-light-cult-9001-10000/items/lccc-9283.html","https://opensea.io/item/ethereum/0xbe85fbd182af91290be7293438ae67549638189f/9283","OK",""
"9284","9284","Light Cult Crypto Club #9284","RE-011094","9201-9300","D:\github\ron-english-light-cult-9001-10000\images\9201-9300\RE-011094.jpg","88597","images/9201-9300/RE-011094.jpg","RE-011094.jpg","D:\github\ron-english-light-cult-9001-10000\images\9201-9300\RE-011094.jpg","items/lccc-9284.html","https://ronenglish-archive.github.io/ron-english-light-cult-9001-10000/items/lccc-9284.html","https://opensea.io/item/ethereum/0xbe85fbd182af91290be7293438ae67549638189f/9284","OK",""
"9285","9285","Light Cult Crypto Club #9285","RE-011095","9201-9300","D:\github\ron-english-light-cult-9001-10000\images\9201-9300\RE-011095.jpg","132275","images/9201-9300/RE-011095.jpg","RE-011095.jpg","D:\github\ron-english-light-cult-9001-10000\images\9201-9300\RE-011095.jpg","items/lccc-9285.html","https://ronenglish-archive.github.io/ron-english-light-cult-9001-10000/items/lccc-9285.html","https://opensea.io/item/ethereum/0xbe85fbd182af91290be7293438ae67549638189f/9285","OK",""
"9286","9286","Light Cult Crypto Club #9286","RE-011096","9201-9300","D:\github\ron-english-light-cult-9001-10000\images\9201-9300\RE-011096.jpg","138458","images/9201-9300/RE-011096.jpg","RE-011096.jpg","D:\github\ron-english-light-cult-9001-10000\images\9201-9300\RE-011096.jpg","items/lccc-9286.html","https://ronenglish-archive.github.io/ron-english-light-cult-9001-10000/items/lccc-9286.html","https://opensea.io/item/ethereum/0xbe85fbd182af91290be7293438ae67549638189f/9286","OK",""
"9287","9287","Light Cult Crypto Club #9287","RE-011097","9201-9300","D:\github\ron-english-light-cult-9001-10000\images\9201-9300\RE-011097.jpg","142166","images/9201-9300/RE-011097.jpg","RE-011097.jpg","D:\github\ron-english-light-cult-9001-10000\images\9201-9300\RE-011097.jpg","items/lccc-9287.html","https://ronenglish-archive.github.io/ron-english-light-cult-9001-10000/items/lccc-9287.html","https://opensea.io/item/ethereum/0xbe85fbd182af91290be7293438ae67549638189f/9287","OK",""
"9288","9288","Light Cult Crypto Club #9288","RE-011098","9201-9300","D:\github\ron-english-light-cult-9001-10000\images\9201-9300\RE-011098.jpg","70923","images/9201-9300/RE-011098.jpg","RE-011098.jpg","D:\github\ron-english-light-cult-9001-10000\images\9201-9300\RE-011098.jpg","items/lccc-9288.html","https://ronenglish-archive.github.io/ron-english-light-cult-9001-10000/items/lccc-9288.html","https://opensea.io/item/ethereum/0xbe85fbd182af91290be7293438ae67549638189f/9288","OK",""
"9289","9289","Light Cult Crypto Club #9289","RE-011099","9201-9300","D:\github\ron-english-light-cult-9001-10000\images\9201-9300\RE-011099.jpg","134768","images/9201-9300/RE-011099.jpg","RE-011099.jpg","D:\github\ron-english-light-cult-9001-10000\images\9201-9300\RE-011099.jpg","items/lccc-9289.html","https://ronenglish-archive.github.io/ron-english-light-cult-9001-10000/items/lccc-9289.html","https://opensea.io/item/ethereum/0xbe85fbd182af91290be7293438ae67549638189f/9289","OK",""
"9290","9290","Light Cult Crypto Club #9290","RE-011100","9201-9300","D:\github\ron-english-light-cult-9001-10000\images\9201-9300\RE-011100.jpg","44718","images/9201-9300/RE-011100.jpg","RE-011100.jpg","D:\github\ron-english-light-cult-9001-10000\images\9201-9300\RE-011100.jpg","items/lccc-9290.html","https://ronenglish-archive.github.io/ron-english-light-cult-9001-10000/items/lccc-9290.html","https://opensea.io/item/ethereum/0xbe85fbd182af91290be7293438ae67549638189f/9290","OK",""
"9291","9291","Light Cult Crypto Club #9291","RE-011101","9201-9300","D:\github\ron-english-light-cult-9001-10000\images\9201-9300\RE-011101.jpg","121976","images/9201-9300/RE-011101.jpg","RE-011101.jpg","D:\github\ron-english-light-cult-9001-10000\images\9201-9300\RE-011101.jpg","items/lccc-9291.html","https://ronenglish-archive.github.io/ron-english-light-cult-9001-10000/items/lccc-9291.html","https://opensea.io/item/ethereum/0xbe85fbd182af91290be7293438ae67549638189f/9291","OK",""
"9292","9292","Light Cult Crypto Club #9292","RE-011102","9201-9300","D:\github\ron-english-light-cult-9001-10000\images\9201-9300\RE-011102.jpg","104173","images/9201-9300/RE-011102.jpg","RE-011102.jpg","D:\github\ron-english-light-cult-9001-10000\images\9201-9300\RE-011102.jpg","items/lccc-9292.html","https://ronenglish-archive.github.io/ron-english-light-cult-9001-10000/items/lccc-9292.html","https://opensea.io/item/ethereum/0xbe85fbd182af91290be7293438ae67549638189f/9292","OK",""
"9293","9293","Light Cult Crypto Club #9293","RE-011103","9201-9300","D:\github\ron-english-light-cult-9001-10000\images\9201-9300\RE-011103.jpg","83623","images/9201-9300/RE-011103.jpg","RE-011103.jpg","D:\github\ron-english-light-cult-9001-10000\images\9201-9300\RE-011103.jpg","items/lccc-9293.html","https://ronenglish-archive.github.io/ron-english-light-cult-9001-10000/items/lccc-9293.html","https://opensea.io/item/ethereum/0xbe85fbd182af91290be7293438ae67549638189f/9293","OK",""
"9294","9294","Light Cult Crypto Club #9294","RE-011104","9201-9300","D:\github\ron-english-light-cult-9001-10000\images\9201-9300\RE-011104.jpg","82667","images/9201-9300/RE-011104.jpg","RE-011104.jpg","D:\github\ron-english-light-cult-9001-10000\images\9201-9300\RE-011104.jpg","items/lccc-9294.html","https://ronenglish-archive.github.io/ron-english-light-cult-9001-10000/items/lccc-9294.html","https://opensea.io/item/ethereum/0xbe85fbd182af91290be7293438ae67549638189f/9294","OK",""
"9295","9295","Light Cult Crypto Club #9295","RE-011105","9201-9300","D:\github\ron-english-light-cult-9001-10000\images\9201-9300\RE-011105.jpg","130073","images/9201-9300/RE-011105.jpg","RE-011105.jpg","D:\github\ron-english-light-cult-9001-10000\images\9201-9300\RE-011105.jpg","items/lccc-9295.html","https://ronenglish-archive.github.io/ron-english-light-cult-9001-10000/items/lccc-9295.html","https://opensea.io/item/ethereum/0xbe85fbd182af91290be7293438ae67549638189f/9295","OK",""
"9296","9296","Light Cult Crypto Club #9296","RE-011106","9201-9300","D:\github\ron-english-light-cult-9001-10000\images\9201-9300\RE-011106.jpg","45267","images/9201-9300/RE-011106.jpg","RE-011106.jpg","D:\github\ron-english-light-cult-9001-10000\images\9201-9300\RE-011106.jpg","items/lccc-9296.html","https://ronenglish-archive.github.io/ron-english-light-cult-9001-10000/items/lccc-9296.html","https://opensea.io/item/ethereum/0xbe85fbd182af91290be7293438ae67549638189f/9296","OK",""
"9297","9297","Light Cult Crypto Club #9297","RE-011107","9201-9300","D:\github\ron-english-light-cult-9001-10000\images\9201-9300\RE-011107.jpg","143097","images/9201-9300/RE-011107.jpg","RE-011107.jpg","D:\github\ron-english-light-cult-9001-10000\images\9201-9300\RE-011107.jpg","items/lccc-9297.html","https://ronenglish-archive.github.io/ron-english-light-cult-9001-10000/items/lccc-9297.html","https://opensea.io/item/ethereum/0xbe85fbd182af91290be7293438ae67549638189f/9297","OK",""
"9298","9298","Light Cult Crypto Club #9298","RE-011108","9201-9300","D:\github\ron-english-light-cult-9001-10000\images\9201-9300\RE-011108.jpg","74915","images/9201-9300/RE-011108.jpg","RE-011108.jpg","D:\github\ron-english-light-cult-9001-10000\images\9201-9300\RE-011108.jpg","items/lccc-9298.html","https://ronenglish-archive.github.io/ron-english-light-cult-9001-10000/items/lccc-9298.html","https://opensea.io/item/ethereum/0xbe85fbd182af91290be7293438ae67549638189f/9298","OK",""
"9299","9299","Light Cult Crypto Club #9299","RE-011109","9201-9300","D:\github\ron-english-light-cult-9001-10000\images\9201-9300\RE-011109.jpg","147571","images/9201-9300/RE-011109.jpg","RE-011109.jpg","D:\github\ron-english-light-cult-9001-10000\images\9201-9300\RE-011109.jpg","items/lccc-9299.html","https://ronenglish-archive.github.io/ron-english-light-cult-9001-10000/items/lccc-9299.html","https://opensea.io/item/ethereum/0xbe85fbd182af91290be7293438ae67549638189f/9299","OK",""
"9300","9300","Light Cult Crypto Club #9300","RE-011110","9201-9300","D:\github\ron-english-light-cult-9001-10000\images\9201-9300\RE-011110.jpg","75197","images/9201-9300/RE-011110.jpg","RE-011110.jpg","D:\github\ron-english-light-cult-9001-10000\images\9201-9300\RE-011110.jpg","items/lccc-9300.html","https://ronenglish-archive.github.io/ron-english-light-cult-9001-10000/items/lccc-9300.html","https://opensea.io/item/ethereum/0xbe85fbd182af91290be7293438ae67549638189f/9300","OK",""
"9301","9301","Light Cult Crypto Club #9301","RE-011111","9301-9400","D:\github\ron-english-light-cult-9001-10000\images\9301-9400\RE-011111.jpg","28363","images/9301-9400/RE-011111.jpg","RE-011111.jpg","D:\github\ron-english-light-cult-9001-10000\images\9301-9400\RE-011111.jpg","items/lccc-9301.html","https://ronenglish-archive.github.io/ron-english-light-cult-9001-10000/items/lccc-9301.html","https://opensea.io/item/ethereum/0xbe85fbd182af91290be7293438ae67549638189f/9301","OK",""
"9302","9302","Light Cult Crypto Club #9302","RE-011112","9301-9400","D:\github\ron-english-light-cult-9001-10000\images\9301-9400\RE-011112.jpg","31464","images/9301-9400/RE-011112.jpg","RE-011112.jpg","D:\github\ron-english-light-cult-9001-10000\images\9301-9400\RE-011112.jpg","items/lccc-9302.html","https://ronenglish-archive.github.io/ron-english-light-cult-9001-10000/items/lccc-9302.html","https://opensea.io/item/ethereum/0xbe85fbd182af91290be7293438ae67549638189f/9302","OK",""
"9303","9303","Light Cult Crypto Club #9303","RE-011113","9301-9400","D:\github\ron-english-light-cult-9001-10000\images\9301-9400\RE-011113.jpg","122337","images/9301-9400/RE-011113.jpg","RE-011113.jpg","D:\github\ron-english-light-cult-9001-10000\images\9301-9400\RE-011113.jpg","items/lccc-9303.html","https://ronenglish-archive.github.io/ron-english-light-cult-9001-10000/items/lccc-9303.html","https://opensea.io/item/ethereum/0xbe85fbd182af91290be7293438ae67549638189f/9303","OK",""
"9304","9304","Light Cult Crypto Club #9304","RE-011114","9301-9400","D:\github\ron-english-light-cult-9001-10000\images\9301-9400\RE-011114.jpg","82160","images/9301-9400/RE-011114.jpg","RE-011114.jpg","D:\github\ron-english-light-cult-9001-10000\images\9301-9400\RE-011114.jpg","items/lccc-9304.html","https://ronenglish-archive.github.io/ron-english-light-cult-9001-10000/items/lccc-9304.html","https://opensea.io/item/ethereum/0xbe85fbd182af91290be7293438ae67549638189f/9304","OK",""
"9305","9305","Light Cult Crypto Club #9305","RE-011115","9301-9400","D:\github\ron-english-light-cult-9001-10000\images\9301-9400\RE-011115.jpg","83675","images/9301-9400/RE-011115.jpg","RE-011115.jpg","D:\github\ron-english-light-cult-9001-10000\images\9301-9400\RE-011115.jpg","items/lccc-9305.html","https://ronenglish-archive.github.io/ron-english-light-cult-9001-10000/items/lccc-9305.html","https://opensea.io/item/ethereum/0xbe85fbd182af91290be7293438ae67549638189f/9305","OK",""
"9306","9306","Light Cult Crypto Club #9306","RE-011116","9301-9400","D:\github\ron-english-light-cult-9001-10000\images\9301-9400\RE-011116.jpg","143713","images/9301-9400/RE-011116.jpg","RE-011116.jpg","D:\github\ron-english-light-cult-9001-10000\images\9301-9400\RE-011116.jpg","items/lccc-9306.html","https://ronenglish-archive.github.io/ron-english-light-cult-9001-10000/items/lccc-9306.html","https://opensea.io/item/ethereum/0xbe85fbd182af91290be7293438ae67549638189f/9306","OK",""
"9307","9307","Light Cult Crypto Club #9307","RE-011117","9301-9400","D:\github\ron-english-light-cult-9001-10000\images\9301-9400\RE-011117.jpg","105806","images/9301-9400/RE-011117.jpg","RE-011117.jpg","D:\github\ron-english-light-cult-9001-10000\images\9301-9400\RE-011117.jpg","items/lccc-9307.html","https://ronenglish-archive.github.io/ron-english-light-cult-9001-10000/items/lccc-9307.html","https://opensea.io/item/ethereum/0xbe85fbd182af91290be7293438ae67549638189f/9307","OK",""
"9308","9308","Light Cult Crypto Club #9308","RE-011118","9301-9400","D:\github\ron-english-light-cult-9001-10000\images\9301-9400\RE-011118.jpg","45031","images/9301-9400/RE-011118.jpg","RE-011118.jpg","D:\github\ron-english-light-cult-9001-10000\images\9301-9400\RE-011118.jpg","items/lccc-9308.html","https://ronenglish-archive.github.io/ron-english-light-cult-9001-10000/items/lccc-9308.html","https://opensea.io/item/ethereum/0xbe85fbd182af91290be7293438ae67549638189f/9308","OK",""
"9309","9309","Light Cult Crypto Club #9309","RE-011119","9301-9400","D:\github\ron-english-light-cult-9001-10000\images\9301-9400\RE-011119.jpg","57551","images/9301-9400/RE-011119.jpg","RE-011119.jpg","D:\github\ron-english-light-cult-9001-10000\images\9301-9400\RE-011119.jpg","items/lccc-9309.html","https://ronenglish-archive.github.io/ron-english-light-cult-9001-10000/items/lccc-9309.html","https://opensea.io/item/ethereum/0xbe85fbd182af91290be7293438ae67549638189f/9309","OK",""
"9310","9310","Light Cult Crypto Club #9310","RE-011120","9301-9400","D:\github\ron-english-light-cult-9001-10000\images\9301-9400\RE-011120.jpg","75117","images/9301-9400/RE-011120.jpg","RE-011120.jpg","D:\github\ron-english-light-cult-9001-10000\images\9301-9400\RE-011120.jpg","items/lccc-9310.html","https://ronenglish-archive.github.io/ron-english-light-cult-9001-10000/items/lccc-9310.html","https://opensea.io/item/ethereum/0xbe85fbd182af91290be7293438ae67549638189f/9310","OK",""
"9311","9311","Light Cult Crypto Club #9311","RE-011121","9301-9400","D:\github\ron-english-light-cult-9001-10000\images\9301-9400\RE-011121.jpg","149923","images/9301-9400/RE-011121.jpg","RE-011121.jpg","D:\github\ron-english-light-cult-9001-10000\images\9301-9400\RE-011121.jpg","items/lccc-9311.html","https://ronenglish-archive.github.io/ron-english-light-cult-9001-10000/items/lccc-9311.html","https://opensea.io/item/ethereum/0xbe85fbd182af91290be7293438ae67549638189f/9311","OK",""
"9312","9312","Light Cult Crypto Club #9312","RE-011122","9301-9400","D:\github\ron-english-light-cult-9001-10000\images\9301-9400\RE-011122.jpg","129878","images/9301-9400/RE-011122.jpg","RE-011122.jpg","D:\github\ron-english-light-cult-9001-10000\images\9301-9400\RE-011122.jpg","items/lccc-9312.html","https://ronenglish-archive.github.io/ron-english-light-cult-9001-10000/items/lccc-9312.html","https://opensea.io/item/ethereum/0xbe85fbd182af91290be7293438ae67549638189f/9312","OK",""
"9313","9313","Light Cult Crypto Club #9313","RE-011123","9301-9400","D:\github\ron-english-light-cult-9001-10000\images\9301-9400\RE-011123.jpg","93970","images/9301-9400/RE-011123.jpg","RE-011123.jpg","D:\github\ron-english-light-cult-9001-10000\images\9301-9400\RE-011123.jpg","items/lccc-9313.html","https://ronenglish-archive.github.io/ron-english-light-cult-9001-10000/items/lccc-9313.html","https://opensea.io/item/ethereum/0xbe85fbd182af91290be7293438ae67549638189f/9313","OK",""
"9314","9314","Light Cult Crypto Club #9314","RE-011124","9301-9400","D:\github\ron-english-light-cult-9001-10000\images\9301-9400\RE-011124.jpg","104722","images/9301-9400/RE-011124.jpg","RE-011124.jpg","D:\github\ron-english-light-cult-9001-10000\images\9301-9400\RE-011124.jpg","items/lccc-9314.html","https://ronenglish-archive.github.io/ron-english-light-cult-9001-10000/items/lccc-9314.html","https://opensea.io/item/ethereum/0xbe85fbd182af91290be7293438ae67549638189f/9314","OK",""
"9315","9315","Light Cult Crypto Club #9315","RE-011125","9301-9400","D:\github\ron-english-light-cult-9001-10000\images\9301-9400\RE-011125.jpg","115151","images/9301-9400/RE-011125.jpg","RE-011125.jpg","D:\github\ron-english-light-cult-9001-10000\images\9301-9400\RE-011125.jpg","items/lccc-9315.html","https://ronenglish-archive.github.io/ron-english-light-cult-9001-10000/items/lccc-9315.html","https://opensea.io/item/ethereum/0xbe85fbd182af91290be7293438ae67549638189f/9315","OK",""
"9316","9316","Light Cult Crypto Club #9316","RE-011126","9301-9400","D:\github\ron-english-light-cult-9001-10000\images\9301-9400\RE-011126.jpg","130048","images/9301-9400/RE-011126.jpg","RE-011126.jpg","D:\github\ron-english-light-cult-9001-10000\images\9301-9400\RE-011126.jpg","items/lccc-9316.html","https://ronenglish-archive.github.io/ron-english-light-cult-9001-10000/items/lccc-9316.html","https://opensea.io/item/ethereum/0xbe85fbd182af91290be7293438ae67549638189f/9316","OK",""
"9317","9317","Light Cult Crypto Club #9317","RE-011127","9301-9400","D:\github\ron-english-light-cult-9001-10000\images\9301-9400\RE-011127.jpg","80089","images/9301-9400/RE-011127.jpg","RE-011127.jpg","D:\github\ron-english-light-cult-9001-10000\images\9301-9400\RE-011127.jpg","items/lccc-9317.html","https://ronenglish-archive.github.io/ron-english-light-cult-9001-10000/items/lccc-9317.html","https://opensea.io/item/ethereum/0xbe85fbd182af91290be7293438ae67549638189f/9317","OK",""
"9318","9318","Light Cult Crypto Club #9318","RE-011128","9301-9400","D:\github\ron-english-light-cult-9001-10000\images\9301-9400\RE-011128.jpg","115581","images/9301-9400/RE-011128.jpg","RE-011128.jpg","D:\github\ron-english-light-cult-9001-10000\images\9301-9400\RE-011128.jpg","items/lccc-9318.html","https://ronenglish-archive.github.io/ron-english-light-cult-9001-10000/items/lccc-9318.html","https://opensea.io/item/ethereum/0xbe85fbd182af91290be7293438ae67549638189f/9318","OK",""
"9319","9319","Light Cult Crypto Club #9319","RE-011129","9301-9400","D:\github\ron-english-light-cult-9001-10000\images\9301-9400\RE-011129.jpg","128907","images/9301-9400/RE-011129.jpg","RE-011129.jpg","D:\github\ron-english-light-cult-9001-10000\images\9301-9400\RE-011129.jpg","items/lccc-9319.html","https://ronenglish-archive.github.io/ron-english-light-cult-9001-10000/items/lccc-9319.html","https://opensea.io/item/ethereum/0xbe85fbd182af91290be7293438ae67549638189f/9319","OK",""
"9320","9320","Light Cult Crypto Club #9320","RE-011130","9301-9400","D:\github\ron-english-light-cult-9001-10000\images\9301-9400\RE-011130.jpg","126819","images/9301-9400/RE-011130.jpg","RE-011130.jpg","D:\github\ron-english-light-cult-9001-10000\images\9301-9400\RE-011130.jpg","items/lccc-9320.html","https://ronenglish-archive.github.io/ron-english-light-cult-9001-10000/items/lccc-9320.html","https://opensea.io/item/ethereum/0xbe85fbd182af91290be7293438ae67549638189f/9320","OK",""
"9321","9321","Light Cult Crypto Club #9321","RE-011131","9301-9400","D:\github\ron-english-light-cult-9001-10000\images\9301-9400\RE-011131.jpg","80228","images/9301-9400/RE-011131.jpg","RE-011131.jpg","D:\github\ron-english-light-cult-9001-10000\images\9301-9400\RE-011131.jpg","items/lccc-9321.html","https://ronenglish-archive.github.io/ron-english-light-cult-9001-10000/items/lccc-9321.html","https://opensea.io/item/ethereum/0xbe85fbd182af91290be7293438ae67549638189f/9321","OK",""
"9322","9322","Light Cult Crypto Club #9322","RE-011132","9301-9400","D:\github\ron-english-light-cult-9001-10000\images\9301-9400\RE-011132.jpg","75358","images/9301-9400/RE-011132.jpg","RE-011132.jpg","D:\github\ron-english-light-cult-9001-10000\images\9301-9400\RE-011132.jpg","items/lccc-9322.html","https://ronenglish-archive.github.io/ron-english-light-cult-9001-10000/items/lccc-9322.html","https://opensea.io/item/ethereum/0xbe85fbd182af91290be7293438ae67549638189f/9322","OK",""
"9323","9323","Light Cult Crypto Club #9323","RE-011133","9301-9400","D:\github\ron-english-light-cult-9001-10000\images\9301-9400\RE-011133.jpg","81320","images/9301-9400/RE-011133.jpg","RE-011133.jpg","D:\github\ron-english-light-cult-9001-10000\images\9301-9400\RE-011133.jpg","items/lccc-9323.html","https://ronenglish-archive.github.io/ron-english-light-cult-9001-10000/items/lccc-9323.html","https://opensea.io/item/ethereum/0xbe85fbd182af91290be7293438ae67549638189f/9323","OK",""
"9324","9324","Light Cult Crypto Club #9324","RE-011134","9301-9400","D:\github\ron-english-light-cult-9001-10000\images\9301-9400\RE-011134.jpg","140828","images/9301-9400/RE-011134.jpg","RE-011134.jpg","D:\github\ron-english-light-cult-9001-10000\images\9301-9400\RE-011134.jpg","items/lccc-9324.html","https://ronenglish-archive.github.io/ron-english-light-cult-9001-10000/items/lccc-9324.html","https://opensea.io/item/ethereum/0xbe85fbd182af91290be7293438ae67549638189f/9324","OK",""
"9325","9325","Light Cult Crypto Club #9325","RE-011135","9301-9400","D:\github\ron-english-light-cult-9001-10000\images\9301-9400\RE-011135.jpg","97279","images/9301-9400/RE-011135.jpg","RE-011135.jpg","D:\github\ron-english-light-cult-9001-10000\images\9301-9400\RE-011135.jpg","items/lccc-9325.html","https://ronenglish-archive.github.io/ron-english-light-cult-9001-10000/items/lccc-9325.html","https://opensea.io/item/ethereum/0xbe85fbd182af91290be7293438ae67549638189f/9325","OK",""
"9326","9326","Light Cult Crypto Club #9326","RE-011136","9301-9400","D:\github\ron-english-light-cult-9001-10000\images\9301-9400\RE-011136.jpg","131165","images/9301-9400/RE-011136.jpg","RE-011136.jpg","D:\github\ron-english-light-cult-9001-10000\images\9301-9400\RE-011136.jpg","items/lccc-9326.html","https://ronenglish-archive.github.io/ron-english-light-cult-9001-10000/items/lccc-9326.html","https://opensea.io/item/ethereum/0xbe85fbd182af91290be7293438ae67549638189f/9326","OK",""
"9327","9327","Light Cult Crypto Club #9327","RE-011137","9301-9400","D:\github\ron-english-light-cult-9001-10000\images\9301-9400\RE-011137.jpg","80937","images/9301-9400/RE-011137.jpg","RE-011137.jpg","D:\github\ron-english-light-cult-9001-10000\images\9301-9400\RE-011137.jpg","items/lccc-9327.html","https://ronenglish-archive.github.io/ron-english-light-cult-9001-10000/items/lccc-9327.html","https://opensea.io/item/ethereum/0xbe85fbd182af91290be7293438ae67549638189f/9327","OK",""
"9328","9328","Light Cult Crypto Club #9328","RE-011138","9301-9400","D:\github\ron-english-light-cult-9001-10000\images\9301-9400\RE-011138.jpg","150270","images/9301-9400/RE-011138.jpg","RE-011138.jpg","D:\github\ron-english-light-cult-9001-10000\images\9301-9400\RE-011138.jpg","items/lccc-9328.html","https://ronenglish-archive.github.io/ron-english-light-cult-9001-10000/items/lccc-9328.html","https://opensea.io/item/ethereum/0xbe85fbd182af91290be7293438ae67549638189f/9328","OK",""
"9329","9329","Light Cult Crypto Club #9329","RE-011139","9301-9400","D:\github\ron-english-light-cult-9001-10000\images\9301-9400\RE-011139.jpg","118435","images/9301-9400/RE-011139.jpg","RE-011139.jpg","D:\github\ron-english-light-cult-9001-10000\images\9301-9400\RE-011139.jpg","items/lccc-9329.html","https://ronenglish-archive.github.io/ron-english-light-cult-9001-10000/items/lccc-9329.html","https://opensea.io/item/ethereum/0xbe85fbd182af91290be7293438ae67549638189f/9329","OK",""
"9330","9330","Light Cult Crypto Club #9330","RE-011140","9301-9400","D:\github\ron-english-light-cult-9001-10000\images\9301-9400\RE-011140.jpg","126259","images/9301-9400/RE-011140.jpg","RE-011140.jpg","D:\github\ron-english-light-cult-9001-10000\images\9301-9400\RE-011140.jpg","items/lccc-9330.html","https://ronenglish-archive.github.io/ron-english-light-cult-9001-10000/items/lccc-9330.html","https://opensea.io/item/ethereum/0xbe85fbd182af91290be7293438ae67549638189f/9330","OK",""
"9331","9331","Light Cult Crypto Club #9331","RE-011141","9301-9400","D:\github\ron-english-light-cult-9001-10000\images\9301-9400\RE-011141.jpg","80507","images/9301-9400/RE-011141.jpg","RE-011141.jpg","D:\github\ron-english-light-cult-9001-10000\images\9301-9400\RE-011141.jpg","items/lccc-9331.html","https://ronenglish-archive.github.io/ron-english-light-cult-9001-10000/items/lccc-9331.html","https://opensea.io/item/ethereum/0xbe85fbd182af91290be7293438ae67549638189f/9331","OK",""
"9332","9332","Light Cult Crypto Club #9332","RE-011142","9301-9400","D:\github\ron-english-light-cult-9001-10000\images\9301-9400\RE-011142.jpg","156776","images/9301-9400/RE-011142.jpg","RE-011142.jpg","D:\github\ron-english-light-cult-9001-10000\images\9301-9400\RE-011142.jpg","items/lccc-9332.html","https://ronenglish-archive.github.io/ron-english-light-cult-9001-10000/items/lccc-9332.html","https://opensea.io/item/ethereum/0xbe85fbd182af91290be7293438ae67549638189f/9332","OK",""
"9333","9333","Light Cult Crypto Club #9333","RE-011143","9301-9400","D:\github\ron-english-light-cult-9001-10000\images\9301-9400\RE-011143.jpg","100422","images/9301-9400/RE-011143.jpg","RE-011143.jpg","D:\github\ron-english-light-cult-9001-10000\images\9301-9400\RE-011143.jpg","items/lccc-9333.html","https://ronenglish-archive.github.io/ron-english-light-cult-9001-10000/items/lccc-9333.html","https://opensea.io/item/ethereum/0xbe85fbd182af91290be7293438ae67549638189f/9333","OK",""
"9334","9334","Light Cult Crypto Club #9334","RE-011144","9301-9400","D:\github\ron-english-light-cult-9001-10000\images\9301-9400\RE-011144.jpg","141685","images/9301-9400/RE-011144.jpg","RE-011144.jpg","D:\github\ron-english-light-cult-9001-10000\images\9301-9400\RE-011144.jpg","items/lccc-9334.html","https://ronenglish-archive.github.io/ron-english-light-cult-9001-10000/items/lccc-9334.html","https://opensea.io/item/ethereum/0xbe85fbd182af91290be7293438ae67549638189f/9334","OK",""
"9335","9335","Light Cult Crypto Club #9335","RE-011145","9301-9400","D:\github\ron-english-light-cult-9001-10000\images\9301-9400\RE-011145.jpg","138502","images/9301-9400/RE-011145.jpg","RE-011145.jpg","D:\github\ron-english-light-cult-9001-10000\images\9301-9400\RE-011145.jpg","items/lccc-9335.html","https://ronenglish-archive.github.io/ron-english-light-cult-9001-10000/items/lccc-9335.html","https://opensea.io/item/ethereum/0xbe85fbd182af91290be7293438ae67549638189f/9335","OK",""
"9336","9336","Light Cult Crypto Club #9336","RE-011146","9301-9400","D:\github\ron-english-light-cult-9001-10000\images\9301-9400\RE-011146.jpg","119247","images/9301-9400/RE-011146.jpg","RE-011146.jpg","D:\github\ron-english-light-cult-9001-10000\images\9301-9400\RE-011146.jpg","items/lccc-9336.html","https://ronenglish-archive.github.io/ron-english-light-cult-9001-10000/items/lccc-9336.html","https://opensea.io/item/ethereum/0xbe85fbd182af91290be7293438ae67549638189f/9336","OK",""
"9337","9337","Light Cult Crypto Club #9337","RE-011147","9301-9400","D:\github\ron-english-light-cult-9001-10000\images\9301-9400\RE-011147.jpg","35134","images/9301-9400/RE-011147.jpg","RE-011147.jpg","D:\github\ron-english-light-cult-9001-10000\images\9301-9400\RE-011147.jpg","items/lccc-9337.html","https://ronenglish-archive.github.io/ron-english-light-cult-9001-10000/items/lccc-9337.html","https://opensea.io/item/ethereum/0xbe85fbd182af91290be7293438ae67549638189f/9337","OK",""
"9338","9338","Light Cult Crypto Club #9338","RE-011148","9301-9400","D:\github\ron-english-light-cult-9001-10000\images\9301-9400\RE-011148.jpg","129893","images/9301-9400/RE-011148.jpg","RE-011148.jpg","D:\github\ron-english-light-cult-9001-10000\images\9301-9400\RE-011148.jpg","items/lccc-9338.html","https://ronenglish-archive.github.io/ron-english-light-cult-9001-10000/items/lccc-9338.html","https://opensea.io/item/ethereum/0xbe85fbd182af91290be7293438ae67549638189f/9338","OK",""
"9339","9339","Light Cult Crypto Club #9339","RE-011149","9301-9400","D:\github\ron-english-light-cult-9001-10000\images\9301-9400\RE-011149.jpg","52236","images/9301-9400/RE-011149.jpg","RE-011149.jpg","D:\github\ron-english-light-cult-9001-10000\images\9301-9400\RE-011149.jpg","items/lccc-9339.html","https://ronenglish-archive.github.io/ron-english-light-cult-9001-10000/items/lccc-9339.html","https://opensea.io/item/ethereum/0xbe85fbd182af91290be7293438ae67549638189f/9339","OK",""
"9340","9340","Light Cult Crypto Club #9340","RE-011150","9301-9400","D:\github\ron-english-light-cult-9001-10000\images\9301-9400\RE-011150.jpg","122869","images/9301-9400/RE-011150.jpg","RE-011150.jpg","D:\github\ron-english-light-cult-9001-10000\images\9301-9400\RE-011150.jpg","items/lccc-9340.html","https://ronenglish-archive.github.io/ron-english-light-cult-9001-10000/items/lccc-9340.html","https://opensea.io/item/ethereum/0xbe85fbd182af91290be7293438ae67549638189f/9340","OK",""
"9341","9341","Light Cult Crypto Club #9341","RE-011151","9301-9400","D:\github\ron-english-light-cult-9001-10000\images\9301-9400\RE-011151.jpg","98699","images/9301-9400/RE-011151.jpg","RE-011151.jpg","D:\github\ron-english-light-cult-9001-10000\images\9301-9400\RE-011151.jpg","items/lccc-9341.html","https://ronenglish-archive.github.io/ron-english-light-cult-9001-10000/items/lccc-9341.html","https://opensea.io/item/ethereum/0xbe85fbd182af91290be7293438ae67549638189f/9341","OK",""
"9342","9342","Light Cult Crypto Club #9342","RE-011152","9301-9400","D:\github\ron-english-light-cult-9001-10000\images\9301-9400\RE-011152.jpg","50816","images/9301-9400/RE-011152.jpg","RE-011152.jpg","D:\github\ron-english-light-cult-9001-10000\images\9301-9400\RE-011152.jpg","items/lccc-9342.html","https://ronenglish-archive.github.io/ron-english-light-cult-9001-10000/items/lccc-9342.html","https://opensea.io/item/ethereum/0xbe85fbd182af91290be7293438ae67549638189f/9342","OK",""
"9343","9343","Light Cult Crypto Club #9343","RE-011153","9301-9400","D:\github\ron-english-light-cult-9001-10000\images\9301-9400\RE-011153.jpg","49228","images/9301-9400/RE-011153.jpg","RE-011153.jpg","D:\github\ron-english-light-cult-9001-10000\images\9301-9400\RE-011153.jpg","items/lccc-9343.html","https://ronenglish-archive.github.io/ron-english-light-cult-9001-10000/items/lccc-9343.html","https://opensea.io/item/ethereum/0xbe85fbd182af91290be7293438ae67549638189f/9343","OK",""
"9344","9344","Light Cult Crypto Club #9344","RE-011154","9301-9400","D:\github\ron-english-light-cult-9001-10000\images\9301-9400\RE-011154.jpg","127227","images/9301-9400/RE-011154.jpg","RE-011154.jpg","D:\github\ron-english-light-cult-9001-10000\images\9301-9400\RE-011154.jpg","items/lccc-9344.html","https://ronenglish-archive.github.io/ron-english-light-cult-9001-10000/items/lccc-9344.html","https://opensea.io/item/ethereum/0xbe85fbd182af91290be7293438ae67549638189f/9344","OK",""
"9345","9345","Light Cult Crypto Club #9345","RE-011155","9301-9400","D:\github\ron-english-light-cult-9001-10000\images\9301-9400\RE-011155.jpg","107623","images/9301-9400/RE-011155.jpg","RE-011155.jpg","D:\github\ron-english-light-cult-9001-10000\images\9301-9400\RE-011155.jpg","items/lccc-9345.html","https://ronenglish-archive.github.io/ron-english-light-cult-9001-10000/items/lccc-9345.html","https://opensea.io/item/ethereum/0xbe85fbd182af91290be7293438ae67549638189f/9345","OK",""
"9346","9346","Light Cult Crypto Club #9346","RE-011156","9301-9400","D:\github\ron-english-light-cult-9001-10000\images\9301-9400\RE-011156.jpg","105340","images/9301-9400/RE-011156.jpg","RE-011156.jpg","D:\github\ron-english-light-cult-9001-10000\images\9301-9400\RE-011156.jpg","items/lccc-9346.html","https://ronenglish-archive.github.io/ron-english-light-cult-9001-10000/items/lccc-9346.html","https://opensea.io/item/ethereum/0xbe85fbd182af91290be7293438ae67549638189f/9346","OK",""
"9347","9347","Light Cult Crypto Club #9347","RE-011157","9301-9400","D:\github\ron-english-light-cult-9001-10000\images\9301-9400\RE-011157.jpg","116048","images/9301-9400/RE-011157.jpg","RE-011157.jpg","D:\github\ron-english-light-cult-9001-10000\images\9301-9400\RE-011157.jpg","items/lccc-9347.html","https://ronenglish-archive.github.io/ron-english-light-cult-9001-10000/items/lccc-9347.html","https://opensea.io/item/ethereum/0xbe85fbd182af91290be7293438ae67549638189f/9347","OK",""
"9348","9348","Light Cult Crypto Club #9348","RE-011158","9301-9400","D:\github\ron-english-light-cult-9001-10000\images\9301-9400\RE-011158.jpg","108770","images/9301-9400/RE-011158.jpg","RE-011158.jpg","D:\github\ron-english-light-cult-9001-10000\images\9301-9400\RE-011158.jpg","items/lccc-9348.html","https://ronenglish-archive.github.io/ron-english-light-cult-9001-10000/items/lccc-9348.html","https://opensea.io/item/ethereum/0xbe85fbd182af91290be7293438ae67549638189f/9348","OK",""
"9349","9349","Light Cult Crypto Club #9349","RE-011159","9301-9400","D:\github\ron-english-light-cult-9001-10000\images\9301-9400\RE-011159.jpg","39337","images/9301-9400/RE-011159.jpg","RE-011159.jpg","D:\github\ron-english-light-cult-9001-10000\images\9301-9400\RE-011159.jpg","items/lccc-9349.html","https://ronenglish-archive.github.io/ron-english-light-cult-9001-10000/items/lccc-9349.html","https://opensea.io/item/ethereum/0xbe85fbd182af91290be7293438ae67549638189f/9349","OK",""
"9350","9350","Light Cult Crypto Club #9350","RE-011160","9301-9400","D:\github\ron-english-light-cult-9001-10000\images\9301-9400\RE-011160.jpg","81629","images/9301-9400/RE-011160.jpg","RE-011160.jpg","D:\github\ron-english-light-cult-9001-10000\images\9301-9400\RE-011160.jpg","items/lccc-9350.html","https://ronenglish-archive.github.io/ron-english-light-cult-9001-10000/items/lccc-9350.html","https://opensea.io/item/ethereum/0xbe85fbd182af91290be7293438ae67549638189f/9350","OK",""
"9351","9351","Light Cult Crypto Club #9351","RE-011161","9301-9400","D:\github\ron-english-light-cult-9001-10000\images\9301-9400\RE-011161.jpg","119503","images/9301-9400/RE-011161.jpg","RE-011161.jpg","D:\github\ron-english-light-cult-9001-10000\images\9301-9400\RE-011161.jpg","items/lccc-9351.html","https://ronenglish-archive.github.io/ron-english-light-cult-9001-10000/items/lccc-9351.html","https://opensea.io/item/ethereum/0xbe85fbd182af91290be7293438ae67549638189f/9351","OK",""
"9352","9352","Light Cult Crypto Club #9352","RE-011162","9301-9400","D:\github\ron-english-light-cult-9001-10000\images\9301-9400\RE-011162.jpg","57857","images/9301-9400/RE-011162.jpg","RE-011162.jpg","D:\github\ron-english-light-cult-9001-10000\images\9301-9400\RE-011162.jpg","items/lccc-9352.html","https://ronenglish-archive.github.io/ron-english-light-cult-9001-10000/items/lccc-9352.html","https://opensea.io/item/ethereum/0xbe85fbd182af91290be7293438ae67549638189f/9352","OK",""
"9353","9353","Light Cult Crypto Club #9353","RE-011163","9301-9400","D:\github\ron-english-light-cult-9001-10000\images\9301-9400\RE-011163.jpg","147325","images/9301-9400/RE-011163.jpg","RE-011163.jpg","D:\github\ron-english-light-cult-9001-10000\images\9301-9400\RE-011163.jpg","items/lccc-9353.html","https://ronenglish-archive.github.io/ron-english-light-cult-9001-10000/items/lccc-9353.html","https://opensea.io/item/ethereum/0xbe85fbd182af91290be7293438ae67549638189f/9353","OK",""
"9354","9354","Light Cult Crypto Club #9354","RE-011164","9301-9400","D:\github\ron-english-light-cult-9001-10000\images\9301-9400\RE-011164.jpg","86978","images/9301-9400/RE-011164.jpg","RE-011164.jpg","D:\github\ron-english-light-cult-9001-10000\images\9301-9400\RE-011164.jpg","items/lccc-9354.html","https://ronenglish-archive.github.io/ron-english-light-cult-9001-10000/items/lccc-9354.html","https://opensea.io/item/ethereum/0xbe85fbd182af91290be7293438ae67549638189f/9354","OK",""
"9355","9355","Light Cult Crypto Club #9355","RE-011165","9301-9400","D:\github\ron-english-light-cult-9001-10000\images\9301-9400\RE-011165.jpg","73363","images/9301-9400/RE-011165.jpg","RE-011165.jpg","D:\github\ron-english-light-cult-9001-10000\images\9301-9400\RE-011165.jpg","items/lccc-9355.html","https://ronenglish-archive.github.io/ron-english-light-cult-9001-10000/items/lccc-9355.html","https://opensea.io/item/ethereum/0xbe85fbd182af91290be7293438ae67549638189f/9355","OK",""
"9356","9356","Light Cult Crypto Club #9356","RE-011166","9301-9400","D:\github\ron-english-light-cult-9001-10000\images\9301-9400\RE-011166.jpg","58865","images/9301-9400/RE-011166.jpg","RE-011166.jpg","D:\github\ron-english-light-cult-9001-10000\images\9301-9400\RE-011166.jpg","items/lccc-9356.html","https://ronenglish-archive.github.io/ron-english-light-cult-9001-10000/items/lccc-9356.html","https://opensea.io/item/ethereum/0xbe85fbd182af91290be7293438ae67549638189f/9356","OK",""
"9357","9357","Light Cult Crypto Club #9357","RE-011167","9301-9400","D:\github\ron-english-light-cult-9001-10000\images\9301-9400\RE-011167.jpg","50392","images/9301-9400/RE-011167.jpg","RE-011167.jpg","D:\github\ron-english-light-cult-9001-10000\images\9301-9400\RE-011167.jpg","items/lccc-9357.html","https://ronenglish-archive.github.io/ron-english-light-cult-9001-10000/items/lccc-9357.html","https://opensea.io/item/ethereum/0xbe85fbd182af91290be7293438ae67549638189f/9357","OK",""
"9358","9358","Light Cult Crypto Club #9358","RE-011168","9301-9400","D:\github\ron-english-light-cult-9001-10000\images\9301-9400\RE-011168.jpg","125238","images/9301-9400/RE-011168.jpg","RE-011168.jpg","D:\github\ron-english-light-cult-9001-10000\images\9301-9400\RE-011168.jpg","items/lccc-9358.html","https://ronenglish-archive.github.io/ron-english-light-cult-9001-10000/items/lccc-9358.html","https://opensea.io/item/ethereum/0xbe85fbd182af91290be7293438ae67549638189f/9358","OK",""
"9359","9359","Light Cult Crypto Club #9359","RE-011169","9301-9400","D:\github\ron-english-light-cult-9001-10000\images\9301-9400\RE-011169.jpg","90913","images/9301-9400/RE-011169.jpg","RE-011169.jpg","D:\github\ron-english-light-cult-9001-10000\images\9301-9400\RE-011169.jpg","items/lccc-9359.html","https://ronenglish-archive.github.io/ron-english-light-cult-9001-10000/items/lccc-9359.html","https://opensea.io/item/ethereum/0xbe85fbd182af91290be7293438ae67549638189f/9359","OK",""
"9360","9360","Light Cult Crypto Club #9360","RE-011170","9301-9400","D:\github\ron-english-light-cult-9001-10000\images\9301-9400\RE-011170.jpg","153793","images/9301-9400/RE-011170.jpg","RE-011170.jpg","D:\github\ron-english-light-cult-9001-10000\images\9301-9400\RE-011170.jpg","items/lccc-9360.html","https://ronenglish-archive.github.io/ron-english-light-cult-9001-10000/items/lccc-9360.html","https://opensea.io/item/ethereum/0xbe85fbd182af91290be7293438ae67549638189f/9360","OK",""
"9361","9361","Light Cult Crypto Club #9361","RE-011171","9301-9400","D:\github\ron-english-light-cult-9001-10000\images\9301-9400\RE-011171.jpg","124701","images/9301-9400/RE-011171.jpg","RE-011171.jpg","D:\github\ron-english-light-cult-9001-10000\images\9301-9400\RE-011171.jpg","items/lccc-9361.html","https://ronenglish-archive.github.io/ron-english-light-cult-9001-10000/items/lccc-9361.html","https://opensea.io/item/ethereum/0xbe85fbd182af91290be7293438ae67549638189f/9361","OK",""
"9362","9362","Light Cult Crypto Club #9362","RE-011172","9301-9400","D:\github\ron-english-light-cult-9001-10000\images\9301-9400\RE-011172.jpg","130793","images/9301-9400/RE-011172.jpg","RE-011172.jpg","D:\github\ron-english-light-cult-9001-10000\images\9301-9400\RE-011172.jpg","items/lccc-9362.html","https://ronenglish-archive.github.io/ron-english-light-cult-9001-10000/items/lccc-9362.html","https://opensea.io/item/ethereum/0xbe85fbd182af91290be7293438ae67549638189f/9362","OK",""
"9363","9363","Light Cult Crypto Club #9363","RE-011173","9301-9400","D:\github\ron-english-light-cult-9001-10000\images\9301-9400\RE-011173.jpg","82409","images/9301-9400/RE-011173.jpg","RE-011173.jpg","D:\github\ron-english-light-cult-9001-10000\images\9301-9400\RE-011173.jpg","items/lccc-9363.html","https://ronenglish-archive.github.io/ron-english-light-cult-9001-10000/items/lccc-9363.html","https://opensea.io/item/ethereum/0xbe85fbd182af91290be7293438ae67549638189f/9363","OK",""
"9364","9364","Light Cult Crypto Club #9364","RE-011174","9301-9400","D:\github\ron-english-light-cult-9001-10000\images\9301-9400\RE-011174.jpg","67110","images/9301-9400/RE-011174.jpg","RE-011174.jpg","D:\github\ron-english-light-cult-9001-10000\images\9301-9400\RE-011174.jpg","items/lccc-9364.html","https://ronenglish-archive.github.io/ron-english-light-cult-9001-10000/items/lccc-9364.html","https://opensea.io/item/ethereum/0xbe85fbd182af91290be7293438ae67549638189f/9364","OK",""
"9365","9365","Light Cult Crypto Club #9365","RE-011175","9301-9400","D:\github\ron-english-light-cult-9001-10000\images\9301-9400\RE-011175.jpg","92216","images/9301-9400/RE-011175.jpg","RE-011175.jpg","D:\github\ron-english-light-cult-9001-10000\images\9301-9400\RE-011175.jpg","items/lccc-9365.html","https://ronenglish-archive.github.io/ron-english-light-cult-9001-10000/items/lccc-9365.html","https://opensea.io/item/ethereum/0xbe85fbd182af91290be7293438ae67549638189f/9365","OK",""
"9366","9366","Light Cult Crypto Club #9366","RE-011176","9301-9400","D:\github\ron-english-light-cult-9001-10000\images\9301-9400\RE-011176.jpg","123761","images/9301-9400/RE-011176.jpg","RE-011176.jpg","D:\github\ron-english-light-cult-9001-10000\images\9301-9400\RE-011176.jpg","items/lccc-9366.html","https://ronenglish-archive.github.io/ron-english-light-cult-9001-10000/items/lccc-9366.html","https://opensea.io/item/ethereum/0xbe85fbd182af91290be7293438ae67549638189f/9366","OK",""
"9367","9367","Light Cult Crypto Club #9367","RE-011177","9301-9400","D:\github\ron-english-light-cult-9001-10000\images\9301-9400\RE-011177.jpg","123817","images/9301-9400/RE-011177.jpg","RE-011177.jpg","D:\github\ron-english-light-cult-9001-10000\images\9301-9400\RE-011177.jpg","items/lccc-9367.html","https://ronenglish-archive.github.io/ron-english-light-cult-9001-10000/items/lccc-9367.html","https://opensea.io/item/ethereum/0xbe85fbd182af91290be7293438ae67549638189f/9367","OK",""
"9368","9368","Light Cult Crypto Club #9368","RE-011178","9301-9400","D:\github\ron-english-light-cult-9001-10000\images\9301-9400\RE-011178.jpg","70762","images/9301-9400/RE-011178.jpg","RE-011178.jpg","D:\github\ron-english-light-cult-9001-10000\images\9301-9400\RE-011178.jpg","items/lccc-9368.html","https://ronenglish-archive.github.io/ron-english-light-cult-9001-10000/items/lccc-9368.html","https://opensea.io/item/ethereum/0xbe85fbd182af91290be7293438ae67549638189f/9368","OK",""
"9369","9369","Light Cult Crypto Club #9369","RE-011179","9301-9400","D:\github\ron-english-light-cult-9001-10000\images\9301-9400\RE-011179.jpg","130480","images/9301-9400/RE-011179.jpg","RE-011179.jpg","D:\github\ron-english-light-cult-9001-10000\images\9301-9400\RE-011179.jpg","items/lccc-9369.html","https://ronenglish-archive.github.io/ron-english-light-cult-9001-10000/items/lccc-9369.html","https://opensea.io/item/ethereum/0xbe85fbd182af91290be7293438ae67549638189f/9369","OK",""
"9370","9370","Light Cult Crypto Club #9370","RE-011180","9301-9400","D:\github\ron-english-light-cult-9001-10000\images\9301-9400\RE-011180.jpg","54553","images/9301-9400/RE-011180.jpg","RE-011180.jpg","D:\github\ron-english-light-cult-9001-10000\images\9301-9400\RE-011180.jpg","items/lccc-9370.html","https://ronenglish-archive.github.io/ron-english-light-cult-9001-10000/items/lccc-9370.html","https://opensea.io/item/ethereum/0xbe85fbd182af91290be7293438ae67549638189f/9370","OK",""
"9371","9371","Light Cult Crypto Club #9371","RE-011181","9301-9400","D:\github\ron-english-light-cult-9001-10000\images\9301-9400\RE-011181.jpg","118158","images/9301-9400/RE-011181.jpg","RE-011181.jpg","D:\github\ron-english-light-cult-9001-10000\images\9301-9400\RE-011181.jpg","items/lccc-9371.html","https://ronenglish-archive.github.io/ron-english-light-cult-9001-10000/items/lccc-9371.html","https://opensea.io/item/ethereum/0xbe85fbd182af91290be7293438ae67549638189f/9371","OK",""
"9372","9372","Light Cult Crypto Club #9372","RE-011182","9301-9400","D:\github\ron-english-light-cult-9001-10000\images\9301-9400\RE-011182.jpg","57613","images/9301-9400/RE-011182.jpg","RE-011182.jpg","D:\github\ron-english-light-cult-9001-10000\images\9301-9400\RE-011182.jpg","items/lccc-9372.html","https://ronenglish-archive.github.io/ron-english-light-cult-9001-10000/items/lccc-9372.html","https://opensea.io/item/ethereum/0xbe85fbd182af91290be7293438ae67549638189f/9372","OK",""
"9373","9373","Light Cult Crypto Club #9373","RE-011183","9301-9400","D:\github\ron-english-light-cult-9001-10000\images\9301-9400\RE-011183.jpg","69938","images/9301-9400/RE-011183.jpg","RE-011183.jpg","D:\github\ron-english-light-cult-9001-10000\images\9301-9400\RE-011183.jpg","items/lccc-9373.html","https://ronenglish-archive.github.io/ron-english-light-cult-9001-10000/items/lccc-9373.html","https://opensea.io/item/ethereum/0xbe85fbd182af91290be7293438ae67549638189f/9373","OK",""
"9374","9374","Light Cult Crypto Club #9374","RE-011184","9301-9400","D:\github\ron-english-light-cult-9001-10000\images\9301-9400\RE-011184.jpg","120831","images/9301-9400/RE-011184.jpg","RE-011184.jpg","D:\github\ron-english-light-cult-9001-10000\images\9301-9400\RE-011184.jpg","items/lccc-9374.html","https://ronenglish-archive.github.io/ron-english-light-cult-9001-10000/items/lccc-9374.html","https://opensea.io/item/ethereum/0xbe85fbd182af91290be7293438ae67549638189f/9374","OK",""
"9375","9375","Light Cult Crypto Club #9375","RE-011185","9301-9400","D:\github\ron-english-light-cult-9001-10000\images\9301-9400\RE-011185.jpg","75962","images/9301-9400/RE-011185.jpg","RE-011185.jpg","D:\github\ron-english-light-cult-9001-10000\images\9301-9400\RE-011185.jpg","items/lccc-9375.html","https://ronenglish-archive.github.io/ron-english-light-cult-9001-10000/items/lccc-9375.html","https://opensea.io/item/ethereum/0xbe85fbd182af91290be7293438ae67549638189f/9375","OK",""
"9376","9376","Light Cult Crypto Club #9376","RE-011186","9301-9400","D:\github\ron-english-light-cult-9001-10000\images\9301-9400\RE-011186.jpg","123473","images/9301-9400/RE-011186.jpg","RE-011186.jpg","D:\github\ron-english-light-cult-9001-10000\images\9301-9400\RE-011186.jpg","items/lccc-9376.html","https://ronenglish-archive.github.io/ron-english-light-cult-9001-10000/items/lccc-9376.html","https://opensea.io/item/ethereum/0xbe85fbd182af91290be7293438ae67549638189f/9376","OK",""
"9377","9377","Light Cult Crypto Club #9377","RE-011187","9301-9400","D:\github\ron-english-light-cult-9001-10000\images\9301-9400\RE-011187.jpg","139397","images/9301-9400/RE-011187.jpg","RE-011187.jpg","D:\github\ron-english-light-cult-9001-10000\images\9301-9400\RE-011187.jpg","items/lccc-9377.html","https://ronenglish-archive.github.io/ron-english-light-cult-9001-10000/items/lccc-9377.html","https://opensea.io/item/ethereum/0xbe85fbd182af91290be7293438ae67549638189f/9377","OK",""
"9378","9378","Light Cult Crypto Club #9378","RE-011188","9301-9400","D:\github\ron-english-light-cult-9001-10000\images\9301-9400\RE-011188.jpg","140396","images/9301-9400/RE-011188.jpg","RE-011188.jpg","D:\github\ron-english-light-cult-9001-10000\images\9301-9400\RE-011188.jpg","items/lccc-9378.html","https://ronenglish-archive.github.io/ron-english-light-cult-9001-10000/items/lccc-9378.html","https://opensea.io/item/ethereum/0xbe85fbd182af91290be7293438ae67549638189f/9378","OK",""
"9379","9379","Light Cult Crypto Club #9379","RE-011189","9301-9400","D:\github\ron-english-light-cult-9001-10000\images\9301-9400\RE-011189.jpg","51531","images/9301-9400/RE-011189.jpg","RE-011189.jpg","D:\github\ron-english-light-cult-9001-10000\images\9301-9400\RE-011189.jpg","items/lccc-9379.html","https://ronenglish-archive.github.io/ron-english-light-cult-9001-10000/items/lccc-9379.html","https://opensea.io/item/ethereum/0xbe85fbd182af91290be7293438ae67549638189f/9379","OK",""
"9380","9380","Light Cult Crypto Club #9380","RE-011190","9301-9400","D:\github\ron-english-light-cult-9001-10000\images\9301-9400\RE-011190.jpg","154597","images/9301-9400/RE-011190.jpg","RE-011190.jpg","D:\github\ron-english-light-cult-9001-10000\images\9301-9400\RE-011190.jpg","items/lccc-9380.html","https://ronenglish-archive.github.io/ron-english-light-cult-9001-10000/items/lccc-9380.html","https://opensea.io/item/ethereum/0xbe85fbd182af91290be7293438ae67549638189f/9380","OK",""
"9381","9381","Light Cult Crypto Club #9381","RE-011191","9301-9400","D:\github\ron-english-light-cult-9001-10000\images\9301-9400\RE-011191.jpg","34159","images/9301-9400/RE-011191.jpg","RE-011191.jpg","D:\github\ron-english-light-cult-9001-10000\images\9301-9400\RE-011191.jpg","items/lccc-9381.html","https://ronenglish-archive.github.io/ron-english-light-cult-9001-10000/items/lccc-9381.html","https://opensea.io/item/ethereum/0xbe85fbd182af91290be7293438ae67549638189f/9381","OK",""
"9382","9382","Light Cult Crypto Club #9382","RE-011192","9301-9400","D:\github\ron-english-light-cult-9001-10000\images\9301-9400\RE-011192.jpg","125584","images/9301-9400/RE-011192.jpg","RE-011192.jpg","D:\github\ron-english-light-cult-9001-10000\images\9301-9400\RE-011192.jpg","items/lccc-9382.html","https://ronenglish-archive.github.io/ron-english-light-cult-9001-10000/items/lccc-9382.html","https://opensea.io/item/ethereum/0xbe85fbd182af91290be7293438ae67549638189f/9382","OK",""
"9383","9383","Light Cult Crypto Club #9383","RE-011193","9301-9400","D:\github\ron-english-light-cult-9001-10000\images\9301-9400\RE-011193.jpg","73393","images/9301-9400/RE-011193.jpg","RE-011193.jpg","D:\github\ron-english-light-cult-9001-10000\images\9301-9400\RE-011193.jpg","items/lccc-9383.html","https://ronenglish-archive.github.io/ron-english-light-cult-9001-10000/items/lccc-9383.html","https://opensea.io/item/ethereum/0xbe85fbd182af91290be7293438ae67549638189f/9383","OK",""
"9384","9384","Light Cult Crypto Club #9384","RE-011194","9301-9400","D:\github\ron-english-light-cult-9001-10000\images\9301-9400\RE-011194.jpg","76144","images/9301-9400/RE-011194.jpg","RE-011194.jpg","D:\github\ron-english-light-cult-9001-10000\images\9301-9400\RE-011194.jpg","items/lccc-9384.html","https://ronenglish-archive.github.io/ron-english-light-cult-9001-10000/items/lccc-9384.html","https://opensea.io/item/ethereum/0xbe85fbd182af91290be7293438ae67549638189f/9384","OK",""
"9385","9385","Light Cult Crypto Club #9385","RE-011195","9301-9400","D:\github\ron-english-light-cult-9001-10000\images\9301-9400\RE-011195.jpg","140877","images/9301-9400/RE-011195.jpg","RE-011195.jpg","D:\github\ron-english-light-cult-9001-10000\images\9301-9400\RE-011195.jpg","items/lccc-9385.html","https://ronenglish-archive.github.io/ron-english-light-cult-9001-10000/items/lccc-9385.html","https://opensea.io/item/ethereum/0xbe85fbd182af91290be7293438ae67549638189f/9385","OK",""
"9386","9386","Light Cult Crypto Club #9386","RE-011196","9301-9400","D:\github\ron-english-light-cult-9001-10000\images\9301-9400\RE-011196.jpg","178126","images/9301-9400/RE-011196.jpg","RE-011196.jpg","D:\github\ron-english-light-cult-9001-10000\images\9301-9400\RE-011196.jpg","items/lccc-9386.html","https://ronenglish-archive.github.io/ron-english-light-cult-9001-10000/items/lccc-9386.html","https://opensea.io/item/ethereum/0xbe85fbd182af91290be7293438ae67549638189f/9386","OK",""
"9387","9387","Light Cult Crypto Club #9387","RE-011197","9301-9400","D:\github\ron-english-light-cult-9001-10000\images\9301-9400\RE-011197.jpg","86944","images/9301-9400/RE-011197.jpg","RE-011197.jpg","D:\github\ron-english-light-cult-9001-10000\images\9301-9400\RE-011197.jpg","items/lccc-9387.html","https://ronenglish-archive.github.io/ron-english-light-cult-9001-10000/items/lccc-9387.html","https://opensea.io/item/ethereum/0xbe85fbd182af91290be7293438ae67549638189f/9387","OK",""
"9388","9388","Light Cult Crypto Club #9388","RE-011198","9301-9400","D:\github\ron-english-light-cult-9001-10000\images\9301-9400\RE-011198.jpg","96451","images/9301-9400/RE-011198.jpg","RE-011198.jpg","D:\github\ron-english-light-cult-9001-10000\images\9301-9400\RE-011198.jpg","items/lccc-9388.html","https://ronenglish-archive.github.io/ron-english-light-cult-9001-10000/items/lccc-9388.html","https://opensea.io/item/ethereum/0xbe85fbd182af91290be7293438ae67549638189f/9388","OK",""
"9389","9389","Light Cult Crypto Club #9389","RE-011199","9301-9400","D:\github\ron-english-light-cult-9001-10000\images\9301-9400\RE-011199.jpg","116037","images/9301-9400/RE-011199.jpg","RE-011199.jpg","D:\github\ron-english-light-cult-9001-10000\images\9301-9400\RE-011199.jpg","items/lccc-9389.html","https://ronenglish-archive.github.io/ron-english-light-cult-9001-10000/items/lccc-9389.html","https://opensea.io/item/ethereum/0xbe85fbd182af91290be7293438ae67549638189f/9389","OK",""
"9390","9390","Light Cult Crypto Club #9390","RE-011200","9301-9400","D:\github\ron-english-light-cult-9001-10000\images\9301-9400\RE-011200.jpg","91013","images/9301-9400/RE-011200.jpg","RE-011200.jpg","D:\github\ron-english-light-cult-9001-10000\images\9301-9400\RE-011200.jpg","items/lccc-9390.html","https://ronenglish-archive.github.io/ron-english-light-cult-9001-10000/items/lccc-9390.html","https://opensea.io/item/ethereum/0xbe85fbd182af91290be7293438ae67549638189f/9390","OK",""
"9391","9391","Light Cult Crypto Club #9391","RE-011201","9301-9400","D:\github\ron-english-light-cult-9001-10000\images\9301-9400\RE-011201.jpg","45152","images/9301-9400/RE-011201.jpg","RE-011201.jpg","D:\github\ron-english-light-cult-9001-10000\images\9301-9400\RE-011201.jpg","items/lccc-9391.html","https://ronenglish-archive.github.io/ron-english-light-cult-9001-10000/items/lccc-9391.html","https://opensea.io/item/ethereum/0xbe85fbd182af91290be7293438ae67549638189f/9391","OK",""
"9392","9392","Light Cult Crypto Club #9392","RE-011202","9301-9400","D:\github\ron-english-light-cult-9001-10000\images\9301-9400\RE-011202.jpg","122034","images/9301-9400/RE-011202.jpg","RE-011202.jpg","D:\github\ron-english-light-cult-9001-10000\images\9301-9400\RE-011202.jpg","items/lccc-9392.html","https://ronenglish-archive.github.io/ron-english-light-cult-9001-10000/items/lccc-9392.html","https://opensea.io/item/ethereum/0xbe85fbd182af91290be7293438ae67549638189f/9392","OK",""
"9393","9393","Light Cult Crypto Club #9393","RE-011203","9301-9400","D:\github\ron-english-light-cult-9001-10000\images\9301-9400\RE-011203.jpg","109883","images/9301-9400/RE-011203.jpg","RE-011203.jpg","D:\github\ron-english-light-cult-9001-10000\images\9301-9400\RE-011203.jpg","items/lccc-9393.html","https://ronenglish-archive.github.io/ron-english-light-cult-9001-10000/items/lccc-9393.html","https://opensea.io/item/ethereum/0xbe85fbd182af91290be7293438ae67549638189f/9393","OK",""
"9394","9394","Light Cult Crypto Club #9394","RE-011204","9301-9400","D:\github\ron-english-light-cult-9001-10000\images\9301-9400\RE-011204.jpg","131900","images/9301-9400/RE-011204.jpg","RE-011204.jpg","D:\github\ron-english-light-cult-9001-10000\images\9301-9400\RE-011204.jpg","items/lccc-9394.html","https://ronenglish-archive.github.io/ron-english-light-cult-9001-10000/items/lccc-9394.html","https://opensea.io/item/ethereum/0xbe85fbd182af91290be7293438ae67549638189f/9394","OK",""
"9395","9395","Light Cult Crypto Club #9395","RE-011205","9301-9400","D:\github\ron-english-light-cult-9001-10000\images\9301-9400\RE-011205.jpg","145262","images/9301-9400/RE-011205.jpg","RE-011205.jpg","D:\github\ron-english-light-cult-9001-10000\images\9301-9400\RE-011205.jpg","items/lccc-9395.html","https://ronenglish-archive.github.io/ron-english-light-cult-9001-10000/items/lccc-9395.html","https://opensea.io/item/ethereum/0xbe85fbd182af91290be7293438ae67549638189f/9395","OK",""
"9396","9396","Light Cult Crypto Club #9396","RE-011206","9301-9400","D:\github\ron-english-light-cult-9001-10000\images\9301-9400\RE-011206.jpg","47139","images/9301-9400/RE-011206.jpg","RE-011206.jpg","D:\github\ron-english-light-cult-9001-10000\images\9301-9400\RE-011206.jpg","items/lccc-9396.html","https://ronenglish-archive.github.io/ron-english-light-cult-9001-10000/items/lccc-9396.html","https://opensea.io/item/ethereum/0xbe85fbd182af91290be7293438ae67549638189f/9396","OK",""
"9397","9397","Light Cult Crypto Club #9397","RE-011207","9301-9400","D:\github\ron-english-light-cult-9001-10000\images\9301-9400\RE-011207.jpg","62434","images/9301-9400/RE-011207.jpg","RE-011207.jpg","D:\github\ron-english-light-cult-9001-10000\images\9301-9400\RE-011207.jpg","items/lccc-9397.html","https://ronenglish-archive.github.io/ron-english-light-cult-9001-10000/items/lccc-9397.html","https://opensea.io/item/ethereum/0xbe85fbd182af91290be7293438ae67549638189f/9397","OK",""
"9398","9398","Light Cult Crypto Club #9398","RE-011208","9301-9400","D:\github\ron-english-light-cult-9001-10000\images\9301-9400\RE-011208.jpg","48476","images/9301-9400/RE-011208.jpg","RE-011208.jpg","D:\github\ron-english-light-cult-9001-10000\images\9301-9400\RE-011208.jpg","items/lccc-9398.html","https://ronenglish-archive.github.io/ron-english-light-cult-9001-10000/items/lccc-9398.html","https://opensea.io/item/ethereum/0xbe85fbd182af91290be7293438ae67549638189f/9398","OK",""
"9399","9399","Light Cult Crypto Club #9399","RE-011209","9301-9400","D:\github\ron-english-light-cult-9001-10000\images\9301-9400\RE-011209.jpg","50738","images/9301-9400/RE-011209.jpg","RE-011209.jpg","D:\github\ron-english-light-cult-9001-10000\images\9301-9400\RE-011209.jpg","items/lccc-9399.html","https://ronenglish-archive.github.io/ron-english-light-cult-9001-10000/items/lccc-9399.html","https://opensea.io/item/ethereum/0xbe85fbd182af91290be7293438ae67549638189f/9399","OK",""
"9400","9400","Light Cult Crypto Club #9400","RE-011210","9301-9400","D:\github\ron-english-light-cult-9001-10000\images\9301-9400\RE-011210.jpg","113729","images/9301-9400/RE-011210.jpg","RE-011210.jpg","D:\github\ron-english-light-cult-9001-10000\images\9301-9400\RE-011210.jpg","items/lccc-9400.html","https://ronenglish-archive.github.io/ron-english-light-cult-9001-10000/items/lccc-9400.html","https://opensea.io/item/ethereum/0xbe85fbd182af91290be7293438ae67549638189f/9400","OK",""
"9401","9401","Light Cult Crypto Club #9401","RE-011211","9401-9500","D:\github\ron-english-light-cult-9001-10000\images\9401-9500\RE-011211.jpg","111066","images/9401-9500/RE-011211.jpg","RE-011211.jpg","D:\github\ron-english-light-cult-9001-10000\images\9401-9500\RE-011211.jpg","items/lccc-9401.html","https://ronenglish-archive.github.io/ron-english-light-cult-9001-10000/items/lccc-9401.html","https://opensea.io/item/ethereum/0xbe85fbd182af91290be7293438ae67549638189f/9401","OK",""
"9402","9402","Light Cult Crypto Club #9402","RE-011212","9401-9500","D:\github\ron-english-light-cult-9001-10000\images\9401-9500\RE-011212.jpg","109269","images/9401-9500/RE-011212.jpg","RE-011212.jpg","D:\github\ron-english-light-cult-9001-10000\images\9401-9500\RE-011212.jpg","items/lccc-9402.html","https://ronenglish-archive.github.io/ron-english-light-cult-9001-10000/items/lccc-9402.html","https://opensea.io/item/ethereum/0xbe85fbd182af91290be7293438ae67549638189f/9402","OK",""
"9403","9403","Light Cult Crypto Club #9403","RE-011213","9401-9500","D:\github\ron-english-light-cult-9001-10000\images\9401-9500\RE-011213.jpg","105394","images/9401-9500/RE-011213.jpg","RE-011213.jpg","D:\github\ron-english-light-cult-9001-10000\images\9401-9500\RE-011213.jpg","items/lccc-9403.html","https://ronenglish-archive.github.io/ron-english-light-cult-9001-10000/items/lccc-9403.html","https://opensea.io/item/ethereum/0xbe85fbd182af91290be7293438ae67549638189f/9403","OK",""
"9404","9404","Light Cult Crypto Club #9404","RE-011214","9401-9500","D:\github\ron-english-light-cult-9001-10000\images\9401-9500\RE-011214.jpg","130860","images/9401-9500/RE-011214.jpg","RE-011214.jpg","D:\github\ron-english-light-cult-9001-10000\images\9401-9500\RE-011214.jpg","items/lccc-9404.html","https://ronenglish-archive.github.io/ron-english-light-cult-9001-10000/items/lccc-9404.html","https://opensea.io/item/ethereum/0xbe85fbd182af91290be7293438ae67549638189f/9404","OK",""
"9405","9405","Light Cult Crypto Club #9405","RE-011215","9401-9500","D:\github\ron-english-light-cult-9001-10000\images\9401-9500\RE-011215.jpg","125817","images/9401-9500/RE-011215.jpg","RE-011215.jpg","D:\github\ron-english-light-cult-9001-10000\images\9401-9500\RE-011215.jpg","items/lccc-9405.html","https://ronenglish-archive.github.io/ron-english-light-cult-9001-10000/items/lccc-9405.html","https://opensea.io/item/ethereum/0xbe85fbd182af91290be7293438ae67549638189f/9405","OK",""
"9406","9406","Light Cult Crypto Club #9406","RE-011216","9401-9500","D:\github\ron-english-light-cult-9001-10000\images\9401-9500\RE-011216.jpg","69772","images/9401-9500/RE-011216.jpg","RE-011216.jpg","D:\github\ron-english-light-cult-9001-10000\images\9401-9500\RE-011216.jpg","items/lccc-9406.html","https://ronenglish-archive.github.io/ron-english-light-cult-9001-10000/items/lccc-9406.html","https://opensea.io/item/ethereum/0xbe85fbd182af91290be7293438ae67549638189f/9406","OK",""
"9407","9407","Light Cult Crypto Club #9407","RE-011217","9401-9500","D:\github\ron-english-light-cult-9001-10000\images\9401-9500\RE-011217.jpg","62798","images/9401-9500/RE-011217.jpg","RE-011217.jpg","D:\github\ron-english-light-cult-9001-10000\images\9401-9500\RE-011217.jpg","items/lccc-9407.html","https://ronenglish-archive.github.io/ron-english-light-cult-9001-10000/items/lccc-9407.html","https://opensea.io/item/ethereum/0xbe85fbd182af91290be7293438ae67549638189f/9407","OK",""
"9408","9408","Light Cult Crypto Club #9408","RE-011218","9401-9500","D:\github\ron-english-light-cult-9001-10000\images\9401-9500\RE-011218.jpg","83850","images/9401-9500/RE-011218.jpg","RE-011218.jpg","D:\github\ron-english-light-cult-9001-10000\images\9401-9500\RE-011218.jpg","items/lccc-9408.html","https://ronenglish-archive.github.io/ron-english-light-cult-9001-10000/items/lccc-9408.html","https://opensea.io/item/ethereum/0xbe85fbd182af91290be7293438ae67549638189f/9408","OK",""
"9409","9409","Light Cult Crypto Club #9409","RE-011219","9401-9500","D:\github\ron-english-light-cult-9001-10000\images\9401-9500\RE-011219.jpg","105846","images/9401-9500/RE-011219.jpg","RE-011219.jpg","D:\github\ron-english-light-cult-9001-10000\images\9401-9500\RE-011219.jpg","items/lccc-9409.html","https://ronenglish-archive.github.io/ron-english-light-cult-9001-10000/items/lccc-9409.html","https://opensea.io/item/ethereum/0xbe85fbd182af91290be7293438ae67549638189f/9409","OK",""
"9410","9410","Light Cult Crypto Club #9410","RE-011220","9401-9500","D:\github\ron-english-light-cult-9001-10000\images\9401-9500\RE-011220.jpg","131499","images/9401-9500/RE-011220.jpg","RE-011220.jpg","D:\github\ron-english-light-cult-9001-10000\images\9401-9500\RE-011220.jpg","items/lccc-9410.html","https://ronenglish-archive.github.io/ron-english-light-cult-9001-10000/items/lccc-9410.html","https://opensea.io/item/ethereum/0xbe85fbd182af91290be7293438ae67549638189f/9410","OK",""
"9411","9411","Light Cult Crypto Club #9411","RE-011221","9401-9500","D:\github\ron-english-light-cult-9001-10000\images\9401-9500\RE-011221.jpg","57404","images/9401-9500/RE-011221.jpg","RE-011221.jpg","D:\github\ron-english-light-cult-9001-10000\images\9401-9500\RE-011221.jpg","items/lccc-9411.html","https://ronenglish-archive.github.io/ron-english-light-cult-9001-10000/items/lccc-9411.html","https://opensea.io/item/ethereum/0xbe85fbd182af91290be7293438ae67549638189f/9411","OK",""
"9412","9412","Light Cult Crypto Club #9412","RE-011222","9401-9500","D:\github\ron-english-light-cult-9001-10000\images\9401-9500\RE-011222.jpg","93016","images/9401-9500/RE-011222.jpg","RE-011222.jpg","D:\github\ron-english-light-cult-9001-10000\images\9401-9500\RE-011222.jpg","items/lccc-9412.html","https://ronenglish-archive.github.io/ron-english-light-cult-9001-10000/items/lccc-9412.html","https://opensea.io/item/ethereum/0xbe85fbd182af91290be7293438ae67549638189f/9412","OK",""
"9413","9413","Light Cult Crypto Club #9413","RE-011223","9401-9500","D:\github\ron-english-light-cult-9001-10000\images\9401-9500\RE-011223.jpg","67478","images/9401-9500/RE-011223.jpg","RE-011223.jpg","D:\github\ron-english-light-cult-9001-10000\images\9401-9500\RE-011223.jpg","items/lccc-9413.html","https://ronenglish-archive.github.io/ron-english-light-cult-9001-10000/items/lccc-9413.html","https://opensea.io/item/ethereum/0xbe85fbd182af91290be7293438ae67549638189f/9413","OK",""
"9414","9414","Light Cult Crypto Club #9414","RE-011224","9401-9500","D:\github\ron-english-light-cult-9001-10000\images\9401-9500\RE-011224.jpg","151694","images/9401-9500/RE-011224.jpg","RE-011224.jpg","D:\github\ron-english-light-cult-9001-10000\images\9401-9500\RE-011224.jpg","items/lccc-9414.html","https://ronenglish-archive.github.io/ron-english-light-cult-9001-10000/items/lccc-9414.html","https://opensea.io/item/ethereum/0xbe85fbd182af91290be7293438ae67549638189f/9414","OK",""
"9415","9415","Light Cult Crypto Club #9415","RE-011225","9401-9500","D:\github\ron-english-light-cult-9001-10000\images\9401-9500\RE-011225.jpg","139657","images/9401-9500/RE-011225.jpg","RE-011225.jpg","D:\github\ron-english-light-cult-9001-10000\images\9401-9500\RE-011225.jpg","items/lccc-9415.html","https://ronenglish-archive.github.io/ron-english-light-cult-9001-10000/items/lccc-9415.html","https://opensea.io/item/ethereum/0xbe85fbd182af91290be7293438ae67549638189f/9415","OK",""
"9416","9416","Light Cult Crypto Club #9416","RE-011226","9401-9500","D:\github\ron-english-light-cult-9001-10000\images\9401-9500\RE-011226.jpg","64585","images/9401-9500/RE-011226.jpg","RE-011226.jpg","D:\github\ron-english-light-cult-9001-10000\images\9401-9500\RE-011226.jpg","items/lccc-9416.html","https://ronenglish-archive.github.io/ron-english-light-cult-9001-10000/items/lccc-9416.html","https://opensea.io/item/ethereum/0xbe85fbd182af91290be7293438ae67549638189f/9416","OK",""
"9417","9417","Light Cult Crypto Club #9417","RE-011227","9401-9500","D:\github\ron-english-light-cult-9001-10000\images\9401-9500\RE-011227.jpg","65753","images/9401-9500/RE-011227.jpg","RE-011227.jpg","D:\github\ron-english-light-cult-9001-10000\images\9401-9500\RE-011227.jpg","items/lccc-9417.html","https://ronenglish-archive.github.io/ron-english-light-cult-9001-10000/items/lccc-9417.html","https://opensea.io/item/ethereum/0xbe85fbd182af91290be7293438ae67549638189f/9417","OK",""
"9418","9418","Light Cult Crypto Club #9418","RE-011228","9401-9500","D:\github\ron-english-light-cult-9001-10000\images\9401-9500\RE-011228.jpg","51621","images/9401-9500/RE-011228.jpg","RE-011228.jpg","D:\github\ron-english-light-cult-9001-10000\images\9401-9500\RE-011228.jpg","items/lccc-9418.html","https://ronenglish-archive.github.io/ron-english-light-cult-9001-10000/items/lccc-9418.html","https://opensea.io/item/ethereum/0xbe85fbd182af91290be7293438ae67549638189f/9418","OK",""
"9419","9419","Light Cult Crypto Club #9419","RE-011229","9401-9500","D:\github\ron-english-light-cult-9001-10000\images\9401-9500\RE-011229.jpg","54620","images/9401-9500/RE-011229.jpg","RE-011229.jpg","D:\github\ron-english-light-cult-9001-10000\images\9401-9500\RE-011229.jpg","items/lccc-9419.html","https://ronenglish-archive.github.io/ron-english-light-cult-9001-10000/items/lccc-9419.html","https://opensea.io/item/ethereum/0xbe85fbd182af91290be7293438ae67549638189f/9419","OK",""
"9420","9420","Light Cult Crypto Club #9420","RE-011230","9401-9500","D:\github\ron-english-light-cult-9001-10000\images\9401-9500\RE-011230.jpg","137614","images/9401-9500/RE-011230.jpg","RE-011230.jpg","D:\github\ron-english-light-cult-9001-10000\images\9401-9500\RE-011230.jpg","items/lccc-9420.html","https://ronenglish-archive.github.io/ron-english-light-cult-9001-10000/items/lccc-9420.html","https://opensea.io/item/ethereum/0xbe85fbd182af91290be7293438ae67549638189f/9420","OK",""
"9421","9421","Light Cult Crypto Club #9421","RE-011231","9401-9500","D:\github\ron-english-light-cult-9001-10000\images\9401-9500\RE-011231.jpg","89669","images/9401-9500/RE-011231.jpg","RE-011231.jpg","D:\github\ron-english-light-cult-9001-10000\images\9401-9500\RE-011231.jpg","items/lccc-9421.html","https://ronenglish-archive.github.io/ron-english-light-cult-9001-10000/items/lccc-9421.html","https://opensea.io/item/ethereum/0xbe85fbd182af91290be7293438ae67549638189f/9421","OK",""
"9422","9422","Light Cult Crypto Club #9422","RE-011232","9401-9500","D:\github\ron-english-light-cult-9001-10000\images\9401-9500\RE-011232.jpg","82484","images/9401-9500/RE-011232.jpg","RE-011232.jpg","D:\github\ron-english-light-cult-9001-10000\images\9401-9500\RE-011232.jpg","items/lccc-9422.html","https://ronenglish-archive.github.io/ron-english-light-cult-9001-10000/items/lccc-9422.html","https://opensea.io/item/ethereum/0xbe85fbd182af91290be7293438ae67549638189f/9422","OK",""
"9423","9423","Light Cult Crypto Club #9423","RE-011233","9401-9500","D:\github\ron-english-light-cult-9001-10000\images\9401-9500\RE-011233.jpg","53763","images/9401-9500/RE-011233.jpg","RE-011233.jpg","D:\github\ron-english-light-cult-9001-10000\images\9401-9500\RE-011233.jpg","items/lccc-9423.html","https://ronenglish-archive.github.io/ron-english-light-cult-9001-10000/items/lccc-9423.html","https://opensea.io/item/ethereum/0xbe85fbd182af91290be7293438ae67549638189f/9423","OK",""
"9424","9424","Light Cult Crypto Club #9424","RE-011234","9401-9500","D:\github\ron-english-light-cult-9001-10000\images\9401-9500\RE-011234.jpg","192016","images/9401-9500/RE-011234.jpg","RE-011234.jpg","D:\github\ron-english-light-cult-9001-10000\images\9401-9500\RE-011234.jpg","items/lccc-9424.html","https://ronenglish-archive.github.io/ron-english-light-cult-9001-10000/items/lccc-9424.html","https://opensea.io/item/ethereum/0xbe85fbd182af91290be7293438ae67549638189f/9424","OK",""
"9425","9425","Light Cult Crypto Club #9425","RE-011235","9401-9500","D:\github\ron-english-light-cult-9001-10000\images\9401-9500\RE-011235.jpg","62262","images/9401-9500/RE-011235.jpg","RE-011235.jpg","D:\github\ron-english-light-cult-9001-10000\images\9401-9500\RE-011235.jpg","items/lccc-9425.html","https://ronenglish-archive.github.io/ron-english-light-cult-9001-10000/items/lccc-9425.html","https://opensea.io/item/ethereum/0xbe85fbd182af91290be7293438ae67549638189f/9425","OK",""
"9426","9426","Light Cult Crypto Club #9426","RE-011236","9401-9500","D:\github\ron-english-light-cult-9001-10000\images\9401-9500\RE-011236.jpg","119551","images/9401-9500/RE-011236.jpg","RE-011236.jpg","D:\github\ron-english-light-cult-9001-10000\images\9401-9500\RE-011236.jpg","items/lccc-9426.html","https://ronenglish-archive.github.io/ron-english-light-cult-9001-10000/items/lccc-9426.html","https://opensea.io/item/ethereum/0xbe85fbd182af91290be7293438ae67549638189f/9426","OK",""
"9427","9427","Light Cult Crypto Club #9427","RE-011237","9401-9500","D:\github\ron-english-light-cult-9001-10000\images\9401-9500\RE-011237.jpg","84041","images/9401-9500/RE-011237.jpg","RE-011237.jpg","D:\github\ron-english-light-cult-9001-10000\images\9401-9500\RE-011237.jpg","items/lccc-9427.html","https://ronenglish-archive.github.io/ron-english-light-cult-9001-10000/items/lccc-9427.html","https://opensea.io/item/ethereum/0xbe85fbd182af91290be7293438ae67549638189f/9427","OK",""
"9428","9428","Light Cult Crypto Club #9428","RE-011238","9401-9500","D:\github\ron-english-light-cult-9001-10000\images\9401-9500\RE-011238.jpg","144142","images/9401-9500/RE-011238.jpg","RE-011238.jpg","D:\github\ron-english-light-cult-9001-10000\images\9401-9500\RE-011238.jpg","items/lccc-9428.html","https://ronenglish-archive.github.io/ron-english-light-cult-9001-10000/items/lccc-9428.html","https://opensea.io/item/ethereum/0xbe85fbd182af91290be7293438ae67549638189f/9428","OK",""
"9429","9429","Light Cult Crypto Club #9429","RE-011239","9401-9500","D:\github\ron-english-light-cult-9001-10000\images\9401-9500\RE-011239.jpg","65877","images/9401-9500/RE-011239.jpg","RE-011239.jpg","D:\github\ron-english-light-cult-9001-10000\images\9401-9500\RE-011239.jpg","items/lccc-9429.html","https://ronenglish-archive.github.io/ron-english-light-cult-9001-10000/items/lccc-9429.html","https://opensea.io/item/ethereum/0xbe85fbd182af91290be7293438ae67549638189f/9429","OK",""
"9430","9430","Light Cult Crypto Club #9430","RE-011240","9401-9500","D:\github\ron-english-light-cult-9001-10000\images\9401-9500\RE-011240.jpg","60891","images/9401-9500/RE-011240.jpg","RE-011240.jpg","D:\github\ron-english-light-cult-9001-10000\images\9401-9500\RE-011240.jpg","items/lccc-9430.html","https://ronenglish-archive.github.io/ron-english-light-cult-9001-10000/items/lccc-9430.html","https://opensea.io/item/ethereum/0xbe85fbd182af91290be7293438ae67549638189f/9430","OK",""
"9431","9431","Light Cult Crypto Club #9431","RE-011241","9401-9500","D:\github\ron-english-light-cult-9001-10000\images\9401-9500\RE-011241.jpg","52328","images/9401-9500/RE-011241.jpg","RE-011241.jpg","D:\github\ron-english-light-cult-9001-10000\images\9401-9500\RE-011241.jpg","items/lccc-9431.html","https://ronenglish-archive.github.io/ron-english-light-cult-9001-10000/items/lccc-9431.html","https://opensea.io/item/ethereum/0xbe85fbd182af91290be7293438ae67549638189f/9431","OK",""
"9432","9432","Light Cult Crypto Club #9432","RE-011242","9401-9500","D:\github\ron-english-light-cult-9001-10000\images\9401-9500\RE-011242.jpg","39136","images/9401-9500/RE-011242.jpg","RE-011242.jpg","D:\github\ron-english-light-cult-9001-10000\images\9401-9500\RE-011242.jpg","items/lccc-9432.html","https://ronenglish-archive.github.io/ron-english-light-cult-9001-10000/items/lccc-9432.html","https://opensea.io/item/ethereum/0xbe85fbd182af91290be7293438ae67549638189f/9432","OK",""
"9433","9433","Light Cult Crypto Club #9433","RE-011243","9401-9500","D:\github\ron-english-light-cult-9001-10000\images\9401-9500\RE-011243.jpg","172042","images/9401-9500/RE-011243.jpg","RE-011243.jpg","D:\github\ron-english-light-cult-9001-10000\images\9401-9500\RE-011243.jpg","items/lccc-9433.html","https://ronenglish-archive.github.io/ron-english-light-cult-9001-10000/items/lccc-9433.html","https://opensea.io/item/ethereum/0xbe85fbd182af91290be7293438ae67549638189f/9433","OK",""
"9434","9434","Light Cult Crypto Club #9434","RE-011244","9401-9500","D:\github\ron-english-light-cult-9001-10000\images\9401-9500\RE-011244.jpg","57694","images/9401-9500/RE-011244.jpg","RE-011244.jpg","D:\github\ron-english-light-cult-9001-10000\images\9401-9500\RE-011244.jpg","items/lccc-9434.html","https://ronenglish-archive.github.io/ron-english-light-cult-9001-10000/items/lccc-9434.html","https://opensea.io/item/ethereum/0xbe85fbd182af91290be7293438ae67549638189f/9434","OK",""
"9435","9435","Light Cult Crypto Club #9435","RE-011245","9401-9500","D:\github\ron-english-light-cult-9001-10000\images\9401-9500\RE-011245.jpg","116598","images/9401-9500/RE-011245.jpg","RE-011245.jpg","D:\github\ron-english-light-cult-9001-10000\images\9401-9500\RE-011245.jpg","items/lccc-9435.html","https://ronenglish-archive.github.io/ron-english-light-cult-9001-10000/items/lccc-9435.html","https://opensea.io/item/ethereum/0xbe85fbd182af91290be7293438ae67549638189f/9435","OK",""
"9436","9436","Light Cult Crypto Club #9436","RE-011246","9401-9500","D:\github\ron-english-light-cult-9001-10000\images\9401-9500\RE-011246.jpg","131831","images/9401-9500/RE-011246.jpg","RE-011246.jpg","D:\github\ron-english-light-cult-9001-10000\images\9401-9500\RE-011246.jpg","items/lccc-9436.html","https://ronenglish-archive.github.io/ron-english-light-cult-9001-10000/items/lccc-9436.html","https://opensea.io/item/ethereum/0xbe85fbd182af91290be7293438ae67549638189f/9436","OK",""
"9437","9437","Light Cult Crypto Club #9437","RE-011247","9401-9500","D:\github\ron-english-light-cult-9001-10000\images\9401-9500\RE-011247.jpg","126308","images/9401-9500/RE-011247.jpg","RE-011247.jpg","D:\github\ron-english-light-cult-9001-10000\images\9401-9500\RE-011247.jpg","items/lccc-9437.html","https://ronenglish-archive.github.io/ron-english-light-cult-9001-10000/items/lccc-9437.html","https://opensea.io/item/ethereum/0xbe85fbd182af91290be7293438ae67549638189f/9437","OK",""
"9438","9438","Light Cult Crypto Club #9438","RE-011248","9401-9500","D:\github\ron-english-light-cult-9001-10000\images\9401-9500\RE-011248.jpg","146898","images/9401-9500/RE-011248.jpg","RE-011248.jpg","D:\github\ron-english-light-cult-9001-10000\images\9401-9500\RE-011248.jpg","items/lccc-9438.html","https://ronenglish-archive.github.io/ron-english-light-cult-9001-10000/items/lccc-9438.html","https://opensea.io/item/ethereum/0xbe85fbd182af91290be7293438ae67549638189f/9438","OK",""
"9439","9439","Light Cult Crypto Club #9439","RE-011249","9401-9500","D:\github\ron-english-light-cult-9001-10000\images\9401-9500\RE-011249.jpg","91211","images/9401-9500/RE-011249.jpg","RE-011249.jpg","D:\github\ron-english-light-cult-9001-10000\images\9401-9500\RE-011249.jpg","items/lccc-9439.html","https://ronenglish-archive.github.io/ron-english-light-cult-9001-10000/items/lccc-9439.html","https://opensea.io/item/ethereum/0xbe85fbd182af91290be7293438ae67549638189f/9439","OK",""
"9440","9440","Light Cult Crypto Club #9440","RE-011250","9401-9500","D:\github\ron-english-light-cult-9001-10000\images\9401-9500\RE-011250.jpg","151756","images/9401-9500/RE-011250.jpg","RE-011250.jpg","D:\github\ron-english-light-cult-9001-10000\images\9401-9500\RE-011250.jpg","items/lccc-9440.html","https://ronenglish-archive.github.io/ron-english-light-cult-9001-10000/items/lccc-9440.html","https://opensea.io/item/ethereum/0xbe85fbd182af91290be7293438ae67549638189f/9440","OK",""
"9441","9441","Light Cult Crypto Club #9441","RE-011251","9401-9500","D:\github\ron-english-light-cult-9001-10000\images\9401-9500\RE-011251.jpg","55939","images/9401-9500/RE-011251.jpg","RE-011251.jpg","D:\github\ron-english-light-cult-9001-10000\images\9401-9500\RE-011251.jpg","items/lccc-9441.html","https://ronenglish-archive.github.io/ron-english-light-cult-9001-10000/items/lccc-9441.html","https://opensea.io/item/ethereum/0xbe85fbd182af91290be7293438ae67549638189f/9441","OK",""
"9442","9442","Light Cult Crypto Club #9442","RE-011252","9401-9500","D:\github\ron-english-light-cult-9001-10000\images\9401-9500\RE-011252.jpg","105498","images/9401-9500/RE-011252.jpg","RE-011252.jpg","D:\github\ron-english-light-cult-9001-10000\images\9401-9500\RE-011252.jpg","items/lccc-9442.html","https://ronenglish-archive.github.io/ron-english-light-cult-9001-10000/items/lccc-9442.html","https://opensea.io/item/ethereum/0xbe85fbd182af91290be7293438ae67549638189f/9442","OK",""
"9443","9443","Light Cult Crypto Club #9443","RE-011253","9401-9500","D:\github\ron-english-light-cult-9001-10000\images\9401-9500\RE-011253.jpg","147768","images/9401-9500/RE-011253.jpg","RE-011253.jpg","D:\github\ron-english-light-cult-9001-10000\images\9401-9500\RE-011253.jpg","items/lccc-9443.html","https://ronenglish-archive.github.io/ron-english-light-cult-9001-10000/items/lccc-9443.html","https://opensea.io/item/ethereum/0xbe85fbd182af91290be7293438ae67549638189f/9443","OK",""
"9444","9444","Light Cult Crypto Club #9444","RE-011254","9401-9500","D:\github\ron-english-light-cult-9001-10000\images\9401-9500\RE-011254.jpg","105615","images/9401-9500/RE-011254.jpg","RE-011254.jpg","D:\github\ron-english-light-cult-9001-10000\images\9401-9500\RE-011254.jpg","items/lccc-9444.html","https://ronenglish-archive.github.io/ron-english-light-cult-9001-10000/items/lccc-9444.html","https://opensea.io/item/ethereum/0xbe85fbd182af91290be7293438ae67549638189f/9444","OK",""
"9445","9445","Light Cult Crypto Club #9445","RE-011255","9401-9500","D:\github\ron-english-light-cult-9001-10000\images\9401-9500\RE-011255.jpg","71399","images/9401-9500/RE-011255.jpg","RE-011255.jpg","D:\github\ron-english-light-cult-9001-10000\images\9401-9500\RE-011255.jpg","items/lccc-9445.html","https://ronenglish-archive.github.io/ron-english-light-cult-9001-10000/items/lccc-9445.html","https://opensea.io/item/ethereum/0xbe85fbd182af91290be7293438ae67549638189f/9445","OK",""
"9446","9446","Light Cult Crypto Club #9446","RE-011256","9401-9500","D:\github\ron-english-light-cult-9001-10000\images\9401-9500\RE-011256.jpg","69206","images/9401-9500/RE-011256.jpg","RE-011256.jpg","D:\github\ron-english-light-cult-9001-10000\images\9401-9500\RE-011256.jpg","items/lccc-9446.html","https://ronenglish-archive.github.io/ron-english-light-cult-9001-10000/items/lccc-9446.html","https://opensea.io/item/ethereum/0xbe85fbd182af91290be7293438ae67549638189f/9446","OK",""
"9447","9447","Light Cult Crypto Club #9447","RE-011257","9401-9500","D:\github\ron-english-light-cult-9001-10000\images\9401-9500\RE-011257.jpg","49206","images/9401-9500/RE-011257.jpg","RE-011257.jpg","D:\github\ron-english-light-cult-9001-10000\images\9401-9500\RE-011257.jpg","items/lccc-9447.html","https://ronenglish-archive.github.io/ron-english-light-cult-9001-10000/items/lccc-9447.html","https://opensea.io/item/ethereum/0xbe85fbd182af91290be7293438ae67549638189f/9447","OK",""
"9448","9448","Light Cult Crypto Club #9448","RE-011258","9401-9500","D:\github\ron-english-light-cult-9001-10000\images\9401-9500\RE-011258.jpg","153442","images/9401-9500/RE-011258.jpg","RE-011258.jpg","D:\github\ron-english-light-cult-9001-10000\images\9401-9500\RE-011258.jpg","items/lccc-9448.html","https://ronenglish-archive.github.io/ron-english-light-cult-9001-10000/items/lccc-9448.html","https://opensea.io/item/ethereum/0xbe85fbd182af91290be7293438ae67549638189f/9448","OK",""
"9449","9449","Light Cult Crypto Club #9449","RE-011259","9401-9500","D:\github\ron-english-light-cult-9001-10000\images\9401-9500\RE-011259.jpg","29180","images/9401-9500/RE-011259.jpg","RE-011259.jpg","D:\github\ron-english-light-cult-9001-10000\images\9401-9500\RE-011259.jpg","items/lccc-9449.html","https://ronenglish-archive.github.io/ron-english-light-cult-9001-10000/items/lccc-9449.html","https://opensea.io/item/ethereum/0xbe85fbd182af91290be7293438ae67549638189f/9449","OK",""
"9450","9450","Light Cult Crypto Club #9450","RE-011260","9401-9500","D:\github\ron-english-light-cult-9001-10000\images\9401-9500\RE-011260.jpg","127697","images/9401-9500/RE-011260.jpg","RE-011260.jpg","D:\github\ron-english-light-cult-9001-10000\images\9401-9500\RE-011260.jpg","items/lccc-9450.html","https://ronenglish-archive.github.io/ron-english-light-cult-9001-10000/items/lccc-9450.html","https://opensea.io/item/ethereum/0xbe85fbd182af91290be7293438ae67549638189f/9450","OK",""
"9451","9451","Light Cult Crypto Club #9451","RE-011261","9401-9500","D:\github\ron-english-light-cult-9001-10000\images\9401-9500\RE-011261.jpg","96959","images/9401-9500/RE-011261.jpg","RE-011261.jpg","D:\github\ron-english-light-cult-9001-10000\images\9401-9500\RE-011261.jpg","items/lccc-9451.html","https://ronenglish-archive.github.io/ron-english-light-cult-9001-10000/items/lccc-9451.html","https://opensea.io/item/ethereum/0xbe85fbd182af91290be7293438ae67549638189f/9451","OK",""
"9452","9452","Light Cult Crypto Club #9452","RE-011262","9401-9500","D:\github\ron-english-light-cult-9001-10000\images\9401-9500\RE-011262.jpg","122347","images/9401-9500/RE-011262.jpg","RE-011262.jpg","D:\github\ron-english-light-cult-9001-10000\images\9401-9500\RE-011262.jpg","items/lccc-9452.html","https://ronenglish-archive.github.io/ron-english-light-cult-9001-10000/items/lccc-9452.html","https://opensea.io/item/ethereum/0xbe85fbd182af91290be7293438ae67549638189f/9452","OK",""
"9453","9453","Light Cult Crypto Club #9453","RE-011263","9401-9500","D:\github\ron-english-light-cult-9001-10000\images\9401-9500\RE-011263.jpg","73436","images/9401-9500/RE-011263.jpg","RE-011263.jpg","D:\github\ron-english-light-cult-9001-10000\images\9401-9500\RE-011263.jpg","items/lccc-9453.html","https://ronenglish-archive.github.io/ron-english-light-cult-9001-10000/items/lccc-9453.html","https://opensea.io/item/ethereum/0xbe85fbd182af91290be7293438ae67549638189f/9453","OK",""
"9454","9454","Light Cult Crypto Club #9454","RE-011264","9401-9500","D:\github\ron-english-light-cult-9001-10000\images\9401-9500\RE-011264.jpg","66449","images/9401-9500/RE-011264.jpg","RE-011264.jpg","D:\github\ron-english-light-cult-9001-10000\images\9401-9500\RE-011264.jpg","items/lccc-9454.html","https://ronenglish-archive.github.io/ron-english-light-cult-9001-10000/items/lccc-9454.html","https://opensea.io/item/ethereum/0xbe85fbd182af91290be7293438ae67549638189f/9454","OK",""
"9455","9455","Light Cult Crypto Club #9455","RE-011265","9401-9500","D:\github\ron-english-light-cult-9001-10000\images\9401-9500\RE-011265.jpg","153265","images/9401-9500/RE-011265.jpg","RE-011265.jpg","D:\github\ron-english-light-cult-9001-10000\images\9401-9500\RE-011265.jpg","items/lccc-9455.html","https://ronenglish-archive.github.io/ron-english-light-cult-9001-10000/items/lccc-9455.html","https://opensea.io/item/ethereum/0xbe85fbd182af91290be7293438ae67549638189f/9455","OK",""
"9456","9456","Light Cult Crypto Club #9456","RE-011266","9401-9500","D:\github\ron-english-light-cult-9001-10000\images\9401-9500\RE-011266.jpg","72171","images/9401-9500/RE-011266.jpg","RE-011266.jpg","D:\github\ron-english-light-cult-9001-10000\images\9401-9500\RE-011266.jpg","items/lccc-9456.html","https://ronenglish-archive.github.io/ron-english-light-cult-9001-10000/items/lccc-9456.html","https://opensea.io/item/ethereum/0xbe85fbd182af91290be7293438ae67549638189f/9456","OK",""
"9457","9457","Light Cult Crypto Club #9457","RE-011267","9401-9500","D:\github\ron-english-light-cult-9001-10000\images\9401-9500\RE-011267.jpg","125826","images/9401-9500/RE-011267.jpg","RE-011267.jpg","D:\github\ron-english-light-cult-9001-10000\images\9401-9500\RE-011267.jpg","items/lccc-9457.html","https://ronenglish-archive.github.io/ron-english-light-cult-9001-10000/items/lccc-9457.html","https://opensea.io/item/ethereum/0xbe85fbd182af91290be7293438ae67549638189f/9457","OK",""
"9458","9458","Light Cult Crypto Club #9458","RE-011268","9401-9500","D:\github\ron-english-light-cult-9001-10000\images\9401-9500\RE-011268.jpg","158490","images/9401-9500/RE-011268.jpg","RE-011268.jpg","D:\github\ron-english-light-cult-9001-10000\images\9401-9500\RE-011268.jpg","items/lccc-9458.html","https://ronenglish-archive.github.io/ron-english-light-cult-9001-10000/items/lccc-9458.html","https://opensea.io/item/ethereum/0xbe85fbd182af91290be7293438ae67549638189f/9458","OK",""
"9459","9459","Light Cult Crypto Club #9459","RE-011269","9401-9500","D:\github\ron-english-light-cult-9001-10000\images\9401-9500\RE-011269.jpg","134554","images/9401-9500/RE-011269.jpg","RE-011269.jpg","D:\github\ron-english-light-cult-9001-10000\images\9401-9500\RE-011269.jpg","items/lccc-9459.html","https://ronenglish-archive.github.io/ron-english-light-cult-9001-10000/items/lccc-9459.html","https://opensea.io/item/ethereum/0xbe85fbd182af91290be7293438ae67549638189f/9459","OK",""
"9460","9460","Light Cult Crypto Club #9460","RE-011270","9401-9500","D:\github\ron-english-light-cult-9001-10000\images\9401-9500\RE-011270.jpg","63906","images/9401-9500/RE-011270.jpg","RE-011270.jpg","D:\github\ron-english-light-cult-9001-10000\images\9401-9500\RE-011270.jpg","items/lccc-9460.html","https://ronenglish-archive.github.io/ron-english-light-cult-9001-10000/items/lccc-9460.html","https://opensea.io/item/ethereum/0xbe85fbd182af91290be7293438ae67549638189f/9460","OK",""
"9461","9461","Light Cult Crypto Club #9461","RE-011271","9401-9500","D:\github\ron-english-light-cult-9001-10000\images\9401-9500\RE-011271.jpg","80096","images/9401-9500/RE-011271.jpg","RE-011271.jpg","D:\github\ron-english-light-cult-9001-10000\images\9401-9500\RE-011271.jpg","items/lccc-9461.html","https://ronenglish-archive.github.io/ron-english-light-cult-9001-10000/items/lccc-9461.html","https://opensea.io/item/ethereum/0xbe85fbd182af91290be7293438ae67549638189f/9461","OK",""
"9462","9462","Light Cult Crypto Club #9462","RE-011272","9401-9500","D:\github\ron-english-light-cult-9001-10000\images\9401-9500\RE-011272.jpg","56295","images/9401-9500/RE-011272.jpg","RE-011272.jpg","D:\github\ron-english-light-cult-9001-10000\images\9401-9500\RE-011272.jpg","items/lccc-9462.html","https://ronenglish-archive.github.io/ron-english-light-cult-9001-10000/items/lccc-9462.html","https://opensea.io/item/ethereum/0xbe85fbd182af91290be7293438ae67549638189f/9462","OK",""
"9463","9463","Light Cult Crypto Club #9463","RE-011273","9401-9500","D:\github\ron-english-light-cult-9001-10000\images\9401-9500\RE-011273.jpg","112906","images/9401-9500/RE-011273.jpg","RE-011273.jpg","D:\github\ron-english-light-cult-9001-10000\images\9401-9500\RE-011273.jpg","items/lccc-9463.html","https://ronenglish-archive.github.io/ron-english-light-cult-9001-10000/items/lccc-9463.html","https://opensea.io/item/ethereum/0xbe85fbd182af91290be7293438ae67549638189f/9463","OK",""
"9464","9464","Light Cult Crypto Club #9464","RE-011274","9401-9500","D:\github\ron-english-light-cult-9001-10000\images\9401-9500\RE-011274.jpg","130413","images/9401-9500/RE-011274.jpg","RE-011274.jpg","D:\github\ron-english-light-cult-9001-10000\images\9401-9500\RE-011274.jpg","items/lccc-9464.html","https://ronenglish-archive.github.io/ron-english-light-cult-9001-10000/items/lccc-9464.html","https://opensea.io/item/ethereum/0xbe85fbd182af91290be7293438ae67549638189f/9464","OK",""
"9465","9465","Light Cult Crypto Club #9465","RE-011275","9401-9500","D:\github\ron-english-light-cult-9001-10000\images\9401-9500\RE-011275.jpg","131078","images/9401-9500/RE-011275.jpg","RE-011275.jpg","D:\github\ron-english-light-cult-9001-10000\images\9401-9500\RE-011275.jpg","items/lccc-9465.html","https://ronenglish-archive.github.io/ron-english-light-cult-9001-10000/items/lccc-9465.html","https://opensea.io/item/ethereum/0xbe85fbd182af91290be7293438ae67549638189f/9465","OK",""
"9466","9466","Light Cult Crypto Club #9466","RE-011276","9401-9500","D:\github\ron-english-light-cult-9001-10000\images\9401-9500\RE-011276.jpg","159513","images/9401-9500/RE-011276.jpg","RE-011276.jpg","D:\github\ron-english-light-cult-9001-10000\images\9401-9500\RE-011276.jpg","items/lccc-9466.html","https://ronenglish-archive.github.io/ron-english-light-cult-9001-10000/items/lccc-9466.html","https://opensea.io/item/ethereum/0xbe85fbd182af91290be7293438ae67549638189f/9466","OK",""
"9467","9467","Light Cult Crypto Club #9467","RE-011277","9401-9500","D:\github\ron-english-light-cult-9001-10000\images\9401-9500\RE-011277.jpg","177822","images/9401-9500/RE-011277.jpg","RE-011277.jpg","D:\github\ron-english-light-cult-9001-10000\images\9401-9500\RE-011277.jpg","items/lccc-9467.html","https://ronenglish-archive.github.io/ron-english-light-cult-9001-10000/items/lccc-9467.html","https://opensea.io/item/ethereum/0xbe85fbd182af91290be7293438ae67549638189f/9467","OK",""
"9468","9468","Light Cult Crypto Club #9468","RE-011278","9401-9500","D:\github\ron-english-light-cult-9001-10000\images\9401-9500\RE-011278.jpg","78542","images/9401-9500/RE-011278.jpg","RE-011278.jpg","D:\github\ron-english-light-cult-9001-10000\images\9401-9500\RE-011278.jpg","items/lccc-9468.html","https://ronenglish-archive.github.io/ron-english-light-cult-9001-10000/items/lccc-9468.html","https://opensea.io/item/ethereum/0xbe85fbd182af91290be7293438ae67549638189f/9468","OK",""
"9469","9469","Light Cult Crypto Club #9469","RE-011279","9401-9500","D:\github\ron-english-light-cult-9001-10000\images\9401-9500\RE-011279.jpg","56026","images/9401-9500/RE-011279.jpg","RE-011279.jpg","D:\github\ron-english-light-cult-9001-10000\images\9401-9500\RE-011279.jpg","items/lccc-9469.html","https://ronenglish-archive.github.io/ron-english-light-cult-9001-10000/items/lccc-9469.html","https://opensea.io/item/ethereum/0xbe85fbd182af91290be7293438ae67549638189f/9469","OK",""
"9470","9470","Light Cult Crypto Club #9470","RE-011280","9401-9500","D:\github\ron-english-light-cult-9001-10000\images\9401-9500\RE-011280.jpg","75888","images/9401-9500/RE-011280.jpg","RE-011280.jpg","D:\github\ron-english-light-cult-9001-10000\images\9401-9500\RE-011280.jpg","items/lccc-9470.html","https://ronenglish-archive.github.io/ron-english-light-cult-9001-10000/items/lccc-9470.html","https://opensea.io/item/ethereum/0xbe85fbd182af91290be7293438ae67549638189f/9470","OK",""
"9471","9471","Light Cult Crypto Club #9471","RE-011281","9401-9500","D:\github\ron-english-light-cult-9001-10000\images\9401-9500\RE-011281.jpg","149496","images/9401-9500/RE-011281.jpg","RE-011281.jpg","D:\github\ron-english-light-cult-9001-10000\images\9401-9500\RE-011281.jpg","items/lccc-9471.html","https://ronenglish-archive.github.io/ron-english-light-cult-9001-10000/items/lccc-9471.html","https://opensea.io/item/ethereum/0xbe85fbd182af91290be7293438ae67549638189f/9471","OK",""
"9472","9472","Light Cult Crypto Club #9472","RE-011282","9401-9500","D:\github\ron-english-light-cult-9001-10000\images\9401-9500\RE-011282.jpg","45991","images/9401-9500/RE-011282.jpg","RE-011282.jpg","D:\github\ron-english-light-cult-9001-10000\images\9401-9500\RE-011282.jpg","items/lccc-9472.html","https://ronenglish-archive.github.io/ron-english-light-cult-9001-10000/items/lccc-9472.html","https://opensea.io/item/ethereum/0xbe85fbd182af91290be7293438ae67549638189f/9472","OK",""
"9473","9473","Light Cult Crypto Club #9473","RE-011283","9401-9500","D:\github\ron-english-light-cult-9001-10000\images\9401-9500\RE-011283.jpg","127105","images/9401-9500/RE-011283.jpg","RE-011283.jpg","D:\github\ron-english-light-cult-9001-10000\images\9401-9500\RE-011283.jpg","items/lccc-9473.html","https://ronenglish-archive.github.io/ron-english-light-cult-9001-10000/items/lccc-9473.html","https://opensea.io/item/ethereum/0xbe85fbd182af91290be7293438ae67549638189f/9473","OK",""
"9474","9474","Light Cult Crypto Club #9474","RE-011284","9401-9500","D:\github\ron-english-light-cult-9001-10000\images\9401-9500\RE-011284.jpg","179736","images/9401-9500/RE-011284.jpg","RE-011284.jpg","D:\github\ron-english-light-cult-9001-10000\images\9401-9500\RE-011284.jpg","items/lccc-9474.html","https://ronenglish-archive.github.io/ron-english-light-cult-9001-10000/items/lccc-9474.html","https://opensea.io/item/ethereum/0xbe85fbd182af91290be7293438ae67549638189f/9474","OK",""
"9475","9475","Light Cult Crypto Club #9475","RE-011285","9401-9500","D:\github\ron-english-light-cult-9001-10000\images\9401-9500\RE-011285.jpg","119027","images/9401-9500/RE-011285.jpg","RE-011285.jpg","D:\github\ron-english-light-cult-9001-10000\images\9401-9500\RE-011285.jpg","items/lccc-9475.html","https://ronenglish-archive.github.io/ron-english-light-cult-9001-10000/items/lccc-9475.html","https://opensea.io/item/ethereum/0xbe85fbd182af91290be7293438ae67549638189f/9475","OK",""
"9476","9476","Light Cult Crypto Club #9476","RE-011286","9401-9500","D:\github\ron-english-light-cult-9001-10000\images\9401-9500\RE-011286.jpg","52667","images/9401-9500/RE-011286.jpg","RE-011286.jpg","D:\github\ron-english-light-cult-9001-10000\images\9401-9500\RE-011286.jpg","items/lccc-9476.html","https://ronenglish-archive.github.io/ron-english-light-cult-9001-10000/items/lccc-9476.html","https://opensea.io/item/ethereum/0xbe85fbd182af91290be7293438ae67549638189f/9476","OK",""
"9477","9477","Light Cult Crypto Club #9477","RE-011287","9401-9500","D:\github\ron-english-light-cult-9001-10000\images\9401-9500\RE-011287.jpg","72903","images/9401-9500/RE-011287.jpg","RE-011287.jpg","D:\github\ron-english-light-cult-9001-10000\images\9401-9500\RE-011287.jpg","items/lccc-9477.html","https://ronenglish-archive.github.io/ron-english-light-cult-9001-10000/items/lccc-9477.html","https://opensea.io/item/ethereum/0xbe85fbd182af91290be7293438ae67549638189f/9477","OK",""
"9478","9478","Light Cult Crypto Club #9478","RE-011288","9401-9500","D:\github\ron-english-light-cult-9001-10000\images\9401-9500\RE-011288.jpg","40987","images/9401-9500/RE-011288.jpg","RE-011288.jpg","D:\github\ron-english-light-cult-9001-10000\images\9401-9500\RE-011288.jpg","items/lccc-9478.html","https://ronenglish-archive.github.io/ron-english-light-cult-9001-10000/items/lccc-9478.html","https://opensea.io/item/ethereum/0xbe85fbd182af91290be7293438ae67549638189f/9478","OK",""
"9479","9479","Light Cult Crypto Club #9479","RE-011289","9401-9500","D:\github\ron-english-light-cult-9001-10000\images\9401-9500\RE-011289.jpg","139530","images/9401-9500/RE-011289.jpg","RE-011289.jpg","D:\github\ron-english-light-cult-9001-10000\images\9401-9500\RE-011289.jpg","items/lccc-9479.html","https://ronenglish-archive.github.io/ron-english-light-cult-9001-10000/items/lccc-9479.html","https://opensea.io/item/ethereum/0xbe85fbd182af91290be7293438ae67549638189f/9479","OK",""
"9480","9480","Light Cult Crypto Club #9480","RE-011290","9401-9500","D:\github\ron-english-light-cult-9001-10000\images\9401-9500\RE-011290.jpg","55725","images/9401-9500/RE-011290.jpg","RE-011290.jpg","D:\github\ron-english-light-cult-9001-10000\images\9401-9500\RE-011290.jpg","items/lccc-9480.html","https://ronenglish-archive.github.io/ron-english-light-cult-9001-10000/items/lccc-9480.html","https://opensea.io/item/ethereum/0xbe85fbd182af91290be7293438ae67549638189f/9480","OK",""
"9481","9481","Light Cult Crypto Club #9481","RE-011291","9401-9500","D:\github\ron-english-light-cult-9001-10000\images\9401-9500\RE-011291.jpg","42422","images/9401-9500/RE-011291.jpg","RE-011291.jpg","D:\github\ron-english-light-cult-9001-10000\images\9401-9500\RE-011291.jpg","items/lccc-9481.html","https://ronenglish-archive.github.io/ron-english-light-cult-9001-10000/items/lccc-9481.html","https://opensea.io/item/ethereum/0xbe85fbd182af91290be7293438ae67549638189f/9481","OK",""
"9482","9482","Light Cult Crypto Club #9482","RE-011292","9401-9500","D:\github\ron-english-light-cult-9001-10000\images\9401-9500\RE-011292.jpg","134648","images/9401-9500/RE-011292.jpg","RE-011292.jpg","D:\github\ron-english-light-cult-9001-10000\images\9401-9500\RE-011292.jpg","items/lccc-9482.html","https://ronenglish-archive.github.io/ron-english-light-cult-9001-10000/items/lccc-9482.html","https://opensea.io/item/ethereum/0xbe85fbd182af91290be7293438ae67549638189f/9482","OK",""
"9483","9483","Light Cult Crypto Club #9483","RE-011293","9401-9500","D:\github\ron-english-light-cult-9001-10000\images\9401-9500\RE-011293.jpg","45861","images/9401-9500/RE-011293.jpg","RE-011293.jpg","D:\github\ron-english-light-cult-9001-10000\images\9401-9500\RE-011293.jpg","items/lccc-9483.html","https://ronenglish-archive.github.io/ron-english-light-cult-9001-10000/items/lccc-9483.html","https://opensea.io/item/ethereum/0xbe85fbd182af91290be7293438ae67549638189f/9483","OK",""
"9484","9484","Light Cult Crypto Club #9484","RE-011294","9401-9500","D:\github\ron-english-light-cult-9001-10000\images\9401-9500\RE-011294.jpg","121826","images/9401-9500/RE-011294.jpg","RE-011294.jpg","D:\github\ron-english-light-cult-9001-10000\images\9401-9500\RE-011294.jpg","items/lccc-9484.html","https://ronenglish-archive.github.io/ron-english-light-cult-9001-10000/items/lccc-9484.html","https://opensea.io/item/ethereum/0xbe85fbd182af91290be7293438ae67549638189f/9484","OK",""
"9485","9485","Light Cult Crypto Club #9485","RE-011295","9401-9500","D:\github\ron-english-light-cult-9001-10000\images\9401-9500\RE-011295.jpg","141623","images/9401-9500/RE-011295.jpg","RE-011295.jpg","D:\github\ron-english-light-cult-9001-10000\images\9401-9500\RE-011295.jpg","items/lccc-9485.html","https://ronenglish-archive.github.io/ron-english-light-cult-9001-10000/items/lccc-9485.html","https://opensea.io/item/ethereum/0xbe85fbd182af91290be7293438ae67549638189f/9485","OK",""
"9486","9486","Light Cult Crypto Club #9486","RE-011296","9401-9500","D:\github\ron-english-light-cult-9001-10000\images\9401-9500\RE-011296.jpg","146094","images/9401-9500/RE-011296.jpg","RE-011296.jpg","D:\github\ron-english-light-cult-9001-10000\images\9401-9500\RE-011296.jpg","items/lccc-9486.html","https://ronenglish-archive.github.io/ron-english-light-cult-9001-10000/items/lccc-9486.html","https://opensea.io/item/ethereum/0xbe85fbd182af91290be7293438ae67549638189f/9486","OK",""
"9487","9487","Light Cult Crypto Club #9487","RE-011297","9401-9500","D:\github\ron-english-light-cult-9001-10000\images\9401-9500\RE-011297.jpg","88807","images/9401-9500/RE-011297.jpg","RE-011297.jpg","D:\github\ron-english-light-cult-9001-10000\images\9401-9500\RE-011297.jpg","items/lccc-9487.html","https://ronenglish-archive.github.io/ron-english-light-cult-9001-10000/items/lccc-9487.html","https://opensea.io/item/ethereum/0xbe85fbd182af91290be7293438ae67549638189f/9487","OK",""
"9488","9488","Light Cult Crypto Club #9488","RE-011298","9401-9500","D:\github\ron-english-light-cult-9001-10000\images\9401-9500\RE-011298.jpg","59506","images/9401-9500/RE-011298.jpg","RE-011298.jpg","D:\github\ron-english-light-cult-9001-10000\images\9401-9500\RE-011298.jpg","items/lccc-9488.html","https://ronenglish-archive.github.io/ron-english-light-cult-9001-10000/items/lccc-9488.html","https://opensea.io/item/ethereum/0xbe85fbd182af91290be7293438ae67549638189f/9488","OK",""
"9489","9489","Light Cult Crypto Club #9489","RE-011299","9401-9500","D:\github\ron-english-light-cult-9001-10000\images\9401-9500\RE-011299.jpg","60517","images/9401-9500/RE-011299.jpg","RE-011299.jpg","D:\github\ron-english-light-cult-9001-10000\images\9401-9500\RE-011299.jpg","items/lccc-9489.html","https://ronenglish-archive.github.io/ron-english-light-cult-9001-10000/items/lccc-9489.html","https://opensea.io/item/ethereum/0xbe85fbd182af91290be7293438ae67549638189f/9489","OK",""
"9490","9490","Light Cult Crypto Club #9490","RE-011300","9401-9500","D:\github\ron-english-light-cult-9001-10000\images\9401-9500\RE-011300.jpg","92570","images/9401-9500/RE-011300.jpg","RE-011300.jpg","D:\github\ron-english-light-cult-9001-10000\images\9401-9500\RE-011300.jpg","items/lccc-9490.html","https://ronenglish-archive.github.io/ron-english-light-cult-9001-10000/items/lccc-9490.html","https://opensea.io/item/ethereum/0xbe85fbd182af91290be7293438ae67549638189f/9490","OK",""
"9491","9491","Light Cult Crypto Club #9491","RE-011301","9401-9500","D:\github\ron-english-light-cult-9001-10000\images\9401-9500\RE-011301.jpg","102276","images/9401-9500/RE-011301.jpg","RE-011301.jpg","D:\github\ron-english-light-cult-9001-10000\images\9401-9500\RE-011301.jpg","items/lccc-9491.html","https://ronenglish-archive.github.io/ron-english-light-cult-9001-10000/items/lccc-9491.html","https://opensea.io/item/ethereum/0xbe85fbd182af91290be7293438ae67549638189f/9491","OK",""
"9492","9492","Light Cult Crypto Club #9492","RE-011302","9401-9500","D:\github\ron-english-light-cult-9001-10000\images\9401-9500\RE-011302.jpg","181830","images/9401-9500/RE-011302.jpg","RE-011302.jpg","D:\github\ron-english-light-cult-9001-10000\images\9401-9500\RE-011302.jpg","items/lccc-9492.html","https://ronenglish-archive.github.io/ron-english-light-cult-9001-10000/items/lccc-9492.html","https://opensea.io/item/ethereum/0xbe85fbd182af91290be7293438ae67549638189f/9492","OK",""
"9493","9493","Light Cult Crypto Club #9493","RE-011303","9401-9500","D:\github\ron-english-light-cult-9001-10000\images\9401-9500\RE-011303.jpg","47129","images/9401-9500/RE-011303.jpg","RE-011303.jpg","D:\github\ron-english-light-cult-9001-10000\images\9401-9500\RE-011303.jpg","items/lccc-9493.html","https://ronenglish-archive.github.io/ron-english-light-cult-9001-10000/items/lccc-9493.html","https://opensea.io/item/ethereum/0xbe85fbd182af91290be7293438ae67549638189f/9493","OK",""
"9494","9494","Light Cult Crypto Club #9494","RE-011304","9401-9500","D:\github\ron-english-light-cult-9001-10000\images\9401-9500\RE-011304.jpg","100231","images/9401-9500/RE-011304.jpg","RE-011304.jpg","D:\github\ron-english-light-cult-9001-10000\images\9401-9500\RE-011304.jpg","items/lccc-9494.html","https://ronenglish-archive.github.io/ron-english-light-cult-9001-10000/items/lccc-9494.html","https://opensea.io/item/ethereum/0xbe85fbd182af91290be7293438ae67549638189f/9494","OK",""
"9495","9495","Light Cult Crypto Club #9495","RE-011305","9401-9500","D:\github\ron-english-light-cult-9001-10000\images\9401-9500\RE-011305.jpg","95223","images/9401-9500/RE-011305.jpg","RE-011305.jpg","D:\github\ron-english-light-cult-9001-10000\images\9401-9500\RE-011305.jpg","items/lccc-9495.html","https://ronenglish-archive.github.io/ron-english-light-cult-9001-10000/items/lccc-9495.html","https://opensea.io/item/ethereum/0xbe85fbd182af91290be7293438ae67549638189f/9495","OK",""
"9496","9496","Light Cult Crypto Club #9496","RE-011306","9401-9500","D:\github\ron-english-light-cult-9001-10000\images\9401-9500\RE-011306.jpg","89800","images/9401-9500/RE-011306.jpg","RE-011306.jpg","D:\github\ron-english-light-cult-9001-10000\images\9401-9500\RE-011306.jpg","items/lccc-9496.html","https://ronenglish-archive.github.io/ron-english-light-cult-9001-10000/items/lccc-9496.html","https://opensea.io/item/ethereum/0xbe85fbd182af91290be7293438ae67549638189f/9496","OK",""
"9497","9497","Light Cult Crypto Club #9497","RE-011307","9401-9500","D:\github\ron-english-light-cult-9001-10000\images\9401-9500\RE-011307.jpg","68961","images/9401-9500/RE-011307.jpg","RE-011307.jpg","D:\github\ron-english-light-cult-9001-10000\images\9401-9500\RE-011307.jpg","items/lccc-9497.html","https://ronenglish-archive.github.io/ron-english-light-cult-9001-10000/items/lccc-9497.html","https://opensea.io/item/ethereum/0xbe85fbd182af91290be7293438ae67549638189f/9497","OK",""
"9498","9498","Light Cult Crypto Club #9498","RE-011308","9401-9500","D:\github\ron-english-light-cult-9001-10000\images\9401-9500\RE-011308.jpg","52302","images/9401-9500/RE-011308.jpg","RE-011308.jpg","D:\github\ron-english-light-cult-9001-10000\images\9401-9500\RE-011308.jpg","items/lccc-9498.html","https://ronenglish-archive.github.io/ron-english-light-cult-9001-10000/items/lccc-9498.html","https://opensea.io/item/ethereum/0xbe85fbd182af91290be7293438ae67549638189f/9498","OK",""
"9499","9499","Light Cult Crypto Club #9499","RE-011309","9401-9500","D:\github\ron-english-light-cult-9001-10000\images\9401-9500\RE-011309.jpg","137879","images/9401-9500/RE-011309.jpg","RE-011309.jpg","D:\github\ron-english-light-cult-9001-10000\images\9401-9500\RE-011309.jpg","items/lccc-9499.html","https://ronenglish-archive.github.io/ron-english-light-cult-9001-10000/items/lccc-9499.html","https://opensea.io/item/ethereum/0xbe85fbd182af91290be7293438ae67549638189f/9499","OK",""
"9500","9500","Light Cult Crypto Club #9500","RE-011310","9401-9500","D:\github\ron-english-light-cult-9001-10000\images\9401-9500\RE-011310.jpg","135753","images/9401-9500/RE-011310.jpg","RE-011310.jpg","D:\github\ron-english-light-cult-9001-10000\images\9401-9500\RE-011310.jpg","items/lccc-9500.html","https://ronenglish-archive.github.io/ron-english-light-cult-9001-10000/items/lccc-9500.html","https://opensea.io/item/ethereum/0xbe85fbd182af91290be7293438ae67549638189f/9500","OK",""
"9501","9501","Light Cult Crypto Club #9501","RE-011311","9501-9600","D:\github\ron-english-light-cult-9001-10000\images\9501-9600\RE-011311.jpg","60815","images/9501-9600/RE-011311.jpg","RE-011311.jpg","D:\github\ron-english-light-cult-9001-10000\images\9501-9600\RE-011311.jpg","items/lccc-9501.html","https://ronenglish-archive.github.io/ron-english-light-cult-9001-10000/items/lccc-9501.html","https://opensea.io/item/ethereum/0xbe85fbd182af91290be7293438ae67549638189f/9501","OK",""
"9502","9502","Light Cult Crypto Club #9502","RE-011312","9501-9600","D:\github\ron-english-light-cult-9001-10000\images\9501-9600\RE-011312.jpg","107823","images/9501-9600/RE-011312.jpg","RE-011312.jpg","D:\github\ron-english-light-cult-9001-10000\images\9501-9600\RE-011312.jpg","items/lccc-9502.html","https://ronenglish-archive.github.io/ron-english-light-cult-9001-10000/items/lccc-9502.html","https://opensea.io/item/ethereum/0xbe85fbd182af91290be7293438ae67549638189f/9502","OK",""
"9503","9503","Light Cult Crypto Club #9503","RE-011313","9501-9600","D:\github\ron-english-light-cult-9001-10000\images\9501-9600\RE-011313.jpg","54484","images/9501-9600/RE-011313.jpg","RE-011313.jpg","D:\github\ron-english-light-cult-9001-10000\images\9501-9600\RE-011313.jpg","items/lccc-9503.html","https://ronenglish-archive.github.io/ron-english-light-cult-9001-10000/items/lccc-9503.html","https://opensea.io/item/ethereum/0xbe85fbd182af91290be7293438ae67549638189f/9503","OK",""
"9504","9504","Light Cult Crypto Club #9504","RE-011314","9501-9600","D:\github\ron-english-light-cult-9001-10000\images\9501-9600\RE-011314.jpg","114874","images/9501-9600/RE-011314.jpg","RE-011314.jpg","D:\github\ron-english-light-cult-9001-10000\images\9501-9600\RE-011314.jpg","items/lccc-9504.html","https://ronenglish-archive.github.io/ron-english-light-cult-9001-10000/items/lccc-9504.html","https://opensea.io/item/ethereum/0xbe85fbd182af91290be7293438ae67549638189f/9504","OK",""
"9505","9505","Light Cult Crypto Club #9505","RE-011315","9501-9600","D:\github\ron-english-light-cult-9001-10000\images\9501-9600\RE-011315.jpg","81933","images/9501-9600/RE-011315.jpg","RE-011315.jpg","D:\github\ron-english-light-cult-9001-10000\images\9501-9600\RE-011315.jpg","items/lccc-9505.html","https://ronenglish-archive.github.io/ron-english-light-cult-9001-10000/items/lccc-9505.html","https://opensea.io/item/ethereum/0xbe85fbd182af91290be7293438ae67549638189f/9505","OK",""
"9506","9506","Light Cult Crypto Club #9506","RE-011316","9501-9600","D:\github\ron-english-light-cult-9001-10000\images\9501-9600\RE-011316.jpg","76750","images/9501-9600/RE-011316.jpg","RE-011316.jpg","D:\github\ron-english-light-cult-9001-10000\images\9501-9600\RE-011316.jpg","items/lccc-9506.html","https://ronenglish-archive.github.io/ron-english-light-cult-9001-10000/items/lccc-9506.html","https://opensea.io/item/ethereum/0xbe85fbd182af91290be7293438ae67549638189f/9506","OK",""
"9507","9507","Light Cult Crypto Club #9507","RE-011317","9501-9600","D:\github\ron-english-light-cult-9001-10000\images\9501-9600\RE-011317.jpg","57627","images/9501-9600/RE-011317.jpg","RE-011317.jpg","D:\github\ron-english-light-cult-9001-10000\images\9501-9600\RE-011317.jpg","items/lccc-9507.html","https://ronenglish-archive.github.io/ron-english-light-cult-9001-10000/items/lccc-9507.html","https://opensea.io/item/ethereum/0xbe85fbd182af91290be7293438ae67549638189f/9507","OK",""
"9508","9508","Light Cult Crypto Club #9508","RE-011318","9501-9600","D:\github\ron-english-light-cult-9001-10000\images\9501-9600\RE-011318.jpg","49693","images/9501-9600/RE-011318.jpg","RE-011318.jpg","D:\github\ron-english-light-cult-9001-10000\images\9501-9600\RE-011318.jpg","items/lccc-9508.html","https://ronenglish-archive.github.io/ron-english-light-cult-9001-10000/items/lccc-9508.html","https://opensea.io/item/ethereum/0xbe85fbd182af91290be7293438ae67549638189f/9508","OK",""
"9509","9509","Light Cult Crypto Club #9509","RE-011319","9501-9600","D:\github\ron-english-light-cult-9001-10000\images\9501-9600\RE-011319.jpg","109896","images/9501-9600/RE-011319.jpg","RE-011319.jpg","D:\github\ron-english-light-cult-9001-10000\images\9501-9600\RE-011319.jpg","items/lccc-9509.html","https://ronenglish-archive.github.io/ron-english-light-cult-9001-10000/items/lccc-9509.html","https://opensea.io/item/ethereum/0xbe85fbd182af91290be7293438ae67549638189f/9509","OK",""
"9510","9510","Light Cult Crypto Club #9510","RE-011320","9501-9600","D:\github\ron-english-light-cult-9001-10000\images\9501-9600\RE-011320.jpg","139410","images/9501-9600/RE-011320.jpg","RE-011320.jpg","D:\github\ron-english-light-cult-9001-10000\images\9501-9600\RE-011320.jpg","items/lccc-9510.html","https://ronenglish-archive.github.io/ron-english-light-cult-9001-10000/items/lccc-9510.html","https://opensea.io/item/ethereum/0xbe85fbd182af91290be7293438ae67549638189f/9510","OK",""
"9511","9511","Light Cult Crypto Club #9511","RE-011321","9501-9600","D:\github\ron-english-light-cult-9001-10000\images\9501-9600\RE-011321.jpg","63269","images/9501-9600/RE-011321.jpg","RE-011321.jpg","D:\github\ron-english-light-cult-9001-10000\images\9501-9600\RE-011321.jpg","items/lccc-9511.html","https://ronenglish-archive.github.io/ron-english-light-cult-9001-10000/items/lccc-9511.html","https://opensea.io/item/ethereum/0xbe85fbd182af91290be7293438ae67549638189f/9511","OK",""
"9512","9512","Light Cult Crypto Club #9512","RE-011322","9501-9600","D:\github\ron-english-light-cult-9001-10000\images\9501-9600\RE-011322.jpg","55556","images/9501-9600/RE-011322.jpg","RE-011322.jpg","D:\github\ron-english-light-cult-9001-10000\images\9501-9600\RE-011322.jpg","items/lccc-9512.html","https://ronenglish-archive.github.io/ron-english-light-cult-9001-10000/items/lccc-9512.html","https://opensea.io/item/ethereum/0xbe85fbd182af91290be7293438ae67549638189f/9512","OK",""
"9513","9513","Light Cult Crypto Club #9513","RE-011323","9501-9600","D:\github\ron-english-light-cult-9001-10000\images\9501-9600\RE-011323.jpg","147947","images/9501-9600/RE-011323.jpg","RE-011323.jpg","D:\github\ron-english-light-cult-9001-10000\images\9501-9600\RE-011323.jpg","items/lccc-9513.html","https://ronenglish-archive.github.io/ron-english-light-cult-9001-10000/items/lccc-9513.html","https://opensea.io/item/ethereum/0xbe85fbd182af91290be7293438ae67549638189f/9513","OK",""
"9514","9514","Light Cult Crypto Club #9514","RE-011324","9501-9600","D:\github\ron-english-light-cult-9001-10000\images\9501-9600\RE-011324.jpg","52725","images/9501-9600/RE-011324.jpg","RE-011324.jpg","D:\github\ron-english-light-cult-9001-10000\images\9501-9600\RE-011324.jpg","items/lccc-9514.html","https://ronenglish-archive.github.io/ron-english-light-cult-9001-10000/items/lccc-9514.html","https://opensea.io/item/ethereum/0xbe85fbd182af91290be7293438ae67549638189f/9514","OK",""
"9515","9515","Light Cult Crypto Club #9515","RE-011325","9501-9600","D:\github\ron-english-light-cult-9001-10000\images\9501-9600\RE-011325.jpg","122499","images/9501-9600/RE-011325.jpg","RE-011325.jpg","D:\github\ron-english-light-cult-9001-10000\images\9501-9600\RE-011325.jpg","items/lccc-9515.html","https://ronenglish-archive.github.io/ron-english-light-cult-9001-10000/items/lccc-9515.html","https://opensea.io/item/ethereum/0xbe85fbd182af91290be7293438ae67549638189f/9515","OK",""
"9516","9516","Light Cult Crypto Club #9516","RE-011326","9501-9600","D:\github\ron-english-light-cult-9001-10000\images\9501-9600\RE-011326.jpg","70305","images/9501-9600/RE-011326.jpg","RE-011326.jpg","D:\github\ron-english-light-cult-9001-10000\images\9501-9600\RE-011326.jpg","items/lccc-9516.html","https://ronenglish-archive.github.io/ron-english-light-cult-9001-10000/items/lccc-9516.html","https://opensea.io/item/ethereum/0xbe85fbd182af91290be7293438ae67549638189f/9516","OK",""
"9517","9517","Light Cult Crypto Club #9517","RE-011327","9501-9600","D:\github\ron-english-light-cult-9001-10000\images\9501-9600\RE-011327.jpg","110158","images/9501-9600/RE-011327.jpg","RE-011327.jpg","D:\github\ron-english-light-cult-9001-10000\images\9501-9600\RE-011327.jpg","items/lccc-9517.html","https://ronenglish-archive.github.io/ron-english-light-cult-9001-10000/items/lccc-9517.html","https://opensea.io/item/ethereum/0xbe85fbd182af91290be7293438ae67549638189f/9517","OK",""
"9518","9518","Light Cult Crypto Club #9518","RE-011328","9501-9600","D:\github\ron-english-light-cult-9001-10000\images\9501-9600\RE-011328.jpg","123429","images/9501-9600/RE-011328.jpg","RE-011328.jpg","D:\github\ron-english-light-cult-9001-10000\images\9501-9600\RE-011328.jpg","items/lccc-9518.html","https://ronenglish-archive.github.io/ron-english-light-cult-9001-10000/items/lccc-9518.html","https://opensea.io/item/ethereum/0xbe85fbd182af91290be7293438ae67549638189f/9518","OK",""
"9519","9519","Light Cult Crypto Club #9519","RE-011329","9501-9600","D:\github\ron-english-light-cult-9001-10000\images\9501-9600\RE-011329.jpg","73063","images/9501-9600/RE-011329.jpg","RE-011329.jpg","D:\github\ron-english-light-cult-9001-10000\images\9501-9600\RE-011329.jpg","items/lccc-9519.html","https://ronenglish-archive.github.io/ron-english-light-cult-9001-10000/items/lccc-9519.html","https://opensea.io/item/ethereum/0xbe85fbd182af91290be7293438ae67549638189f/9519","OK",""
"9520","9520","Light Cult Crypto Club #9520","RE-011330","9501-9600","D:\github\ron-english-light-cult-9001-10000\images\9501-9600\RE-011330.jpg","81881","images/9501-9600/RE-011330.jpg","RE-011330.jpg","D:\github\ron-english-light-cult-9001-10000\images\9501-9600\RE-011330.jpg","items/lccc-9520.html","https://ronenglish-archive.github.io/ron-english-light-cult-9001-10000/items/lccc-9520.html","https://opensea.io/item/ethereum/0xbe85fbd182af91290be7293438ae67549638189f/9520","OK",""
"9521","9521","Light Cult Crypto Club #9521","RE-011331","9501-9600","D:\github\ron-english-light-cult-9001-10000\images\9501-9600\RE-011331.jpg","112221","images/9501-9600/RE-011331.jpg","RE-011331.jpg","D:\github\ron-english-light-cult-9001-10000\images\9501-9600\RE-011331.jpg","items/lccc-9521.html","https://ronenglish-archive.github.io/ron-english-light-cult-9001-10000/items/lccc-9521.html","https://opensea.io/item/ethereum/0xbe85fbd182af91290be7293438ae67549638189f/9521","OK",""
"9522","9522","Light Cult Crypto Club #9522","RE-011332","9501-9600","D:\github\ron-english-light-cult-9001-10000\images\9501-9600\RE-011332.jpg","136264","images/9501-9600/RE-011332.jpg","RE-011332.jpg","D:\github\ron-english-light-cult-9001-10000\images\9501-9600\RE-011332.jpg","items/lccc-9522.html","https://ronenglish-archive.github.io/ron-english-light-cult-9001-10000/items/lccc-9522.html","https://opensea.io/item/ethereum/0xbe85fbd182af91290be7293438ae67549638189f/9522","OK",""
"9523","9523","Light Cult Crypto Club #9523","RE-011333","9501-9600","D:\github\ron-english-light-cult-9001-10000\images\9501-9600\RE-011333.jpg","69519","images/9501-9600/RE-011333.jpg","RE-011333.jpg","D:\github\ron-english-light-cult-9001-10000\images\9501-9600\RE-011333.jpg","items/lccc-9523.html","https://ronenglish-archive.github.io/ron-english-light-cult-9001-10000/items/lccc-9523.html","https://opensea.io/item/ethereum/0xbe85fbd182af91290be7293438ae67549638189f/9523","OK",""
"9524","9524","Light Cult Crypto Club #9524","RE-011334","9501-9600","D:\github\ron-english-light-cult-9001-10000\images\9501-9600\RE-011334.jpg","69503","images/9501-9600/RE-011334.jpg","RE-011334.jpg","D:\github\ron-english-light-cult-9001-10000\images\9501-9600\RE-011334.jpg","items/lccc-9524.html","https://ronenglish-archive.github.io/ron-english-light-cult-9001-10000/items/lccc-9524.html","https://opensea.io/item/ethereum/0xbe85fbd182af91290be7293438ae67549638189f/9524","OK",""
"9525","9525","Light Cult Crypto Club #9525","RE-011335","9501-9600","D:\github\ron-english-light-cult-9001-10000\images\9501-9600\RE-011335.jpg","67417","images/9501-9600/RE-011335.jpg","RE-011335.jpg","D:\github\ron-english-light-cult-9001-10000\images\9501-9600\RE-011335.jpg","items/lccc-9525.html","https://ronenglish-archive.github.io/ron-english-light-cult-9001-10000/items/lccc-9525.html","https://opensea.io/item/ethereum/0xbe85fbd182af91290be7293438ae67549638189f/9525","OK",""
"9526","9526","Light Cult Crypto Club #9526","RE-011336","9501-9600","D:\github\ron-english-light-cult-9001-10000\images\9501-9600\RE-011336.jpg","73218","images/9501-9600/RE-011336.jpg","RE-011336.jpg","D:\github\ron-english-light-cult-9001-10000\images\9501-9600\RE-011336.jpg","items/lccc-9526.html","https://ronenglish-archive.github.io/ron-english-light-cult-9001-10000/items/lccc-9526.html","https://opensea.io/item/ethereum/0xbe85fbd182af91290be7293438ae67549638189f/9526","OK",""
"9527","9527","Light Cult Crypto Club #9527","RE-011337","9501-9600","D:\github\ron-english-light-cult-9001-10000\images\9501-9600\RE-011337.jpg","137804","images/9501-9600/RE-011337.jpg","RE-011337.jpg","D:\github\ron-english-light-cult-9001-10000\images\9501-9600\RE-011337.jpg","items/lccc-9527.html","https://ronenglish-archive.github.io/ron-english-light-cult-9001-10000/items/lccc-9527.html","https://opensea.io/item/ethereum/0xbe85fbd182af91290be7293438ae67549638189f/9527","OK",""
"9528","9528","Light Cult Crypto Club #9528","RE-011338","9501-9600","D:\github\ron-english-light-cult-9001-10000\images\9501-9600\RE-011338.jpg","54877","images/9501-9600/RE-011338.jpg","RE-011338.jpg","D:\github\ron-english-light-cult-9001-10000\images\9501-9600\RE-011338.jpg","items/lccc-9528.html","https://ronenglish-archive.github.io/ron-english-light-cult-9001-10000/items/lccc-9528.html","https://opensea.io/item/ethereum/0xbe85fbd182af91290be7293438ae67549638189f/9528","OK",""
"9529","9529","Light Cult Crypto Club #9529","RE-011339","9501-9600","D:\github\ron-english-light-cult-9001-10000\images\9501-9600\RE-011339.jpg","124393","images/9501-9600/RE-011339.jpg","RE-011339.jpg","D:\github\ron-english-light-cult-9001-10000\images\9501-9600\RE-011339.jpg","items/lccc-9529.html","https://ronenglish-archive.github.io/ron-english-light-cult-9001-10000/items/lccc-9529.html","https://opensea.io/item/ethereum/0xbe85fbd182af91290be7293438ae67549638189f/9529","OK",""
"9530","9530","Light Cult Crypto Club #9530","RE-011340","9501-9600","D:\github\ron-english-light-cult-9001-10000\images\9501-9600\RE-011340.jpg","53869","images/9501-9600/RE-011340.jpg","RE-011340.jpg","D:\github\ron-english-light-cult-9001-10000\images\9501-9600\RE-011340.jpg","items/lccc-9530.html","https://ronenglish-archive.github.io/ron-english-light-cult-9001-10000/items/lccc-9530.html","https://opensea.io/item/ethereum/0xbe85fbd182af91290be7293438ae67549638189f/9530","OK",""
"9531","9531","Light Cult Crypto Club #9531","RE-011341","9501-9600","D:\github\ron-english-light-cult-9001-10000\images\9501-9600\RE-011341.jpg","149778","images/9501-9600/RE-011341.jpg","RE-011341.jpg","D:\github\ron-english-light-cult-9001-10000\images\9501-9600\RE-011341.jpg","items/lccc-9531.html","https://ronenglish-archive.github.io/ron-english-light-cult-9001-10000/items/lccc-9531.html","https://opensea.io/item/ethereum/0xbe85fbd182af91290be7293438ae67549638189f/9531","OK",""
"9532","9532","Light Cult Crypto Club #9532","RE-011342","9501-9600","D:\github\ron-english-light-cult-9001-10000\images\9501-9600\RE-011342.jpg","65319","images/9501-9600/RE-011342.jpg","RE-011342.jpg","D:\github\ron-english-light-cult-9001-10000\images\9501-9600\RE-011342.jpg","items/lccc-9532.html","https://ronenglish-archive.github.io/ron-english-light-cult-9001-10000/items/lccc-9532.html","https://opensea.io/item/ethereum/0xbe85fbd182af91290be7293438ae67549638189f/9532","OK",""
"9533","9533","Light Cult Crypto Club #9533","RE-011343","9501-9600","D:\github\ron-english-light-cult-9001-10000\images\9501-9600\RE-011343.jpg","98054","images/9501-9600/RE-011343.jpg","RE-011343.jpg","D:\github\ron-english-light-cult-9001-10000\images\9501-9600\RE-011343.jpg","items/lccc-9533.html","https://ronenglish-archive.github.io/ron-english-light-cult-9001-10000/items/lccc-9533.html","https://opensea.io/item/ethereum/0xbe85fbd182af91290be7293438ae67549638189f/9533","OK",""
"9534","9534","Light Cult Crypto Club #9534","RE-011344","9501-9600","D:\github\ron-english-light-cult-9001-10000\images\9501-9600\RE-011344.jpg","51879","images/9501-9600/RE-011344.jpg","RE-011344.jpg","D:\github\ron-english-light-cult-9001-10000\images\9501-9600\RE-011344.jpg","items/lccc-9534.html","https://ronenglish-archive.github.io/ron-english-light-cult-9001-10000/items/lccc-9534.html","https://opensea.io/item/ethereum/0xbe85fbd182af91290be7293438ae67549638189f/9534","OK",""
"9535","9535","Light Cult Crypto Club #9535","RE-011345","9501-9600","D:\github\ron-english-light-cult-9001-10000\images\9501-9600\RE-011345.jpg","64900","images/9501-9600/RE-011345.jpg","RE-011345.jpg","D:\github\ron-english-light-cult-9001-10000\images\9501-9600\RE-011345.jpg","items/lccc-9535.html","https://ronenglish-archive.github.io/ron-english-light-cult-9001-10000/items/lccc-9535.html","https://opensea.io/item/ethereum/0xbe85fbd182af91290be7293438ae67549638189f/9535","OK",""
"9536","9536","Light Cult Crypto Club #9536","RE-011346","9501-9600","D:\github\ron-english-light-cult-9001-10000\images\9501-9600\RE-011346.jpg","138508","images/9501-9600/RE-011346.jpg","RE-011346.jpg","D:\github\ron-english-light-cult-9001-10000\images\9501-9600\RE-011346.jpg","items/lccc-9536.html","https://ronenglish-archive.github.io/ron-english-light-cult-9001-10000/items/lccc-9536.html","https://opensea.io/item/ethereum/0xbe85fbd182af91290be7293438ae67549638189f/9536","OK",""
"9537","9537","Light Cult Crypto Club #9537","RE-011347","9501-9600","D:\github\ron-english-light-cult-9001-10000\images\9501-9600\RE-011347.jpg","124610","images/9501-9600/RE-011347.jpg","RE-011347.jpg","D:\github\ron-english-light-cult-9001-10000\images\9501-9600\RE-011347.jpg","items/lccc-9537.html","https://ronenglish-archive.github.io/ron-english-light-cult-9001-10000/items/lccc-9537.html","https://opensea.io/item/ethereum/0xbe85fbd182af91290be7293438ae67549638189f/9537","OK",""
"9538","9538","Light Cult Crypto Club #9538","RE-011348","9501-9600","D:\github\ron-english-light-cult-9001-10000\images\9501-9600\RE-011348.jpg","118214","images/9501-9600/RE-011348.jpg","RE-011348.jpg","D:\github\ron-english-light-cult-9001-10000\images\9501-9600\RE-011348.jpg","items/lccc-9538.html","https://ronenglish-archive.github.io/ron-english-light-cult-9001-10000/items/lccc-9538.html","https://opensea.io/item/ethereum/0xbe85fbd182af91290be7293438ae67549638189f/9538","OK",""
"9539","9539","Light Cult Crypto Club #9539","RE-011349","9501-9600","D:\github\ron-english-light-cult-9001-10000\images\9501-9600\RE-011349.jpg","146517","images/9501-9600/RE-011349.jpg","RE-011349.jpg","D:\github\ron-english-light-cult-9001-10000\images\9501-9600\RE-011349.jpg","items/lccc-9539.html","https://ronenglish-archive.github.io/ron-english-light-cult-9001-10000/items/lccc-9539.html","https://opensea.io/item/ethereum/0xbe85fbd182af91290be7293438ae67549638189f/9539","OK",""
"9540","9540","Light Cult Crypto Club #9540","RE-011350","9501-9600","D:\github\ron-english-light-cult-9001-10000\images\9501-9600\RE-011350.jpg","84788","images/9501-9600/RE-011350.jpg","RE-011350.jpg","D:\github\ron-english-light-cult-9001-10000\images\9501-9600\RE-011350.jpg","items/lccc-9540.html","https://ronenglish-archive.github.io/ron-english-light-cult-9001-10000/items/lccc-9540.html","https://opensea.io/item/ethereum/0xbe85fbd182af91290be7293438ae67549638189f/9540","OK",""
"9541","9541","Light Cult Crypto Club #9541","RE-011351","9501-9600","D:\github\ron-english-light-cult-9001-10000\images\9501-9600\RE-011351.jpg","92062","images/9501-9600/RE-011351.jpg","RE-011351.jpg","D:\github\ron-english-light-cult-9001-10000\images\9501-9600\RE-011351.jpg","items/lccc-9541.html","https://ronenglish-archive.github.io/ron-english-light-cult-9001-10000/items/lccc-9541.html","https://opensea.io/item/ethereum/0xbe85fbd182af91290be7293438ae67549638189f/9541","OK",""
"9542","9542","Light Cult Crypto Club #9542","RE-011352","9501-9600","D:\github\ron-english-light-cult-9001-10000\images\9501-9600\RE-011352.jpg","59852","images/9501-9600/RE-011352.jpg","RE-011352.jpg","D:\github\ron-english-light-cult-9001-10000\images\9501-9600\RE-011352.jpg","items/lccc-9542.html","https://ronenglish-archive.github.io/ron-english-light-cult-9001-10000/items/lccc-9542.html","https://opensea.io/item/ethereum/0xbe85fbd182af91290be7293438ae67549638189f/9542","OK",""
"9543","9543","Light Cult Crypto Club #9543","RE-011353","9501-9600","D:\github\ron-english-light-cult-9001-10000\images\9501-9600\RE-011353.jpg","73948","images/9501-9600/RE-011353.jpg","RE-011353.jpg","D:\github\ron-english-light-cult-9001-10000\images\9501-9600\RE-011353.jpg","items/lccc-9543.html","https://ronenglish-archive.github.io/ron-english-light-cult-9001-10000/items/lccc-9543.html","https://opensea.io/item/ethereum/0xbe85fbd182af91290be7293438ae67549638189f/9543","OK",""
"9544","9544","Light Cult Crypto Club #9544","RE-011354","9501-9600","D:\github\ron-english-light-cult-9001-10000\images\9501-9600\RE-011354.jpg","62760","images/9501-9600/RE-011354.jpg","RE-011354.jpg","D:\github\ron-english-light-cult-9001-10000\images\9501-9600\RE-011354.jpg","items/lccc-9544.html","https://ronenglish-archive.github.io/ron-english-light-cult-9001-10000/items/lccc-9544.html","https://opensea.io/item/ethereum/0xbe85fbd182af91290be7293438ae67549638189f/9544","OK",""
"9545","9545","Light Cult Crypto Club #9545","RE-011355","9501-9600","D:\github\ron-english-light-cult-9001-10000\images\9501-9600\RE-011355.jpg","52575","images/9501-9600/RE-011355.jpg","RE-011355.jpg","D:\github\ron-english-light-cult-9001-10000\images\9501-9600\RE-011355.jpg","items/lccc-9545.html","https://ronenglish-archive.github.io/ron-english-light-cult-9001-10000/items/lccc-9545.html","https://opensea.io/item/ethereum/0xbe85fbd182af91290be7293438ae67549638189f/9545","OK",""
"9546","9546","Light Cult Crypto Club #9546","RE-011356","9501-9600","D:\github\ron-english-light-cult-9001-10000\images\9501-9600\RE-011356.jpg","127206","images/9501-9600/RE-011356.jpg","RE-011356.jpg","D:\github\ron-english-light-cult-9001-10000\images\9501-9600\RE-011356.jpg","items/lccc-9546.html","https://ronenglish-archive.github.io/ron-english-light-cult-9001-10000/items/lccc-9546.html","https://opensea.io/item/ethereum/0xbe85fbd182af91290be7293438ae67549638189f/9546","OK",""
"9547","9547","Light Cult Crypto Club #9547","RE-011357","9501-9600","D:\github\ron-english-light-cult-9001-10000\images\9501-9600\RE-011357.jpg","66351","images/9501-9600/RE-011357.jpg","RE-011357.jpg","D:\github\ron-english-light-cult-9001-10000\images\9501-9600\RE-011357.jpg","items/lccc-9547.html","https://ronenglish-archive.github.io/ron-english-light-cult-9001-10000/items/lccc-9547.html","https://opensea.io/item/ethereum/0xbe85fbd182af91290be7293438ae67549638189f/9547","OK",""
"9548","9548","Light Cult Crypto Club #9548","RE-011358","9501-9600","D:\github\ron-english-light-cult-9001-10000\images\9501-9600\RE-011358.jpg","125620","images/9501-9600/RE-011358.jpg","RE-011358.jpg","D:\github\ron-english-light-cult-9001-10000\images\9501-9600\RE-011358.jpg","items/lccc-9548.html","https://ronenglish-archive.github.io/ron-english-light-cult-9001-10000/items/lccc-9548.html","https://opensea.io/item/ethereum/0xbe85fbd182af91290be7293438ae67549638189f/9548","OK",""
"9549","9549","Light Cult Crypto Club #9549","RE-011359","9501-9600","D:\github\ron-english-light-cult-9001-10000\images\9501-9600\RE-011359.jpg","109064","images/9501-9600/RE-011359.jpg","RE-011359.jpg","D:\github\ron-english-light-cult-9001-10000\images\9501-9600\RE-011359.jpg","items/lccc-9549.html","https://ronenglish-archive.github.io/ron-english-light-cult-9001-10000/items/lccc-9549.html","https://opensea.io/item/ethereum/0xbe85fbd182af91290be7293438ae67549638189f/9549","OK",""
"9550","9550","Light Cult Crypto Club #9550","RE-011360","9501-9600","D:\github\ron-english-light-cult-9001-10000\images\9501-9600\RE-011360.jpg","134742","images/9501-9600/RE-011360.jpg","RE-011360.jpg","D:\github\ron-english-light-cult-9001-10000\images\9501-9600\RE-011360.jpg","items/lccc-9550.html","https://ronenglish-archive.github.io/ron-english-light-cult-9001-10000/items/lccc-9550.html","https://opensea.io/item/ethereum/0xbe85fbd182af91290be7293438ae67549638189f/9550","OK",""
"9551","9551","Light Cult Crypto Club #9551","RE-011361","9501-9600","D:\github\ron-english-light-cult-9001-10000\images\9501-9600\RE-011361.jpg","106980","images/9501-9600/RE-011361.jpg","RE-011361.jpg","D:\github\ron-english-light-cult-9001-10000\images\9501-9600\RE-011361.jpg","items/lccc-9551.html","https://ronenglish-archive.github.io/ron-english-light-cult-9001-10000/items/lccc-9551.html","https://opensea.io/item/ethereum/0xbe85fbd182af91290be7293438ae67549638189f/9551","OK",""
"9552","9552","Light Cult Crypto Club #9552","RE-011362","9501-9600","D:\github\ron-english-light-cult-9001-10000\images\9501-9600\RE-011362.jpg","76114","images/9501-9600/RE-011362.jpg","RE-011362.jpg","D:\github\ron-english-light-cult-9001-10000\images\9501-9600\RE-011362.jpg","items/lccc-9552.html","https://ronenglish-archive.github.io/ron-english-light-cult-9001-10000/items/lccc-9552.html","https://opensea.io/item/ethereum/0xbe85fbd182af91290be7293438ae67549638189f/9552","OK",""
"9553","9553","Light Cult Crypto Club #9553","RE-011363","9501-9600","D:\github\ron-english-light-cult-9001-10000\images\9501-9600\RE-011363.jpg","61681","images/9501-9600/RE-011363.jpg","RE-011363.jpg","D:\github\ron-english-light-cult-9001-10000\images\9501-9600\RE-011363.jpg","items/lccc-9553.html","https://ronenglish-archive.github.io/ron-english-light-cult-9001-10000/items/lccc-9553.html","https://opensea.io/item/ethereum/0xbe85fbd182af91290be7293438ae67549638189f/9553","OK",""
"9554","9554","Light Cult Crypto Club #9554","RE-011364","9501-9600","D:\github\ron-english-light-cult-9001-10000\images\9501-9600\RE-011364.jpg","155640","images/9501-9600/RE-011364.jpg","RE-011364.jpg","D:\github\ron-english-light-cult-9001-10000\images\9501-9600\RE-011364.jpg","items/lccc-9554.html","https://ronenglish-archive.github.io/ron-english-light-cult-9001-10000/items/lccc-9554.html","https://opensea.io/item/ethereum/0xbe85fbd182af91290be7293438ae67549638189f/9554","OK",""
"9555","9555","Light Cult Crypto Club #9555","RE-011365","9501-9600","D:\github\ron-english-light-cult-9001-10000\images\9501-9600\RE-011365.jpg","119247","images/9501-9600/RE-011365.jpg","RE-011365.jpg","D:\github\ron-english-light-cult-9001-10000\images\9501-9600\RE-011365.jpg","items/lccc-9555.html","https://ronenglish-archive.github.io/ron-english-light-cult-9001-10000/items/lccc-9555.html","https://opensea.io/item/ethereum/0xbe85fbd182af91290be7293438ae67549638189f/9555","OK",""
"9556","9556","Light Cult Crypto Club #9556","RE-011366","9501-9600","D:\github\ron-english-light-cult-9001-10000\images\9501-9600\RE-011366.jpg","76584","images/9501-9600/RE-011366.jpg","RE-011366.jpg","D:\github\ron-english-light-cult-9001-10000\images\9501-9600\RE-011366.jpg","items/lccc-9556.html","https://ronenglish-archive.github.io/ron-english-light-cult-9001-10000/items/lccc-9556.html","https://opensea.io/item/ethereum/0xbe85fbd182af91290be7293438ae67549638189f/9556","OK",""
"9557","9557","Light Cult Crypto Club #9557","RE-011367","9501-9600","D:\github\ron-english-light-cult-9001-10000\images\9501-9600\RE-011367.jpg","87473","images/9501-9600/RE-011367.jpg","RE-011367.jpg","D:\github\ron-english-light-cult-9001-10000\images\9501-9600\RE-011367.jpg","items/lccc-9557.html","https://ronenglish-archive.github.io/ron-english-light-cult-9001-10000/items/lccc-9557.html","https://opensea.io/item/ethereum/0xbe85fbd182af91290be7293438ae67549638189f/9557","OK",""
"9558","9558","Light Cult Crypto Club #9558","RE-011368","9501-9600","D:\github\ron-english-light-cult-9001-10000\images\9501-9600\RE-011368.jpg","112868","images/9501-9600/RE-011368.jpg","RE-011368.jpg","D:\github\ron-english-light-cult-9001-10000\images\9501-9600\RE-011368.jpg","items/lccc-9558.html","https://ronenglish-archive.github.io/ron-english-light-cult-9001-10000/items/lccc-9558.html","https://opensea.io/item/ethereum/0xbe85fbd182af91290be7293438ae67549638189f/9558","OK",""
"9559","9559","Light Cult Crypto Club #9559","RE-011369","9501-9600","D:\github\ron-english-light-cult-9001-10000\images\9501-9600\RE-011369.jpg","88751","images/9501-9600/RE-011369.jpg","RE-011369.jpg","D:\github\ron-english-light-cult-9001-10000\images\9501-9600\RE-011369.jpg","items/lccc-9559.html","https://ronenglish-archive.github.io/ron-english-light-cult-9001-10000/items/lccc-9559.html","https://opensea.io/item/ethereum/0xbe85fbd182af91290be7293438ae67549638189f/9559","OK",""
"9560","9560","Light Cult Crypto Club #9560","RE-011370","9501-9600","D:\github\ron-english-light-cult-9001-10000\images\9501-9600\RE-011370.jpg","144618","images/9501-9600/RE-011370.jpg","RE-011370.jpg","D:\github\ron-english-light-cult-9001-10000\images\9501-9600\RE-011370.jpg","items/lccc-9560.html","https://ronenglish-archive.github.io/ron-english-light-cult-9001-10000/items/lccc-9560.html","https://opensea.io/item/ethereum/0xbe85fbd182af91290be7293438ae67549638189f/9560","OK",""
"9561","9561","Light Cult Crypto Club #9561","RE-011371","9501-9600","D:\github\ron-english-light-cult-9001-10000\images\9501-9600\RE-011371.jpg","182361","images/9501-9600/RE-011371.jpg","RE-011371.jpg","D:\github\ron-english-light-cult-9001-10000\images\9501-9600\RE-011371.jpg","items/lccc-9561.html","https://ronenglish-archive.github.io/ron-english-light-cult-9001-10000/items/lccc-9561.html","https://opensea.io/item/ethereum/0xbe85fbd182af91290be7293438ae67549638189f/9561","OK",""
"9562","9562","Light Cult Crypto Club #9562","RE-011372","9501-9600","D:\github\ron-english-light-cult-9001-10000\images\9501-9600\RE-011372.jpg","122403","images/9501-9600/RE-011372.jpg","RE-011372.jpg","D:\github\ron-english-light-cult-9001-10000\images\9501-9600\RE-011372.jpg","items/lccc-9562.html","https://ronenglish-archive.github.io/ron-english-light-cult-9001-10000/items/lccc-9562.html","https://opensea.io/item/ethereum/0xbe85fbd182af91290be7293438ae67549638189f/9562","OK",""
"9563","9563","Light Cult Crypto Club #9563","RE-011373","9501-9600","D:\github\ron-english-light-cult-9001-10000\images\9501-9600\RE-011373.jpg","126241","images/9501-9600/RE-011373.jpg","RE-011373.jpg","D:\github\ron-english-light-cult-9001-10000\images\9501-9600\RE-011373.jpg","items/lccc-9563.html","https://ronenglish-archive.github.io/ron-english-light-cult-9001-10000/items/lccc-9563.html","https://opensea.io/item/ethereum/0xbe85fbd182af91290be7293438ae67549638189f/9563","OK",""
"9564","9564","Light Cult Crypto Club #9564","RE-011374","9501-9600","D:\github\ron-english-light-cult-9001-10000\images\9501-9600\RE-011374.jpg","117674","images/9501-9600/RE-011374.jpg","RE-011374.jpg","D:\github\ron-english-light-cult-9001-10000\images\9501-9600\RE-011374.jpg","items/lccc-9564.html","https://ronenglish-archive.github.io/ron-english-light-cult-9001-10000/items/lccc-9564.html","https://opensea.io/item/ethereum/0xbe85fbd182af91290be7293438ae67549638189f/9564","OK",""
"9565","9565","Light Cult Crypto Club #9565","RE-011375","9501-9600","D:\github\ron-english-light-cult-9001-10000\images\9501-9600\RE-011375.jpg","94211","images/9501-9600/RE-011375.jpg","RE-011375.jpg","D:\github\ron-english-light-cult-9001-10000\images\9501-9600\RE-011375.jpg","items/lccc-9565.html","https://ronenglish-archive.github.io/ron-english-light-cult-9001-10000/items/lccc-9565.html","https://opensea.io/item/ethereum/0xbe85fbd182af91290be7293438ae67549638189f/9565","OK",""
"9566","9566","Light Cult Crypto Club #9566","RE-011376","9501-9600","D:\github\ron-english-light-cult-9001-10000\images\9501-9600\RE-011376.jpg","77513","images/9501-9600/RE-011376.jpg","RE-011376.jpg","D:\github\ron-english-light-cult-9001-10000\images\9501-9600\RE-011376.jpg","items/lccc-9566.html","https://ronenglish-archive.github.io/ron-english-light-cult-9001-10000/items/lccc-9566.html","https://opensea.io/item/ethereum/0xbe85fbd182af91290be7293438ae67549638189f/9566","OK",""
"9567","9567","Light Cult Crypto Club #9567","RE-011377","9501-9600","D:\github\ron-english-light-cult-9001-10000\images\9501-9600\RE-011377.jpg","104836","images/9501-9600/RE-011377.jpg","RE-011377.jpg","D:\github\ron-english-light-cult-9001-10000\images\9501-9600\RE-011377.jpg","items/lccc-9567.html","https://ronenglish-archive.github.io/ron-english-light-cult-9001-10000/items/lccc-9567.html","https://opensea.io/item/ethereum/0xbe85fbd182af91290be7293438ae67549638189f/9567","OK",""
"9568","9568","Light Cult Crypto Club #9568","RE-011378","9501-9600","D:\github\ron-english-light-cult-9001-10000\images\9501-9600\RE-011378.jpg","77997","images/9501-9600/RE-011378.jpg","RE-011378.jpg","D:\github\ron-english-light-cult-9001-10000\images\9501-9600\RE-011378.jpg","items/lccc-9568.html","https://ronenglish-archive.github.io/ron-english-light-cult-9001-10000/items/lccc-9568.html","https://opensea.io/item/ethereum/0xbe85fbd182af91290be7293438ae67549638189f/9568","OK",""
"9569","9569","Light Cult Crypto Club #9569","RE-011379","9501-9600","D:\github\ron-english-light-cult-9001-10000\images\9501-9600\RE-011379.jpg","81372","images/9501-9600/RE-011379.jpg","RE-011379.jpg","D:\github\ron-english-light-cult-9001-10000\images\9501-9600\RE-011379.jpg","items/lccc-9569.html","https://ronenglish-archive.github.io/ron-english-light-cult-9001-10000/items/lccc-9569.html","https://opensea.io/item/ethereum/0xbe85fbd182af91290be7293438ae67549638189f/9569","OK",""
"9570","9570","Light Cult Crypto Club #9570","RE-011380","9501-9600","D:\github\ron-english-light-cult-9001-10000\images\9501-9600\RE-011380.jpg","95461","images/9501-9600/RE-011380.jpg","RE-011380.jpg","D:\github\ron-english-light-cult-9001-10000\images\9501-9600\RE-011380.jpg","items/lccc-9570.html","https://ronenglish-archive.github.io/ron-english-light-cult-9001-10000/items/lccc-9570.html","https://opensea.io/item/ethereum/0xbe85fbd182af91290be7293438ae67549638189f/9570","OK",""
"9571","9571","Light Cult Crypto Club #9571","RE-011381","9501-9600","D:\github\ron-english-light-cult-9001-10000\images\9501-9600\RE-011381.jpg","51751","images/9501-9600/RE-011381.jpg","RE-011381.jpg","D:\github\ron-english-light-cult-9001-10000\images\9501-9600\RE-011381.jpg","items/lccc-9571.html","https://ronenglish-archive.github.io/ron-english-light-cult-9001-10000/items/lccc-9571.html","https://opensea.io/item/ethereum/0xbe85fbd182af91290be7293438ae67549638189f/9571","OK",""
"9572","9572","Light Cult Crypto Club #9572","RE-011382","9501-9600","D:\github\ron-english-light-cult-9001-10000\images\9501-9600\RE-011382.jpg","103937","images/9501-9600/RE-011382.jpg","RE-011382.jpg","D:\github\ron-english-light-cult-9001-10000\images\9501-9600\RE-011382.jpg","items/lccc-9572.html","https://ronenglish-archive.github.io/ron-english-light-cult-9001-10000/items/lccc-9572.html","https://opensea.io/item/ethereum/0xbe85fbd182af91290be7293438ae67549638189f/9572","OK",""
"9573","9573","Light Cult Crypto Club #9573","RE-011383","9501-9600","D:\github\ron-english-light-cult-9001-10000\images\9501-9600\RE-011383.jpg","73220","images/9501-9600/RE-011383.jpg","RE-011383.jpg","D:\github\ron-english-light-cult-9001-10000\images\9501-9600\RE-011383.jpg","items/lccc-9573.html","https://ronenglish-archive.github.io/ron-english-light-cult-9001-10000/items/lccc-9573.html","https://opensea.io/item/ethereum/0xbe85fbd182af91290be7293438ae67549638189f/9573","OK",""
"9574","9574","Light Cult Crypto Club #9574","RE-011384","9501-9600","D:\github\ron-english-light-cult-9001-10000\images\9501-9600\RE-011384.jpg","66158","images/9501-9600/RE-011384.jpg","RE-011384.jpg","D:\github\ron-english-light-cult-9001-10000\images\9501-9600\RE-011384.jpg","items/lccc-9574.html","https://ronenglish-archive.github.io/ron-english-light-cult-9001-10000/items/lccc-9574.html","https://opensea.io/item/ethereum/0xbe85fbd182af91290be7293438ae67549638189f/9574","OK",""
"9575","9575","Light Cult Crypto Club #9575","RE-011385","9501-9600","D:\github\ron-english-light-cult-9001-10000\images\9501-9600\RE-011385.jpg","130545","images/9501-9600/RE-011385.jpg","RE-011385.jpg","D:\github\ron-english-light-cult-9001-10000\images\9501-9600\RE-011385.jpg","items/lccc-9575.html","https://ronenglish-archive.github.io/ron-english-light-cult-9001-10000/items/lccc-9575.html","https://opensea.io/item/ethereum/0xbe85fbd182af91290be7293438ae67549638189f/9575","OK",""
"9576","9576","Light Cult Crypto Club #9576","RE-011386","9501-9600","D:\github\ron-english-light-cult-9001-10000\images\9501-9600\RE-011386.jpg","99668","images/9501-9600/RE-011386.jpg","RE-011386.jpg","D:\github\ron-english-light-cult-9001-10000\images\9501-9600\RE-011386.jpg","items/lccc-9576.html","https://ronenglish-archive.github.io/ron-english-light-cult-9001-10000/items/lccc-9576.html","https://opensea.io/item/ethereum/0xbe85fbd182af91290be7293438ae67549638189f/9576","OK",""
"9577","9577","Light Cult Crypto Club #9577","RE-011387","9501-9600","D:\github\ron-english-light-cult-9001-10000\images\9501-9600\RE-011387.jpg","64081","images/9501-9600/RE-011387.jpg","RE-011387.jpg","D:\github\ron-english-light-cult-9001-10000\images\9501-9600\RE-011387.jpg","items/lccc-9577.html","https://ronenglish-archive.github.io/ron-english-light-cult-9001-10000/items/lccc-9577.html","https://opensea.io/item/ethereum/0xbe85fbd182af91290be7293438ae67549638189f/9577","OK",""
"9578","9578","Light Cult Crypto Club #9578","RE-011388","9501-9600","D:\github\ron-english-light-cult-9001-10000\images\9501-9600\RE-011388.jpg","83888","images/9501-9600/RE-011388.jpg","RE-011388.jpg","D:\github\ron-english-light-cult-9001-10000\images\9501-9600\RE-011388.jpg","items/lccc-9578.html","https://ronenglish-archive.github.io/ron-english-light-cult-9001-10000/items/lccc-9578.html","https://opensea.io/item/ethereum/0xbe85fbd182af91290be7293438ae67549638189f/9578","OK",""
"9579","9579","Light Cult Crypto Club #9579","RE-011389","9501-9600","D:\github\ron-english-light-cult-9001-10000\images\9501-9600\RE-011389.jpg","128879","images/9501-9600/RE-011389.jpg","RE-011389.jpg","D:\github\ron-english-light-cult-9001-10000\images\9501-9600\RE-011389.jpg","items/lccc-9579.html","https://ronenglish-archive.github.io/ron-english-light-cult-9001-10000/items/lccc-9579.html","https://opensea.io/item/ethereum/0xbe85fbd182af91290be7293438ae67549638189f/9579","OK",""
"9580","9580","Light Cult Crypto Club #9580","RE-011390","9501-9600","D:\github\ron-english-light-cult-9001-10000\images\9501-9600\RE-011390.jpg","167449","images/9501-9600/RE-011390.jpg","RE-011390.jpg","D:\github\ron-english-light-cult-9001-10000\images\9501-9600\RE-011390.jpg","items/lccc-9580.html","https://ronenglish-archive.github.io/ron-english-light-cult-9001-10000/items/lccc-9580.html","https://opensea.io/item/ethereum/0xbe85fbd182af91290be7293438ae67549638189f/9580","OK",""
"9581","9581","Light Cult Crypto Club #9581","RE-011391","9501-9600","D:\github\ron-english-light-cult-9001-10000\images\9501-9600\RE-011391.jpg","146652","images/9501-9600/RE-011391.jpg","RE-011391.jpg","D:\github\ron-english-light-cult-9001-10000\images\9501-9600\RE-011391.jpg","items/lccc-9581.html","https://ronenglish-archive.github.io/ron-english-light-cult-9001-10000/items/lccc-9581.html","https://opensea.io/item/ethereum/0xbe85fbd182af91290be7293438ae67549638189f/9581","OK",""
"9582","9582","Light Cult Crypto Club #9582","RE-011392","9501-9600","D:\github\ron-english-light-cult-9001-10000\images\9501-9600\RE-011392.jpg","126947","images/9501-9600/RE-011392.jpg","RE-011392.jpg","D:\github\ron-english-light-cult-9001-10000\images\9501-9600\RE-011392.jpg","items/lccc-9582.html","https://ronenglish-archive.github.io/ron-english-light-cult-9001-10000/items/lccc-9582.html","https://opensea.io/item/ethereum/0xbe85fbd182af91290be7293438ae67549638189f/9582","OK",""
"9583","9583","Light Cult Crypto Club #9583","RE-011393","9501-9600","D:\github\ron-english-light-cult-9001-10000\images\9501-9600\RE-011393.jpg","75436","images/9501-9600/RE-011393.jpg","RE-011393.jpg","D:\github\ron-english-light-cult-9001-10000\images\9501-9600\RE-011393.jpg","items/lccc-9583.html","https://ronenglish-archive.github.io/ron-english-light-cult-9001-10000/items/lccc-9583.html","https://opensea.io/item/ethereum/0xbe85fbd182af91290be7293438ae67549638189f/9583","OK",""
"9584","9584","Light Cult Crypto Club #9584","RE-011394","9501-9600","D:\github\ron-english-light-cult-9001-10000\images\9501-9600\RE-011394.jpg","157110","images/9501-9600/RE-011394.jpg","RE-011394.jpg","D:\github\ron-english-light-cult-9001-10000\images\9501-9600\RE-011394.jpg","items/lccc-9584.html","https://ronenglish-archive.github.io/ron-english-light-cult-9001-10000/items/lccc-9584.html","https://opensea.io/item/ethereum/0xbe85fbd182af91290be7293438ae67549638189f/9584","OK",""
"9585","9585","Light Cult Crypto Club #9585","RE-011395","9501-9600","D:\github\ron-english-light-cult-9001-10000\images\9501-9600\RE-011395.jpg","63681","images/9501-9600/RE-011395.jpg","RE-011395.jpg","D:\github\ron-english-light-cult-9001-10000\images\9501-9600\RE-011395.jpg","items/lccc-9585.html","https://ronenglish-archive.github.io/ron-english-light-cult-9001-10000/items/lccc-9585.html","https://opensea.io/item/ethereum/0xbe85fbd182af91290be7293438ae67549638189f/9585","OK",""
"9586","9586","Light Cult Crypto Club #9586","RE-011396","9501-9600","D:\github\ron-english-light-cult-9001-10000\images\9501-9600\RE-011396.jpg","61020","images/9501-9600/RE-011396.jpg","RE-011396.jpg","D:\github\ron-english-light-cult-9001-10000\images\9501-9600\RE-011396.jpg","items/lccc-9586.html","https://ronenglish-archive.github.io/ron-english-light-cult-9001-10000/items/lccc-9586.html","https://opensea.io/item/ethereum/0xbe85fbd182af91290be7293438ae67549638189f/9586","OK",""
"9587","9587","Light Cult Crypto Club #9587","RE-011397","9501-9600","D:\github\ron-english-light-cult-9001-10000\images\9501-9600\RE-011397.jpg","102502","images/9501-9600/RE-011397.jpg","RE-011397.jpg","D:\github\ron-english-light-cult-9001-10000\images\9501-9600\RE-011397.jpg","items/lccc-9587.html","https://ronenglish-archive.github.io/ron-english-light-cult-9001-10000/items/lccc-9587.html","https://opensea.io/item/ethereum/0xbe85fbd182af91290be7293438ae67549638189f/9587","OK",""
"9588","9588","Light Cult Crypto Club #9588","RE-011398","9501-9600","D:\github\ron-english-light-cult-9001-10000\images\9501-9600\RE-011398.jpg","145463","images/9501-9600/RE-011398.jpg","RE-011398.jpg","D:\github\ron-english-light-cult-9001-10000\images\9501-9600\RE-011398.jpg","items/lccc-9588.html","https://ronenglish-archive.github.io/ron-english-light-cult-9001-10000/items/lccc-9588.html","https://opensea.io/item/ethereum/0xbe85fbd182af91290be7293438ae67549638189f/9588","OK",""
"9589","9589","Light Cult Crypto Club #9589","RE-011399","9501-9600","D:\github\ron-english-light-cult-9001-10000\images\9501-9600\RE-011399.jpg","107568","images/9501-9600/RE-011399.jpg","RE-011399.jpg","D:\github\ron-english-light-cult-9001-10000\images\9501-9600\RE-011399.jpg","items/lccc-9589.html","https://ronenglish-archive.github.io/ron-english-light-cult-9001-10000/items/lccc-9589.html","https://opensea.io/item/ethereum/0xbe85fbd182af91290be7293438ae67549638189f/9589","OK",""
"9590","9590","Light Cult Crypto Club #9590","RE-011400","9501-9600","D:\github\ron-english-light-cult-9001-10000\images\9501-9600\RE-011400.jpg","137555","images/9501-9600/RE-011400.jpg","RE-011400.jpg","D:\github\ron-english-light-cult-9001-10000\images\9501-9600\RE-011400.jpg","items/lccc-9590.html","https://ronenglish-archive.github.io/ron-english-light-cult-9001-10000/items/lccc-9590.html","https://opensea.io/item/ethereum/0xbe85fbd182af91290be7293438ae67549638189f/9590","OK",""
"9591","9591","Light Cult Crypto Club #9591","RE-011401","9501-9600","D:\github\ron-english-light-cult-9001-10000\images\9501-9600\RE-011401.jpg","57990","images/9501-9600/RE-011401.jpg","RE-011401.jpg","D:\github\ron-english-light-cult-9001-10000\images\9501-9600\RE-011401.jpg","items/lccc-9591.html","https://ronenglish-archive.github.io/ron-english-light-cult-9001-10000/items/lccc-9591.html","https://opensea.io/item/ethereum/0xbe85fbd182af91290be7293438ae67549638189f/9591","OK",""
"9592","9592","Light Cult Crypto Club #9592","RE-011402","9501-9600","D:\github\ron-english-light-cult-9001-10000\images\9501-9600\RE-011402.jpg","48984","images/9501-9600/RE-011402.jpg","RE-011402.jpg","D:\github\ron-english-light-cult-9001-10000\images\9501-9600\RE-011402.jpg","items/lccc-9592.html","https://ronenglish-archive.github.io/ron-english-light-cult-9001-10000/items/lccc-9592.html","https://opensea.io/item/ethereum/0xbe85fbd182af91290be7293438ae67549638189f/9592","OK",""
"9593","9593","Light Cult Crypto Club #9593","RE-011403","9501-9600","D:\github\ron-english-light-cult-9001-10000\images\9501-9600\RE-011403.jpg","63499","images/9501-9600/RE-011403.jpg","RE-011403.jpg","D:\github\ron-english-light-cult-9001-10000\images\9501-9600\RE-011403.jpg","items/lccc-9593.html","https://ronenglish-archive.github.io/ron-english-light-cult-9001-10000/items/lccc-9593.html","https://opensea.io/item/ethereum/0xbe85fbd182af91290be7293438ae67549638189f/9593","OK",""
"9594","9594","Light Cult Crypto Club #9594","RE-011404","9501-9600","D:\github\ron-english-light-cult-9001-10000\images\9501-9600\RE-011404.jpg","100328","images/9501-9600/RE-011404.jpg","RE-011404.jpg","D:\github\ron-english-light-cult-9001-10000\images\9501-9600\RE-011404.jpg","items/lccc-9594.html","https://ronenglish-archive.github.io/ron-english-light-cult-9001-10000/items/lccc-9594.html","https://opensea.io/item/ethereum/0xbe85fbd182af91290be7293438ae67549638189f/9594","OK",""
"9595","9595","Light Cult Crypto Club #9595","RE-011405","9501-9600","D:\github\ron-english-light-cult-9001-10000\images\9501-9600\RE-011405.jpg","133127","images/9501-9600/RE-011405.jpg","RE-011405.jpg","D:\github\ron-english-light-cult-9001-10000\images\9501-9600\RE-011405.jpg","items/lccc-9595.html","https://ronenglish-archive.github.io/ron-english-light-cult-9001-10000/items/lccc-9595.html","https://opensea.io/item/ethereum/0xbe85fbd182af91290be7293438ae67549638189f/9595","OK",""
"9596","9596","Light Cult Crypto Club #9596","RE-011406","9501-9600","D:\github\ron-english-light-cult-9001-10000\images\9501-9600\RE-011406.jpg","84798","images/9501-9600/RE-011406.jpg","RE-011406.jpg","D:\github\ron-english-light-cult-9001-10000\images\9501-9600\RE-011406.jpg","items/lccc-9596.html","https://ronenglish-archive.github.io/ron-english-light-cult-9001-10000/items/lccc-9596.html","https://opensea.io/item/ethereum/0xbe85fbd182af91290be7293438ae67549638189f/9596","OK",""
"9597","9597","Light Cult Crypto Club #9597","RE-011407","9501-9600","D:\github\ron-english-light-cult-9001-10000\images\9501-9600\RE-011407.jpg","42457","images/9501-9600/RE-011407.jpg","RE-011407.jpg","D:\github\ron-english-light-cult-9001-10000\images\9501-9600\RE-011407.jpg","items/lccc-9597.html","https://ronenglish-archive.github.io/ron-english-light-cult-9001-10000/items/lccc-9597.html","https://opensea.io/item/ethereum/0xbe85fbd182af91290be7293438ae67549638189f/9597","OK",""
"9598","9598","Light Cult Crypto Club #9598","RE-011408","9501-9600","D:\github\ron-english-light-cult-9001-10000\images\9501-9600\RE-011408.jpg","81968","images/9501-9600/RE-011408.jpg","RE-011408.jpg","D:\github\ron-english-light-cult-9001-10000\images\9501-9600\RE-011408.jpg","items/lccc-9598.html","https://ronenglish-archive.github.io/ron-english-light-cult-9001-10000/items/lccc-9598.html","https://opensea.io/item/ethereum/0xbe85fbd182af91290be7293438ae67549638189f/9598","OK",""
"9599","9599","Light Cult Crypto Club #9599","RE-011409","9501-9600","D:\github\ron-english-light-cult-9001-10000\images\9501-9600\RE-011409.jpg","55195","images/9501-9600/RE-011409.jpg","RE-011409.jpg","D:\github\ron-english-light-cult-9001-10000\images\9501-9600\RE-011409.jpg","items/lccc-9599.html","https://ronenglish-archive.github.io/ron-english-light-cult-9001-10000/items/lccc-9599.html","https://opensea.io/item/ethereum/0xbe85fbd182af91290be7293438ae67549638189f/9599","OK",""
"9600","9600","Light Cult Crypto Club #9600","RE-011410","9501-9600","D:\github\ron-english-light-cult-9001-10000\images\9501-9600\RE-011410.jpg","139525","images/9501-9600/RE-011410.jpg","RE-011410.jpg","D:\github\ron-english-light-cult-9001-10000\images\9501-9600\RE-011410.jpg","items/lccc-9600.html","https://ronenglish-archive.github.io/ron-english-light-cult-9001-10000/items/lccc-9600.html","https://opensea.io/item/ethereum/0xbe85fbd182af91290be7293438ae67549638189f/9600","OK",""
"9601","9601","Light Cult Crypto Club #9601","RE-011411","9601-9700","D:\github\ron-english-light-cult-9001-10000\images\9601-9700\RE-011411.jpg","130186","images/9601-9700/RE-011411.jpg","RE-011411.jpg","D:\github\ron-english-light-cult-9001-10000\images\9601-9700\RE-011411.jpg","items/lccc-9601.html","https://ronenglish-archive.github.io/ron-english-light-cult-9001-10000/items/lccc-9601.html","https://opensea.io/item/ethereum/0xbe85fbd182af91290be7293438ae67549638189f/9601","OK",""
"9602","9602","Light Cult Crypto Club #9602","RE-011412","9601-9700","D:\github\ron-english-light-cult-9001-10000\images\9601-9700\RE-011412.jpg","76151","images/9601-9700/RE-011412.jpg","RE-011412.jpg","D:\github\ron-english-light-cult-9001-10000\images\9601-9700\RE-011412.jpg","items/lccc-9602.html","https://ronenglish-archive.github.io/ron-english-light-cult-9001-10000/items/lccc-9602.html","https://opensea.io/item/ethereum/0xbe85fbd182af91290be7293438ae67549638189f/9602","OK",""
"9603","9603","Light Cult Crypto Club #9603","RE-011413","9601-9700","D:\github\ron-english-light-cult-9001-10000\images\9601-9700\RE-011413.jpg","60441","images/9601-9700/RE-011413.jpg","RE-011413.jpg","D:\github\ron-english-light-cult-9001-10000\images\9601-9700\RE-011413.jpg","items/lccc-9603.html","https://ronenglish-archive.github.io/ron-english-light-cult-9001-10000/items/lccc-9603.html","https://opensea.io/item/ethereum/0xbe85fbd182af91290be7293438ae67549638189f/9603","OK",""
"9604","9604","Light Cult Crypto Club #9604","RE-011414","9601-9700","D:\github\ron-english-light-cult-9001-10000\images\9601-9700\RE-011414.jpg","105355","images/9601-9700/RE-011414.jpg","RE-011414.jpg","D:\github\ron-english-light-cult-9001-10000\images\9601-9700\RE-011414.jpg","items/lccc-9604.html","https://ronenglish-archive.github.io/ron-english-light-cult-9001-10000/items/lccc-9604.html","https://opensea.io/item/ethereum/0xbe85fbd182af91290be7293438ae67549638189f/9604","OK",""
"9605","9605","Light Cult Crypto Club #9605","RE-011415","9601-9700","D:\github\ron-english-light-cult-9001-10000\images\9601-9700\RE-011415.jpg","133248","images/9601-9700/RE-011415.jpg","RE-011415.jpg","D:\github\ron-english-light-cult-9001-10000\images\9601-9700\RE-011415.jpg","items/lccc-9605.html","https://ronenglish-archive.github.io/ron-english-light-cult-9001-10000/items/lccc-9605.html","https://opensea.io/item/ethereum/0xbe85fbd182af91290be7293438ae67549638189f/9605","OK",""
"9606","9606","Light Cult Crypto Club #9606","RE-011416","9601-9700","D:\github\ron-english-light-cult-9001-10000\images\9601-9700\RE-011416.jpg","213048","images/9601-9700/RE-011416.jpg","RE-011416.jpg","D:\github\ron-english-light-cult-9001-10000\images\9601-9700\RE-011416.jpg","items/lccc-9606.html","https://ronenglish-archive.github.io/ron-english-light-cult-9001-10000/items/lccc-9606.html","https://opensea.io/item/ethereum/0xbe85fbd182af91290be7293438ae67549638189f/9606","OK",""
"9607","9607","Light Cult Crypto Club #9607","RE-011417","9601-9700","D:\github\ron-english-light-cult-9001-10000\images\9601-9700\RE-011417.jpg","109092","images/9601-9700/RE-011417.jpg","RE-011417.jpg","D:\github\ron-english-light-cult-9001-10000\images\9601-9700\RE-011417.jpg","items/lccc-9607.html","https://ronenglish-archive.github.io/ron-english-light-cult-9001-10000/items/lccc-9607.html","https://opensea.io/item/ethereum/0xbe85fbd182af91290be7293438ae67549638189f/9607","OK",""
"9608","9608","Light Cult Crypto Club #9608","RE-011418","9601-9700","D:\github\ron-english-light-cult-9001-10000\images\9601-9700\RE-011418.jpg","60119","images/9601-9700/RE-011418.jpg","RE-011418.jpg","D:\github\ron-english-light-cult-9001-10000\images\9601-9700\RE-011418.jpg","items/lccc-9608.html","https://ronenglish-archive.github.io/ron-english-light-cult-9001-10000/items/lccc-9608.html","https://opensea.io/item/ethereum/0xbe85fbd182af91290be7293438ae67549638189f/9608","OK",""
"9609","9609","Light Cult Crypto Club #9609","RE-011419","9601-9700","D:\github\ron-english-light-cult-9001-10000\images\9601-9700\RE-011419.jpg","55228","images/9601-9700/RE-011419.jpg","RE-011419.jpg","D:\github\ron-english-light-cult-9001-10000\images\9601-9700\RE-011419.jpg","items/lccc-9609.html","https://ronenglish-archive.github.io/ron-english-light-cult-9001-10000/items/lccc-9609.html","https://opensea.io/item/ethereum/0xbe85fbd182af91290be7293438ae67549638189f/9609","OK",""
"9610","9610","Light Cult Crypto Club #9610","RE-011420","9601-9700","D:\github\ron-english-light-cult-9001-10000\images\9601-9700\RE-011420.jpg","146670","images/9601-9700/RE-011420.jpg","RE-011420.jpg","D:\github\ron-english-light-cult-9001-10000\images\9601-9700\RE-011420.jpg","items/lccc-9610.html","https://ronenglish-archive.github.io/ron-english-light-cult-9001-10000/items/lccc-9610.html","https://opensea.io/item/ethereum/0xbe85fbd182af91290be7293438ae67549638189f/9610","OK",""
"9611","9611","Light Cult Crypto Club #9611","RE-011421","9601-9700","D:\github\ron-english-light-cult-9001-10000\images\9601-9700\RE-011421.jpg","126999","images/9601-9700/RE-011421.jpg","RE-011421.jpg","D:\github\ron-english-light-cult-9001-10000\images\9601-9700\RE-011421.jpg","items/lccc-9611.html","https://ronenglish-archive.github.io/ron-english-light-cult-9001-10000/items/lccc-9611.html","https://opensea.io/item/ethereum/0xbe85fbd182af91290be7293438ae67549638189f/9611","OK",""
"9612","9612","Light Cult Crypto Club #9612","RE-011422","9601-9700","D:\github\ron-english-light-cult-9001-10000\images\9601-9700\RE-011422.jpg","125433","images/9601-9700/RE-011422.jpg","RE-011422.jpg","D:\github\ron-english-light-cult-9001-10000\images\9601-9700\RE-011422.jpg","items/lccc-9612.html","https://ronenglish-archive.github.io/ron-english-light-cult-9001-10000/items/lccc-9612.html","https://opensea.io/item/ethereum/0xbe85fbd182af91290be7293438ae67549638189f/9612","OK",""
"9613","9613","Light Cult Crypto Club #9613","RE-011423","9601-9700","D:\github\ron-english-light-cult-9001-10000\images\9601-9700\RE-011423.jpg","162466","images/9601-9700/RE-011423.jpg","RE-011423.jpg","D:\github\ron-english-light-cult-9001-10000\images\9601-9700\RE-011423.jpg","items/lccc-9613.html","https://ronenglish-archive.github.io/ron-english-light-cult-9001-10000/items/lccc-9613.html","https://opensea.io/item/ethereum/0xbe85fbd182af91290be7293438ae67549638189f/9613","OK",""
"9614","9614","Light Cult Crypto Club #9614","RE-011424","9601-9700","D:\github\ron-english-light-cult-9001-10000\images\9601-9700\RE-011424.jpg","159716","images/9601-9700/RE-011424.jpg","RE-011424.jpg","D:\github\ron-english-light-cult-9001-10000\images\9601-9700\RE-011424.jpg","items/lccc-9614.html","https://ronenglish-archive.github.io/ron-english-light-cult-9001-10000/items/lccc-9614.html","https://opensea.io/item/ethereum/0xbe85fbd182af91290be7293438ae67549638189f/9614","OK",""
"9615","9615","Light Cult Crypto Club #9615","RE-011425","9601-9700","D:\github\ron-english-light-cult-9001-10000\images\9601-9700\RE-011425.jpg","49467","images/9601-9700/RE-011425.jpg","RE-011425.jpg","D:\github\ron-english-light-cult-9001-10000\images\9601-9700\RE-011425.jpg","items/lccc-9615.html","https://ronenglish-archive.github.io/ron-english-light-cult-9001-10000/items/lccc-9615.html","https://opensea.io/item/ethereum/0xbe85fbd182af91290be7293438ae67549638189f/9615","OK",""
"9616","9616","Light Cult Crypto Club #9616","RE-011426","9601-9700","D:\github\ron-english-light-cult-9001-10000\images\9601-9700\RE-011426.jpg","42864","images/9601-9700/RE-011426.jpg","RE-011426.jpg","D:\github\ron-english-light-cult-9001-10000\images\9601-9700\RE-011426.jpg","items/lccc-9616.html","https://ronenglish-archive.github.io/ron-english-light-cult-9001-10000/items/lccc-9616.html","https://opensea.io/item/ethereum/0xbe85fbd182af91290be7293438ae67549638189f/9616","OK",""
"9617","9617","Light Cult Crypto Club #9617","RE-011427","9601-9700","D:\github\ron-english-light-cult-9001-10000\images\9601-9700\RE-011427.jpg","66454","images/9601-9700/RE-011427.jpg","RE-011427.jpg","D:\github\ron-english-light-cult-9001-10000\images\9601-9700\RE-011427.jpg","items/lccc-9617.html","https://ronenglish-archive.github.io/ron-english-light-cult-9001-10000/items/lccc-9617.html","https://opensea.io/item/ethereum/0xbe85fbd182af91290be7293438ae67549638189f/9617","OK",""
"9618","9618","Light Cult Crypto Club #9618","RE-011428","9601-9700","D:\github\ron-english-light-cult-9001-10000\images\9601-9700\RE-011428.jpg","135219","images/9601-9700/RE-011428.jpg","RE-011428.jpg","D:\github\ron-english-light-cult-9001-10000\images\9601-9700\RE-011428.jpg","items/lccc-9618.html","https://ronenglish-archive.github.io/ron-english-light-cult-9001-10000/items/lccc-9618.html","https://opensea.io/item/ethereum/0xbe85fbd182af91290be7293438ae67549638189f/9618","OK",""
"9619","9619","Light Cult Crypto Club #9619","RE-011429","9601-9700","D:\github\ron-english-light-cult-9001-10000\images\9601-9700\RE-011429.jpg","144971","images/9601-9700/RE-011429.jpg","RE-011429.jpg","D:\github\ron-english-light-cult-9001-10000\images\9601-9700\RE-011429.jpg","items/lccc-9619.html","https://ronenglish-archive.github.io/ron-english-light-cult-9001-10000/items/lccc-9619.html","https://opensea.io/item/ethereum/0xbe85fbd182af91290be7293438ae67549638189f/9619","OK",""
"9620","9620","Light Cult Crypto Club #9620","RE-011430","9601-9700","D:\github\ron-english-light-cult-9001-10000\images\9601-9700\RE-011430.jpg","66471","images/9601-9700/RE-011430.jpg","RE-011430.jpg","D:\github\ron-english-light-cult-9001-10000\images\9601-9700\RE-011430.jpg","items/lccc-9620.html","https://ronenglish-archive.github.io/ron-english-light-cult-9001-10000/items/lccc-9620.html","https://opensea.io/item/ethereum/0xbe85fbd182af91290be7293438ae67549638189f/9620","OK",""
"9621","9621","Light Cult Crypto Club #9621","RE-011431","9601-9700","D:\github\ron-english-light-cult-9001-10000\images\9601-9700\RE-011431.jpg","116966","images/9601-9700/RE-011431.jpg","RE-011431.jpg","D:\github\ron-english-light-cult-9001-10000\images\9601-9700\RE-011431.jpg","items/lccc-9621.html","https://ronenglish-archive.github.io/ron-english-light-cult-9001-10000/items/lccc-9621.html","https://opensea.io/item/ethereum/0xbe85fbd182af91290be7293438ae67549638189f/9621","OK",""
"9622","9622","Light Cult Crypto Club #9622","RE-011432","9601-9700","D:\github\ron-english-light-cult-9001-10000\images\9601-9700\RE-011432.jpg","96729","images/9601-9700/RE-011432.jpg","RE-011432.jpg","D:\github\ron-english-light-cult-9001-10000\images\9601-9700\RE-011432.jpg","items/lccc-9622.html","https://ronenglish-archive.github.io/ron-english-light-cult-9001-10000/items/lccc-9622.html","https://opensea.io/item/ethereum/0xbe85fbd182af91290be7293438ae67549638189f/9622","OK",""
"9623","9623","Light Cult Crypto Club #9623","RE-011433","9601-9700","D:\github\ron-english-light-cult-9001-10000\images\9601-9700\RE-011433.jpg","81278","images/9601-9700/RE-011433.jpg","RE-011433.jpg","D:\github\ron-english-light-cult-9001-10000\images\9601-9700\RE-011433.jpg","items/lccc-9623.html","https://ronenglish-archive.github.io/ron-english-light-cult-9001-10000/items/lccc-9623.html","https://opensea.io/item/ethereum/0xbe85fbd182af91290be7293438ae67549638189f/9623","OK",""
"9624","9624","Light Cult Crypto Club #9624","RE-011434","9601-9700","D:\github\ron-english-light-cult-9001-10000\images\9601-9700\RE-011434.jpg","169500","images/9601-9700/RE-011434.jpg","RE-011434.jpg","D:\github\ron-english-light-cult-9001-10000\images\9601-9700\RE-011434.jpg","items/lccc-9624.html","https://ronenglish-archive.github.io/ron-english-light-cult-9001-10000/items/lccc-9624.html","https://opensea.io/item/ethereum/0xbe85fbd182af91290be7293438ae67549638189f/9624","OK",""
"9625","9625","Light Cult Crypto Club #9625","RE-011435","9601-9700","D:\github\ron-english-light-cult-9001-10000\images\9601-9700\RE-011435.jpg","148267","images/9601-9700/RE-011435.jpg","RE-011435.jpg","D:\github\ron-english-light-cult-9001-10000\images\9601-9700\RE-011435.jpg","items/lccc-9625.html","https://ronenglish-archive.github.io/ron-english-light-cult-9001-10000/items/lccc-9625.html","https://opensea.io/item/ethereum/0xbe85fbd182af91290be7293438ae67549638189f/9625","OK",""
"9626","9626","Light Cult Crypto Club #9626","RE-011436","9601-9700","D:\github\ron-english-light-cult-9001-10000\images\9601-9700\RE-011436.jpg","139975","images/9601-9700/RE-011436.jpg","RE-011436.jpg","D:\github\ron-english-light-cult-9001-10000\images\9601-9700\RE-011436.jpg","items/lccc-9626.html","https://ronenglish-archive.github.io/ron-english-light-cult-9001-10000/items/lccc-9626.html","https://opensea.io/item/ethereum/0xbe85fbd182af91290be7293438ae67549638189f/9626","OK",""
"9627","9627","Light Cult Crypto Club #9627","RE-011437","9601-9700","D:\github\ron-english-light-cult-9001-10000\images\9601-9700\RE-011437.jpg","37846","images/9601-9700/RE-011437.jpg","RE-011437.jpg","D:\github\ron-english-light-cult-9001-10000\images\9601-9700\RE-011437.jpg","items/lccc-9627.html","https://ronenglish-archive.github.io/ron-english-light-cult-9001-10000/items/lccc-9627.html","https://opensea.io/item/ethereum/0xbe85fbd182af91290be7293438ae67549638189f/9627","OK",""
"9628","9628","Light Cult Crypto Club #9628","RE-011438","9601-9700","D:\github\ron-english-light-cult-9001-10000\images\9601-9700\RE-011438.jpg","53700","images/9601-9700/RE-011438.jpg","RE-011438.jpg","D:\github\ron-english-light-cult-9001-10000\images\9601-9700\RE-011438.jpg","items/lccc-9628.html","https://ronenglish-archive.github.io/ron-english-light-cult-9001-10000/items/lccc-9628.html","https://opensea.io/item/ethereum/0xbe85fbd182af91290be7293438ae67549638189f/9628","OK",""
"9629","9629","Light Cult Crypto Club #9629","RE-011439","9601-9700","D:\github\ron-english-light-cult-9001-10000\images\9601-9700\RE-011439.jpg","108338","images/9601-9700/RE-011439.jpg","RE-011439.jpg","D:\github\ron-english-light-cult-9001-10000\images\9601-9700\RE-011439.jpg","items/lccc-9629.html","https://ronenglish-archive.github.io/ron-english-light-cult-9001-10000/items/lccc-9629.html","https://opensea.io/item/ethereum/0xbe85fbd182af91290be7293438ae67549638189f/9629","OK",""
"9630","9630","Light Cult Crypto Club #9630","RE-011440","9601-9700","D:\github\ron-english-light-cult-9001-10000\images\9601-9700\RE-011440.jpg","44944","images/9601-9700/RE-011440.jpg","RE-011440.jpg","D:\github\ron-english-light-cult-9001-10000\images\9601-9700\RE-011440.jpg","items/lccc-9630.html","https://ronenglish-archive.github.io/ron-english-light-cult-9001-10000/items/lccc-9630.html","https://opensea.io/item/ethereum/0xbe85fbd182af91290be7293438ae67549638189f/9630","OK",""
"9631","9631","Light Cult Crypto Club #9631","RE-011441","9601-9700","D:\github\ron-english-light-cult-9001-10000\images\9601-9700\RE-011441.jpg","126791","images/9601-9700/RE-011441.jpg","RE-011441.jpg","D:\github\ron-english-light-cult-9001-10000\images\9601-9700\RE-011441.jpg","items/lccc-9631.html","https://ronenglish-archive.github.io/ron-english-light-cult-9001-10000/items/lccc-9631.html","https://opensea.io/item/ethereum/0xbe85fbd182af91290be7293438ae67549638189f/9631","OK",""
"9632","9632","Light Cult Crypto Club #9632","RE-011442","9601-9700","D:\github\ron-english-light-cult-9001-10000\images\9601-9700\RE-011442.jpg","125927","images/9601-9700/RE-011442.jpg","RE-011442.jpg","D:\github\ron-english-light-cult-9001-10000\images\9601-9700\RE-011442.jpg","items/lccc-9632.html","https://ronenglish-archive.github.io/ron-english-light-cult-9001-10000/items/lccc-9632.html","https://opensea.io/item/ethereum/0xbe85fbd182af91290be7293438ae67549638189f/9632","OK",""
"9633","9633","Light Cult Crypto Club #9633","RE-011443","9601-9700","D:\github\ron-english-light-cult-9001-10000\images\9601-9700\RE-011443.jpg","80985","images/9601-9700/RE-011443.jpg","RE-011443.jpg","D:\github\ron-english-light-cult-9001-10000\images\9601-9700\RE-011443.jpg","items/lccc-9633.html","https://ronenglish-archive.github.io/ron-english-light-cult-9001-10000/items/lccc-9633.html","https://opensea.io/item/ethereum/0xbe85fbd182af91290be7293438ae67549638189f/9633","OK",""
"9634","9634","Light Cult Crypto Club #9634","RE-011444","9601-9700","D:\github\ron-english-light-cult-9001-10000\images\9601-9700\RE-011444.jpg","31252","images/9601-9700/RE-011444.jpg","RE-011444.jpg","D:\github\ron-english-light-cult-9001-10000\images\9601-9700\RE-011444.jpg","items/lccc-9634.html","https://ronenglish-archive.github.io/ron-english-light-cult-9001-10000/items/lccc-9634.html","https://opensea.io/item/ethereum/0xbe85fbd182af91290be7293438ae67549638189f/9634","OK",""
"9635","9635","Light Cult Crypto Club #9635","RE-011445","9601-9700","D:\github\ron-english-light-cult-9001-10000\images\9601-9700\RE-011445.jpg","52145","images/9601-9700/RE-011445.jpg","RE-011445.jpg","D:\github\ron-english-light-cult-9001-10000\images\9601-9700\RE-011445.jpg","items/lccc-9635.html","https://ronenglish-archive.github.io/ron-english-light-cult-9001-10000/items/lccc-9635.html","https://opensea.io/item/ethereum/0xbe85fbd182af91290be7293438ae67549638189f/9635","OK",""
"9636","9636","Light Cult Crypto Club #9636","RE-011446","9601-9700","D:\github\ron-english-light-cult-9001-10000\images\9601-9700\RE-011446.jpg","130156","images/9601-9700/RE-011446.jpg","RE-011446.jpg","D:\github\ron-english-light-cult-9001-10000\images\9601-9700\RE-011446.jpg","items/lccc-9636.html","https://ronenglish-archive.github.io/ron-english-light-cult-9001-10000/items/lccc-9636.html","https://opensea.io/item/ethereum/0xbe85fbd182af91290be7293438ae67549638189f/9636","OK",""
"9637","9637","Light Cult Crypto Club #9637","RE-011447","9601-9700","D:\github\ron-english-light-cult-9001-10000\images\9601-9700\RE-011447.jpg","51694","images/9601-9700/RE-011447.jpg","RE-011447.jpg","D:\github\ron-english-light-cult-9001-10000\images\9601-9700\RE-011447.jpg","items/lccc-9637.html","https://ronenglish-archive.github.io/ron-english-light-cult-9001-10000/items/lccc-9637.html","https://opensea.io/item/ethereum/0xbe85fbd182af91290be7293438ae67549638189f/9637","OK",""
"9638","9638","Light Cult Crypto Club #9638","RE-011448","9601-9700","D:\github\ron-english-light-cult-9001-10000\images\9601-9700\RE-011448.jpg","122151","images/9601-9700/RE-011448.jpg","RE-011448.jpg","D:\github\ron-english-light-cult-9001-10000\images\9601-9700\RE-011448.jpg","items/lccc-9638.html","https://ronenglish-archive.github.io/ron-english-light-cult-9001-10000/items/lccc-9638.html","https://opensea.io/item/ethereum/0xbe85fbd182af91290be7293438ae67549638189f/9638","OK",""
"9639","9639","Light Cult Crypto Club #9639","RE-011449","9601-9700","D:\github\ron-english-light-cult-9001-10000\images\9601-9700\RE-011449.jpg","104299","images/9601-9700/RE-011449.jpg","RE-011449.jpg","D:\github\ron-english-light-cult-9001-10000\images\9601-9700\RE-011449.jpg","items/lccc-9639.html","https://ronenglish-archive.github.io/ron-english-light-cult-9001-10000/items/lccc-9639.html","https://opensea.io/item/ethereum/0xbe85fbd182af91290be7293438ae67549638189f/9639","OK",""
"9640","9640","Light Cult Crypto Club #9640","RE-011450","9601-9700","D:\github\ron-english-light-cult-9001-10000\images\9601-9700\RE-011450.jpg","75530","images/9601-9700/RE-011450.jpg","RE-011450.jpg","D:\github\ron-english-light-cult-9001-10000\images\9601-9700\RE-011450.jpg","items/lccc-9640.html","https://ronenglish-archive.github.io/ron-english-light-cult-9001-10000/items/lccc-9640.html","https://opensea.io/item/ethereum/0xbe85fbd182af91290be7293438ae67549638189f/9640","OK",""
"9641","9641","Light Cult Crypto Club #9641","RE-011451","9601-9700","D:\github\ron-english-light-cult-9001-10000\images\9601-9700\RE-011451.jpg","31610","images/9601-9700/RE-011451.jpg","RE-011451.jpg","D:\github\ron-english-light-cult-9001-10000\images\9601-9700\RE-011451.jpg","items/lccc-9641.html","https://ronenglish-archive.github.io/ron-english-light-cult-9001-10000/items/lccc-9641.html","https://opensea.io/item/ethereum/0xbe85fbd182af91290be7293438ae67549638189f/9641","OK",""
"9642","9642","Light Cult Crypto Club #9642","RE-011452","9601-9700","D:\github\ron-english-light-cult-9001-10000\images\9601-9700\RE-011452.jpg","153642","images/9601-9700/RE-011452.jpg","RE-011452.jpg","D:\github\ron-english-light-cult-9001-10000\images\9601-9700\RE-011452.jpg","items/lccc-9642.html","https://ronenglish-archive.github.io/ron-english-light-cult-9001-10000/items/lccc-9642.html","https://opensea.io/item/ethereum/0xbe85fbd182af91290be7293438ae67549638189f/9642","OK",""
"9643","9643","Light Cult Crypto Club #9643","RE-011453","9601-9700","D:\github\ron-english-light-cult-9001-10000\images\9601-9700\RE-011453.jpg","104831","images/9601-9700/RE-011453.jpg","RE-011453.jpg","D:\github\ron-english-light-cult-9001-10000\images\9601-9700\RE-011453.jpg","items/lccc-9643.html","https://ronenglish-archive.github.io/ron-english-light-cult-9001-10000/items/lccc-9643.html","https://opensea.io/item/ethereum/0xbe85fbd182af91290be7293438ae67549638189f/9643","OK",""
"9644","9644","Light Cult Crypto Club #9644","RE-011454","9601-9700","D:\github\ron-english-light-cult-9001-10000\images\9601-9700\RE-011454.jpg","101122","images/9601-9700/RE-011454.jpg","RE-011454.jpg","D:\github\ron-english-light-cult-9001-10000\images\9601-9700\RE-011454.jpg","items/lccc-9644.html","https://ronenglish-archive.github.io/ron-english-light-cult-9001-10000/items/lccc-9644.html","https://opensea.io/item/ethereum/0xbe85fbd182af91290be7293438ae67549638189f/9644","OK",""
"9645","9645","Light Cult Crypto Club #9645","RE-011455","9601-9700","D:\github\ron-english-light-cult-9001-10000\images\9601-9700\RE-011455.jpg","154196","images/9601-9700/RE-011455.jpg","RE-011455.jpg","D:\github\ron-english-light-cult-9001-10000\images\9601-9700\RE-011455.jpg","items/lccc-9645.html","https://ronenglish-archive.github.io/ron-english-light-cult-9001-10000/items/lccc-9645.html","https://opensea.io/item/ethereum/0xbe85fbd182af91290be7293438ae67549638189f/9645","OK",""
"9646","9646","Light Cult Crypto Club #9646","RE-011456","9601-9700","D:\github\ron-english-light-cult-9001-10000\images\9601-9700\RE-011456.jpg","103802","images/9601-9700/RE-011456.jpg","RE-011456.jpg","D:\github\ron-english-light-cult-9001-10000\images\9601-9700\RE-011456.jpg","items/lccc-9646.html","https://ronenglish-archive.github.io/ron-english-light-cult-9001-10000/items/lccc-9646.html","https://opensea.io/item/ethereum/0xbe85fbd182af91290be7293438ae67549638189f/9646","OK",""
"9647","9647","Light Cult Crypto Club #9647","RE-011457","9601-9700","D:\github\ron-english-light-cult-9001-10000\images\9601-9700\RE-011457.jpg","71290","images/9601-9700/RE-011457.jpg","RE-011457.jpg","D:\github\ron-english-light-cult-9001-10000\images\9601-9700\RE-011457.jpg","items/lccc-9647.html","https://ronenglish-archive.github.io/ron-english-light-cult-9001-10000/items/lccc-9647.html","https://opensea.io/item/ethereum/0xbe85fbd182af91290be7293438ae67549638189f/9647","OK",""
"9648","9648","Light Cult Crypto Club #9648","RE-011458","9601-9700","D:\github\ron-english-light-cult-9001-10000\images\9601-9700\RE-011458.jpg","146661","images/9601-9700/RE-011458.jpg","RE-011458.jpg","D:\github\ron-english-light-cult-9001-10000\images\9601-9700\RE-011458.jpg","items/lccc-9648.html","https://ronenglish-archive.github.io/ron-english-light-cult-9001-10000/items/lccc-9648.html","https://opensea.io/item/ethereum/0xbe85fbd182af91290be7293438ae67549638189f/9648","OK",""
"9649","9649","Light Cult Crypto Club #9649","RE-011459","9601-9700","D:\github\ron-english-light-cult-9001-10000\images\9601-9700\RE-011459.jpg","101623","images/9601-9700/RE-011459.jpg","RE-011459.jpg","D:\github\ron-english-light-cult-9001-10000\images\9601-9700\RE-011459.jpg","items/lccc-9649.html","https://ronenglish-archive.github.io/ron-english-light-cult-9001-10000/items/lccc-9649.html","https://opensea.io/item/ethereum/0xbe85fbd182af91290be7293438ae67549638189f/9649","OK",""
"9650","9650","Light Cult Crypto Club #9650","RE-011460","9601-9700","D:\github\ron-english-light-cult-9001-10000\images\9601-9700\RE-011460.jpg","43348","images/9601-9700/RE-011460.jpg","RE-011460.jpg","D:\github\ron-english-light-cult-9001-10000\images\9601-9700\RE-011460.jpg","items/lccc-9650.html","https://ronenglish-archive.github.io/ron-english-light-cult-9001-10000/items/lccc-9650.html","https://opensea.io/item/ethereum/0xbe85fbd182af91290be7293438ae67549638189f/9650","OK",""
"9651","9651","Light Cult Crypto Club #9651","RE-011461","9601-9700","D:\github\ron-english-light-cult-9001-10000\images\9601-9700\RE-011461.jpg","96186","images/9601-9700/RE-011461.jpg","RE-011461.jpg","D:\github\ron-english-light-cult-9001-10000\images\9601-9700\RE-011461.jpg","items/lccc-9651.html","https://ronenglish-archive.github.io/ron-english-light-cult-9001-10000/items/lccc-9651.html","https://opensea.io/item/ethereum/0xbe85fbd182af91290be7293438ae67549638189f/9651","OK",""
"9652","9652","Light Cult Crypto Club #9652","RE-011462","9601-9700","D:\github\ron-english-light-cult-9001-10000\images\9601-9700\RE-011462.jpg","143414","images/9601-9700/RE-011462.jpg","RE-011462.jpg","D:\github\ron-english-light-cult-9001-10000\images\9601-9700\RE-011462.jpg","items/lccc-9652.html","https://ronenglish-archive.github.io/ron-english-light-cult-9001-10000/items/lccc-9652.html","https://opensea.io/item/ethereum/0xbe85fbd182af91290be7293438ae67549638189f/9652","OK",""
"9653","9653","Light Cult Crypto Club #9653","RE-011463","9601-9700","D:\github\ron-english-light-cult-9001-10000\images\9601-9700\RE-011463.jpg","125196","images/9601-9700/RE-011463.jpg","RE-011463.jpg","D:\github\ron-english-light-cult-9001-10000\images\9601-9700\RE-011463.jpg","items/lccc-9653.html","https://ronenglish-archive.github.io/ron-english-light-cult-9001-10000/items/lccc-9653.html","https://opensea.io/item/ethereum/0xbe85fbd182af91290be7293438ae67549638189f/9653","OK",""
"9654","9654","Light Cult Crypto Club #9654","RE-011464","9601-9700","D:\github\ron-english-light-cult-9001-10000\images\9601-9700\RE-011464.jpg","130122","images/9601-9700/RE-011464.jpg","RE-011464.jpg","D:\github\ron-english-light-cult-9001-10000\images\9601-9700\RE-011464.jpg","items/lccc-9654.html","https://ronenglish-archive.github.io/ron-english-light-cult-9001-10000/items/lccc-9654.html","https://opensea.io/item/ethereum/0xbe85fbd182af91290be7293438ae67549638189f/9654","OK",""
"9655","9655","Light Cult Crypto Club #9655","RE-011465","9601-9700","D:\github\ron-english-light-cult-9001-10000\images\9601-9700\RE-011465.jpg","135961","images/9601-9700/RE-011465.jpg","RE-011465.jpg","D:\github\ron-english-light-cult-9001-10000\images\9601-9700\RE-011465.jpg","items/lccc-9655.html","https://ronenglish-archive.github.io/ron-english-light-cult-9001-10000/items/lccc-9655.html","https://opensea.io/item/ethereum/0xbe85fbd182af91290be7293438ae67549638189f/9655","OK",""
"9656","9656","Light Cult Crypto Club #9656","RE-011466","9601-9700","D:\github\ron-english-light-cult-9001-10000\images\9601-9700\RE-011466.jpg","58440","images/9601-9700/RE-011466.jpg","RE-011466.jpg","D:\github\ron-english-light-cult-9001-10000\images\9601-9700\RE-011466.jpg","items/lccc-9656.html","https://ronenglish-archive.github.io/ron-english-light-cult-9001-10000/items/lccc-9656.html","https://opensea.io/item/ethereum/0xbe85fbd182af91290be7293438ae67549638189f/9656","OK",""
"9657","9657","Light Cult Crypto Club #9657","RE-011467","9601-9700","D:\github\ron-english-light-cult-9001-10000\images\9601-9700\RE-011467.jpg","131865","images/9601-9700/RE-011467.jpg","RE-011467.jpg","D:\github\ron-english-light-cult-9001-10000\images\9601-9700\RE-011467.jpg","items/lccc-9657.html","https://ronenglish-archive.github.io/ron-english-light-cult-9001-10000/items/lccc-9657.html","https://opensea.io/item/ethereum/0xbe85fbd182af91290be7293438ae67549638189f/9657","OK",""
"9658","9658","Light Cult Crypto Club #9658","RE-011468","9601-9700","D:\github\ron-english-light-cult-9001-10000\images\9601-9700\RE-011468.jpg","51785","images/9601-9700/RE-011468.jpg","RE-011468.jpg","D:\github\ron-english-light-cult-9001-10000\images\9601-9700\RE-011468.jpg","items/lccc-9658.html","https://ronenglish-archive.github.io/ron-english-light-cult-9001-10000/items/lccc-9658.html","https://opensea.io/item/ethereum/0xbe85fbd182af91290be7293438ae67549638189f/9658","OK",""
"9659","9659","Light Cult Crypto Club #9659","RE-011469","9601-9700","D:\github\ron-english-light-cult-9001-10000\images\9601-9700\RE-011469.jpg","77834","images/9601-9700/RE-011469.jpg","RE-011469.jpg","D:\github\ron-english-light-cult-9001-10000\images\9601-9700\RE-011469.jpg","items/lccc-9659.html","https://ronenglish-archive.github.io/ron-english-light-cult-9001-10000/items/lccc-9659.html","https://opensea.io/item/ethereum/0xbe85fbd182af91290be7293438ae67549638189f/9659","OK",""
"9660","9660","Light Cult Crypto Club #9660","RE-011470","9601-9700","D:\github\ron-english-light-cult-9001-10000\images\9601-9700\RE-011470.jpg","114298","images/9601-9700/RE-011470.jpg","RE-011470.jpg","D:\github\ron-english-light-cult-9001-10000\images\9601-9700\RE-011470.jpg","items/lccc-9660.html","https://ronenglish-archive.github.io/ron-english-light-cult-9001-10000/items/lccc-9660.html","https://opensea.io/item/ethereum/0xbe85fbd182af91290be7293438ae67549638189f/9660","OK",""
"9661","9661","Light Cult Crypto Club #9661","RE-011471","9601-9700","D:\github\ron-english-light-cult-9001-10000\images\9601-9700\RE-011471.jpg","62562","images/9601-9700/RE-011471.jpg","RE-011471.jpg","D:\github\ron-english-light-cult-9001-10000\images\9601-9700\RE-011471.jpg","items/lccc-9661.html","https://ronenglish-archive.github.io/ron-english-light-cult-9001-10000/items/lccc-9661.html","https://opensea.io/item/ethereum/0xbe85fbd182af91290be7293438ae67549638189f/9661","OK",""
"9662","9662","Light Cult Crypto Club #9662","RE-011472","9601-9700","D:\github\ron-english-light-cult-9001-10000\images\9601-9700\RE-011472.jpg","63972","images/9601-9700/RE-011472.jpg","RE-011472.jpg","D:\github\ron-english-light-cult-9001-10000\images\9601-9700\RE-011472.jpg","items/lccc-9662.html","https://ronenglish-archive.github.io/ron-english-light-cult-9001-10000/items/lccc-9662.html","https://opensea.io/item/ethereum/0xbe85fbd182af91290be7293438ae67549638189f/9662","OK",""
"9663","9663","Light Cult Crypto Club #9663","RE-011473","9601-9700","D:\github\ron-english-light-cult-9001-10000\images\9601-9700\RE-011473.jpg","150912","images/9601-9700/RE-011473.jpg","RE-011473.jpg","D:\github\ron-english-light-cult-9001-10000\images\9601-9700\RE-011473.jpg","items/lccc-9663.html","https://ronenglish-archive.github.io/ron-english-light-cult-9001-10000/items/lccc-9663.html","https://opensea.io/item/ethereum/0xbe85fbd182af91290be7293438ae67549638189f/9663","OK",""
"9664","9664","Light Cult Crypto Club #9664","RE-011474","9601-9700","D:\github\ron-english-light-cult-9001-10000\images\9601-9700\RE-011474.jpg","87573","images/9601-9700/RE-011474.jpg","RE-011474.jpg","D:\github\ron-english-light-cult-9001-10000\images\9601-9700\RE-011474.jpg","items/lccc-9664.html","https://ronenglish-archive.github.io/ron-english-light-cult-9001-10000/items/lccc-9664.html","https://opensea.io/item/ethereum/0xbe85fbd182af91290be7293438ae67549638189f/9664","OK",""
"9665","9665","Light Cult Crypto Club #9665","RE-011475","9601-9700","D:\github\ron-english-light-cult-9001-10000\images\9601-9700\RE-011475.jpg","130634","images/9601-9700/RE-011475.jpg","RE-011475.jpg","D:\github\ron-english-light-cult-9001-10000\images\9601-9700\RE-011475.jpg","items/lccc-9665.html","https://ronenglish-archive.github.io/ron-english-light-cult-9001-10000/items/lccc-9665.html","https://opensea.io/item/ethereum/0xbe85fbd182af91290be7293438ae67549638189f/9665","OK",""
"9666","9666","Light Cult Crypto Club #9666","RE-011476","9601-9700","D:\github\ron-english-light-cult-9001-10000\images\9601-9700\RE-011476.jpg","98431","images/9601-9700/RE-011476.jpg","RE-011476.jpg","D:\github\ron-english-light-cult-9001-10000\images\9601-9700\RE-011476.jpg","items/lccc-9666.html","https://ronenglish-archive.github.io/ron-english-light-cult-9001-10000/items/lccc-9666.html","https://opensea.io/item/ethereum/0xbe85fbd182af91290be7293438ae67549638189f/9666","OK",""
"9667","9667","Light Cult Crypto Club #9667","RE-011477","9601-9700","D:\github\ron-english-light-cult-9001-10000\images\9601-9700\RE-011477.jpg","65161","images/9601-9700/RE-011477.jpg","RE-011477.jpg","D:\github\ron-english-light-cult-9001-10000\images\9601-9700\RE-011477.jpg","items/lccc-9667.html","https://ronenglish-archive.github.io/ron-english-light-cult-9001-10000/items/lccc-9667.html","https://opensea.io/item/ethereum/0xbe85fbd182af91290be7293438ae67549638189f/9667","OK",""
"9668","9668","Light Cult Crypto Club #9668","RE-011478","9601-9700","D:\github\ron-english-light-cult-9001-10000\images\9601-9700\RE-011478.jpg","46114","images/9601-9700/RE-011478.jpg","RE-011478.jpg","D:\github\ron-english-light-cult-9001-10000\images\9601-9700\RE-011478.jpg","items/lccc-9668.html","https://ronenglish-archive.github.io/ron-english-light-cult-9001-10000/items/lccc-9668.html","https://opensea.io/item/ethereum/0xbe85fbd182af91290be7293438ae67549638189f/9668","OK",""
"9669","9669","Light Cult Crypto Club #9669","RE-011479","9601-9700","D:\github\ron-english-light-cult-9001-10000\images\9601-9700\RE-011479.jpg","98865","images/9601-9700/RE-011479.jpg","RE-011479.jpg","D:\github\ron-english-light-cult-9001-10000\images\9601-9700\RE-011479.jpg","items/lccc-9669.html","https://ronenglish-archive.github.io/ron-english-light-cult-9001-10000/items/lccc-9669.html","https://opensea.io/item/ethereum/0xbe85fbd182af91290be7293438ae67549638189f/9669","OK",""
"9670","9670","Light Cult Crypto Club #9670","RE-011480","9601-9700","D:\github\ron-english-light-cult-9001-10000\images\9601-9700\RE-011480.jpg","52698","images/9601-9700/RE-011480.jpg","RE-011480.jpg","D:\github\ron-english-light-cult-9001-10000\images\9601-9700\RE-011480.jpg","items/lccc-9670.html","https://ronenglish-archive.github.io/ron-english-light-cult-9001-10000/items/lccc-9670.html","https://opensea.io/item/ethereum/0xbe85fbd182af91290be7293438ae67549638189f/9670","OK",""
"9671","9671","Light Cult Crypto Club #9671","RE-011481","9601-9700","D:\github\ron-english-light-cult-9001-10000\images\9601-9700\RE-011481.jpg","78693","images/9601-9700/RE-011481.jpg","RE-011481.jpg","D:\github\ron-english-light-cult-9001-10000\images\9601-9700\RE-011481.jpg","items/lccc-9671.html","https://ronenglish-archive.github.io/ron-english-light-cult-9001-10000/items/lccc-9671.html","https://opensea.io/item/ethereum/0xbe85fbd182af91290be7293438ae67549638189f/9671","OK",""
"9672","9672","Light Cult Crypto Club #9672","RE-011482","9601-9700","D:\github\ron-english-light-cult-9001-10000\images\9601-9700\RE-011482.jpg","200356","images/9601-9700/RE-011482.jpg","RE-011482.jpg","D:\github\ron-english-light-cult-9001-10000\images\9601-9700\RE-011482.jpg","items/lccc-9672.html","https://ronenglish-archive.github.io/ron-english-light-cult-9001-10000/items/lccc-9672.html","https://opensea.io/item/ethereum/0xbe85fbd182af91290be7293438ae67549638189f/9672","OK",""
"9673","9673","Light Cult Crypto Club #9673","RE-011483","9601-9700","D:\github\ron-english-light-cult-9001-10000\images\9601-9700\RE-011483.jpg","184384","images/9601-9700/RE-011483.jpg","RE-011483.jpg","D:\github\ron-english-light-cult-9001-10000\images\9601-9700\RE-011483.jpg","items/lccc-9673.html","https://ronenglish-archive.github.io/ron-english-light-cult-9001-10000/items/lccc-9673.html","https://opensea.io/item/ethereum/0xbe85fbd182af91290be7293438ae67549638189f/9673","OK",""
"9674","9674","Light Cult Crypto Club #9674","RE-011484","9601-9700","D:\github\ron-english-light-cult-9001-10000\images\9601-9700\RE-011484.jpg","108916","images/9601-9700/RE-011484.jpg","RE-011484.jpg","D:\github\ron-english-light-cult-9001-10000\images\9601-9700\RE-011484.jpg","items/lccc-9674.html","https://ronenglish-archive.github.io/ron-english-light-cult-9001-10000/items/lccc-9674.html","https://opensea.io/item/ethereum/0xbe85fbd182af91290be7293438ae67549638189f/9674","OK",""
"9675","9675","Light Cult Crypto Club #9675","RE-011485","9601-9700","D:\github\ron-english-light-cult-9001-10000\images\9601-9700\RE-011485.jpg","101775","images/9601-9700/RE-011485.jpg","RE-011485.jpg","D:\github\ron-english-light-cult-9001-10000\images\9601-9700\RE-011485.jpg","items/lccc-9675.html","https://ronenglish-archive.github.io/ron-english-light-cult-9001-10000/items/lccc-9675.html","https://opensea.io/item/ethereum/0xbe85fbd182af91290be7293438ae67549638189f/9675","OK",""
"9676","9676","Light Cult Crypto Club #9676","RE-011486","9601-9700","D:\github\ron-english-light-cult-9001-10000\images\9601-9700\RE-011486.jpg","124089","images/9601-9700/RE-011486.jpg","RE-011486.jpg","D:\github\ron-english-light-cult-9001-10000\images\9601-9700\RE-011486.jpg","items/lccc-9676.html","https://ronenglish-archive.github.io/ron-english-light-cult-9001-10000/items/lccc-9676.html","https://opensea.io/item/ethereum/0xbe85fbd182af91290be7293438ae67549638189f/9676","OK",""
"9677","9677","Light Cult Crypto Club #9677","RE-011487","9601-9700","D:\github\ron-english-light-cult-9001-10000\images\9601-9700\RE-011487.jpg","75932","images/9601-9700/RE-011487.jpg","RE-011487.jpg","D:\github\ron-english-light-cult-9001-10000\images\9601-9700\RE-011487.jpg","items/lccc-9677.html","https://ronenglish-archive.github.io/ron-english-light-cult-9001-10000/items/lccc-9677.html","https://opensea.io/item/ethereum/0xbe85fbd182af91290be7293438ae67549638189f/9677","OK",""
"9678","9678","Light Cult Crypto Club #9678","RE-011488","9601-9700","D:\github\ron-english-light-cult-9001-10000\images\9601-9700\RE-011488.jpg","145998","images/9601-9700/RE-011488.jpg","RE-011488.jpg","D:\github\ron-english-light-cult-9001-10000\images\9601-9700\RE-011488.jpg","items/lccc-9678.html","https://ronenglish-archive.github.io/ron-english-light-cult-9001-10000/items/lccc-9678.html","https://opensea.io/item/ethereum/0xbe85fbd182af91290be7293438ae67549638189f/9678","OK",""
"9679","9679","Light Cult Crypto Club #9679","RE-011489","9601-9700","D:\github\ron-english-light-cult-9001-10000\images\9601-9700\RE-011489.jpg","123799","images/9601-9700/RE-011489.jpg","RE-011489.jpg","D:\github\ron-english-light-cult-9001-10000\images\9601-9700\RE-011489.jpg","items/lccc-9679.html","https://ronenglish-archive.github.io/ron-english-light-cult-9001-10000/items/lccc-9679.html","https://opensea.io/item/ethereum/0xbe85fbd182af91290be7293438ae67549638189f/9679","OK",""
"9680","9680","Light Cult Crypto Club #9680","RE-011490","9601-9700","D:\github\ron-english-light-cult-9001-10000\images\9601-9700\RE-011490.jpg","120688","images/9601-9700/RE-011490.jpg","RE-011490.jpg","D:\github\ron-english-light-cult-9001-10000\images\9601-9700\RE-011490.jpg","items/lccc-9680.html","https://ronenglish-archive.github.io/ron-english-light-cult-9001-10000/items/lccc-9680.html","https://opensea.io/item/ethereum/0xbe85fbd182af91290be7293438ae67549638189f/9680","OK",""
"9681","9681","Light Cult Crypto Club #9681","RE-011491","9601-9700","D:\github\ron-english-light-cult-9001-10000\images\9601-9700\RE-011491.jpg","135901","images/9601-9700/RE-011491.jpg","RE-011491.jpg","D:\github\ron-english-light-cult-9001-10000\images\9601-9700\RE-011491.jpg","items/lccc-9681.html","https://ronenglish-archive.github.io/ron-english-light-cult-9001-10000/items/lccc-9681.html","https://opensea.io/item/ethereum/0xbe85fbd182af91290be7293438ae67549638189f/9681","OK",""
"9682","9682","Light Cult Crypto Club #9682","RE-011492","9601-9700","D:\github\ron-english-light-cult-9001-10000\images\9601-9700\RE-011492.jpg","78175","images/9601-9700/RE-011492.jpg","RE-011492.jpg","D:\github\ron-english-light-cult-9001-10000\images\9601-9700\RE-011492.jpg","items/lccc-9682.html","https://ronenglish-archive.github.io/ron-english-light-cult-9001-10000/items/lccc-9682.html","https://opensea.io/item/ethereum/0xbe85fbd182af91290be7293438ae67549638189f/9682","OK",""
"9683","9683","Light Cult Crypto Club #9683","RE-011493","9601-9700","D:\github\ron-english-light-cult-9001-10000\images\9601-9700\RE-011493.jpg","170428","images/9601-9700/RE-011493.jpg","RE-011493.jpg","D:\github\ron-english-light-cult-9001-10000\images\9601-9700\RE-011493.jpg","items/lccc-9683.html","https://ronenglish-archive.github.io/ron-english-light-cult-9001-10000/items/lccc-9683.html","https://opensea.io/item/ethereum/0xbe85fbd182af91290be7293438ae67549638189f/9683","OK",""
"9684","9684","Light Cult Crypto Club #9684","RE-011494","9601-9700","D:\github\ron-english-light-cult-9001-10000\images\9601-9700\RE-011494.jpg","122754","images/9601-9700/RE-011494.jpg","RE-011494.jpg","D:\github\ron-english-light-cult-9001-10000\images\9601-9700\RE-011494.jpg","items/lccc-9684.html","https://ronenglish-archive.github.io/ron-english-light-cult-9001-10000/items/lccc-9684.html","https://opensea.io/item/ethereum/0xbe85fbd182af91290be7293438ae67549638189f/9684","OK",""
"9685","9685","Light Cult Crypto Club #9685","RE-011495","9601-9700","D:\github\ron-english-light-cult-9001-10000\images\9601-9700\RE-011495.jpg","123801","images/9601-9700/RE-011495.jpg","RE-011495.jpg","D:\github\ron-english-light-cult-9001-10000\images\9601-9700\RE-011495.jpg","items/lccc-9685.html","https://ronenglish-archive.github.io/ron-english-light-cult-9001-10000/items/lccc-9685.html","https://opensea.io/item/ethereum/0xbe85fbd182af91290be7293438ae67549638189f/9685","OK",""
"9686","9686","Light Cult Crypto Club #9686","RE-011496","9601-9700","D:\github\ron-english-light-cult-9001-10000\images\9601-9700\RE-011496.jpg","173542","images/9601-9700/RE-011496.jpg","RE-011496.jpg","D:\github\ron-english-light-cult-9001-10000\images\9601-9700\RE-011496.jpg","items/lccc-9686.html","https://ronenglish-archive.github.io/ron-english-light-cult-9001-10000/items/lccc-9686.html","https://opensea.io/item/ethereum/0xbe85fbd182af91290be7293438ae67549638189f/9686","OK",""
"9687","9687","Light Cult Crypto Club #9687","RE-011497","9601-9700","D:\github\ron-english-light-cult-9001-10000\images\9601-9700\RE-011497.jpg","56801","images/9601-9700/RE-011497.jpg","RE-011497.jpg","D:\github\ron-english-light-cult-9001-10000\images\9601-9700\RE-011497.jpg","items/lccc-9687.html","https://ronenglish-archive.github.io/ron-english-light-cult-9001-10000/items/lccc-9687.html","https://opensea.io/item/ethereum/0xbe85fbd182af91290be7293438ae67549638189f/9687","OK",""
"9688","9688","Light Cult Crypto Club #9688","RE-011498","9601-9700","D:\github\ron-english-light-cult-9001-10000\images\9601-9700\RE-011498.jpg","77995","images/9601-9700/RE-011498.jpg","RE-011498.jpg","D:\github\ron-english-light-cult-9001-10000\images\9601-9700\RE-011498.jpg","items/lccc-9688.html","https://ronenglish-archive.github.io/ron-english-light-cult-9001-10000/items/lccc-9688.html","https://opensea.io/item/ethereum/0xbe85fbd182af91290be7293438ae67549638189f/9688","OK",""
"9689","9689","Light Cult Crypto Club #9689","RE-011499","9601-9700","D:\github\ron-english-light-cult-9001-10000\images\9601-9700\RE-011499.jpg","61749","images/9601-9700/RE-011499.jpg","RE-011499.jpg","D:\github\ron-english-light-cult-9001-10000\images\9601-9700\RE-011499.jpg","items/lccc-9689.html","https://ronenglish-archive.github.io/ron-english-light-cult-9001-10000/items/lccc-9689.html","https://opensea.io/item/ethereum/0xbe85fbd182af91290be7293438ae67549638189f/9689","OK",""
"9690","9690","Light Cult Crypto Club #9690","RE-011500","9601-9700","D:\github\ron-english-light-cult-9001-10000\images\9601-9700\RE-011500.jpg","96243","images/9601-9700/RE-011500.jpg","RE-011500.jpg","D:\github\ron-english-light-cult-9001-10000\images\9601-9700\RE-011500.jpg","items/lccc-9690.html","https://ronenglish-archive.github.io/ron-english-light-cult-9001-10000/items/lccc-9690.html","https://opensea.io/item/ethereum/0xbe85fbd182af91290be7293438ae67549638189f/9690","OK",""
"9691","9691","Light Cult Crypto Club #9691","RE-011501","9601-9700","D:\github\ron-english-light-cult-9001-10000\images\9601-9700\RE-011501.jpg","73831","images/9601-9700/RE-011501.jpg","RE-011501.jpg","D:\github\ron-english-light-cult-9001-10000\images\9601-9700\RE-011501.jpg","items/lccc-9691.html","https://ronenglish-archive.github.io/ron-english-light-cult-9001-10000/items/lccc-9691.html","https://opensea.io/item/ethereum/0xbe85fbd182af91290be7293438ae67549638189f/9691","OK",""
"9692","9692","Light Cult Crypto Club #9692","RE-011502","9601-9700","D:\github\ron-english-light-cult-9001-10000\images\9601-9700\RE-011502.jpg","76934","images/9601-9700/RE-011502.jpg","RE-011502.jpg","D:\github\ron-english-light-cult-9001-10000\images\9601-9700\RE-011502.jpg","items/lccc-9692.html","https://ronenglish-archive.github.io/ron-english-light-cult-9001-10000/items/lccc-9692.html","https://opensea.io/item/ethereum/0xbe85fbd182af91290be7293438ae67549638189f/9692","OK",""
"9693","9693","Light Cult Crypto Club #9693","RE-011503","9601-9700","D:\github\ron-english-light-cult-9001-10000\images\9601-9700\RE-011503.jpg","63286","images/9601-9700/RE-011503.jpg","RE-011503.jpg","D:\github\ron-english-light-cult-9001-10000\images\9601-9700\RE-011503.jpg","items/lccc-9693.html","https://ronenglish-archive.github.io/ron-english-light-cult-9001-10000/items/lccc-9693.html","https://opensea.io/item/ethereum/0xbe85fbd182af91290be7293438ae67549638189f/9693","OK",""
"9694","9694","Light Cult Crypto Club #9694","RE-011504","9601-9700","D:\github\ron-english-light-cult-9001-10000\images\9601-9700\RE-011504.jpg","81280","images/9601-9700/RE-011504.jpg","RE-011504.jpg","D:\github\ron-english-light-cult-9001-10000\images\9601-9700\RE-011504.jpg","items/lccc-9694.html","https://ronenglish-archive.github.io/ron-english-light-cult-9001-10000/items/lccc-9694.html","https://opensea.io/item/ethereum/0xbe85fbd182af91290be7293438ae67549638189f/9694","OK",""
"9695","9695","Light Cult Crypto Club #9695","RE-011505","9601-9700","D:\github\ron-english-light-cult-9001-10000\images\9601-9700\RE-011505.jpg","45180","images/9601-9700/RE-011505.jpg","RE-011505.jpg","D:\github\ron-english-light-cult-9001-10000\images\9601-9700\RE-011505.jpg","items/lccc-9695.html","https://ronenglish-archive.github.io/ron-english-light-cult-9001-10000/items/lccc-9695.html","https://opensea.io/item/ethereum/0xbe85fbd182af91290be7293438ae67549638189f/9695","OK",""
"9696","9696","Light Cult Crypto Club #9696","RE-011506","9601-9700","D:\github\ron-english-light-cult-9001-10000\images\9601-9700\RE-011506.jpg","112452","images/9601-9700/RE-011506.jpg","RE-011506.jpg","D:\github\ron-english-light-cult-9001-10000\images\9601-9700\RE-011506.jpg","items/lccc-9696.html","https://ronenglish-archive.github.io/ron-english-light-cult-9001-10000/items/lccc-9696.html","https://opensea.io/item/ethereum/0xbe85fbd182af91290be7293438ae67549638189f/9696","OK",""
"9697","9697","Light Cult Crypto Club #9697","RE-011507","9601-9700","D:\github\ron-english-light-cult-9001-10000\images\9601-9700\RE-011507.jpg","58408","images/9601-9700/RE-011507.jpg","RE-011507.jpg","D:\github\ron-english-light-cult-9001-10000\images\9601-9700\RE-011507.jpg","items/lccc-9697.html","https://ronenglish-archive.github.io/ron-english-light-cult-9001-10000/items/lccc-9697.html","https://opensea.io/item/ethereum/0xbe85fbd182af91290be7293438ae67549638189f/9697","OK",""
"9698","9698","Light Cult Crypto Club #9698","RE-011508","9601-9700","D:\github\ron-english-light-cult-9001-10000\images\9601-9700\RE-011508.jpg","84952","images/9601-9700/RE-011508.jpg","RE-011508.jpg","D:\github\ron-english-light-cult-9001-10000\images\9601-9700\RE-011508.jpg","items/lccc-9698.html","https://ronenglish-archive.github.io/ron-english-light-cult-9001-10000/items/lccc-9698.html","https://opensea.io/item/ethereum/0xbe85fbd182af91290be7293438ae67549638189f/9698","OK",""
"9699","9699","Light Cult Crypto Club #9699","RE-011509","9601-9700","D:\github\ron-english-light-cult-9001-10000\images\9601-9700\RE-011509.jpg","71065","images/9601-9700/RE-011509.jpg","RE-011509.jpg","D:\github\ron-english-light-cult-9001-10000\images\9601-9700\RE-011509.jpg","items/lccc-9699.html","https://ronenglish-archive.github.io/ron-english-light-cult-9001-10000/items/lccc-9699.html","https://opensea.io/item/ethereum/0xbe85fbd182af91290be7293438ae67549638189f/9699","OK",""
"9700","9700","Light Cult Crypto Club #9700","RE-011510","9601-9700","D:\github\ron-english-light-cult-9001-10000\images\9601-9700\RE-011510.jpg","138056","images/9601-9700/RE-011510.jpg","RE-011510.jpg","D:\github\ron-english-light-cult-9001-10000\images\9601-9700\RE-011510.jpg","items/lccc-9700.html","https://ronenglish-archive.github.io/ron-english-light-cult-9001-10000/items/lccc-9700.html","https://opensea.io/item/ethereum/0xbe85fbd182af91290be7293438ae67549638189f/9700","OK",""
"9701","9701","Light Cult Crypto Club #9701","RE-011511","9701-9800","D:\github\ron-english-light-cult-9001-10000\images\9701-9746\RE-011511.jpg","108474","images/9701-9746/RE-011511.jpg","RE-011511.jpg","D:\github\ron-english-light-cult-9001-10000\images\9701-9746\RE-011511.jpg","items/lccc-9701.html","https://ronenglish-archive.github.io/ron-english-light-cult-9001-10000/items/lccc-9701.html","https://opensea.io/item/ethereum/0xbe85fbd182af91290be7293438ae67549638189f/9701","OK",""
"9702","9702","Light Cult Crypto Club #9702","RE-011512","9701-9800","D:\github\ron-english-light-cult-9001-10000\images\9701-9746\RE-011512.jpg","128407","images/9701-9746/RE-011512.jpg","RE-011512.jpg","D:\github\ron-english-light-cult-9001-10000\images\9701-9746\RE-011512.jpg","items/lccc-9702.html","https://ronenglish-archive.github.io/ron-english-light-cult-9001-10000/items/lccc-9702.html","https://opensea.io/item/ethereum/0xbe85fbd182af91290be7293438ae67549638189f/9702","OK",""
"9703","9703","Light Cult Crypto Club #9703","RE-011513","9701-9800","D:\github\ron-english-light-cult-9001-10000\images\9701-9746\RE-011513.jpg","72540","images/9701-9746/RE-011513.jpg","RE-011513.jpg","D:\github\ron-english-light-cult-9001-10000\images\9701-9746\RE-011513.jpg","items/lccc-9703.html","https://ronenglish-archive.github.io/ron-english-light-cult-9001-10000/items/lccc-9703.html","https://opensea.io/item/ethereum/0xbe85fbd182af91290be7293438ae67549638189f/9703","OK",""
"9704","9704","Light Cult Crypto Club #9704","RE-011514","9701-9800","D:\github\ron-english-light-cult-9001-10000\images\9701-9746\RE-011514.jpg","41162","images/9701-9746/RE-011514.jpg","RE-011514.jpg","D:\github\ron-english-light-cult-9001-10000\images\9701-9746\RE-011514.jpg","items/lccc-9704.html","https://ronenglish-archive.github.io/ron-english-light-cult-9001-10000/items/lccc-9704.html","https://opensea.io/item/ethereum/0xbe85fbd182af91290be7293438ae67549638189f/9704","OK",""
"9705","9705","Light Cult Crypto Club #9705","RE-011515","9701-9800","D:\github\ron-english-light-cult-9001-10000\images\9701-9746\RE-011515.jpg","114042","images/9701-9746/RE-011515.jpg","RE-011515.jpg","D:\github\ron-english-light-cult-9001-10000\images\9701-9746\RE-011515.jpg","items/lccc-9705.html","https://ronenglish-archive.github.io/ron-english-light-cult-9001-10000/items/lccc-9705.html","https://opensea.io/item/ethereum/0xbe85fbd182af91290be7293438ae67549638189f/9705","OK",""
"9706","9706","Light Cult Crypto Club #9706","RE-011516","9701-9800","D:\github\ron-english-light-cult-9001-10000\images\9701-9746\RE-011516.jpg","127393","images/9701-9746/RE-011516.jpg","RE-011516.jpg","D:\github\ron-english-light-cult-9001-10000\images\9701-9746\RE-011516.jpg","items/lccc-9706.html","https://ronenglish-archive.github.io/ron-english-light-cult-9001-10000/items/lccc-9706.html","https://opensea.io/item/ethereum/0xbe85fbd182af91290be7293438ae67549638189f/9706","OK",""
"9707","9707","Light Cult Crypto Club #9707","RE-011517","9701-9800","D:\github\ron-english-light-cult-9001-10000\images\9701-9746\RE-011517.jpg","77597","images/9701-9746/RE-011517.jpg","RE-011517.jpg","D:\github\ron-english-light-cult-9001-10000\images\9701-9746\RE-011517.jpg","items/lccc-9707.html","https://ronenglish-archive.github.io/ron-english-light-cult-9001-10000/items/lccc-9707.html","https://opensea.io/item/ethereum/0xbe85fbd182af91290be7293438ae67549638189f/9707","OK",""
"9708","9708","Light Cult Crypto Club #9708","RE-011518","9701-9800","D:\github\ron-english-light-cult-9001-10000\images\9701-9746\RE-011518.jpg","83989","images/9701-9746/RE-011518.jpg","RE-011518.jpg","D:\github\ron-english-light-cult-9001-10000\images\9701-9746\RE-011518.jpg","items/lccc-9708.html","https://ronenglish-archive.github.io/ron-english-light-cult-9001-10000/items/lccc-9708.html","https://opensea.io/item/ethereum/0xbe85fbd182af91290be7293438ae67549638189f/9708","OK",""
"9709","9709","Light Cult Crypto Club #9709","RE-011519","9701-9800","D:\github\ron-english-light-cult-9001-10000\images\9701-9746\RE-011519.jpg","170254","images/9701-9746/RE-011519.jpg","RE-011519.jpg","D:\github\ron-english-light-cult-9001-10000\images\9701-9746\RE-011519.jpg","items/lccc-9709.html","https://ronenglish-archive.github.io/ron-english-light-cult-9001-10000/items/lccc-9709.html","https://opensea.io/item/ethereum/0xbe85fbd182af91290be7293438ae67549638189f/9709","OK",""
"9710","9710","Light Cult Crypto Club #9710","RE-011520","9701-9800","D:\github\ron-english-light-cult-9001-10000\images\9701-9746\RE-011520.jpg","130410","images/9701-9746/RE-011520.jpg","RE-011520.jpg","D:\github\ron-english-light-cult-9001-10000\images\9701-9746\RE-011520.jpg","items/lccc-9710.html","https://ronenglish-archive.github.io/ron-english-light-cult-9001-10000/items/lccc-9710.html","https://opensea.io/item/ethereum/0xbe85fbd182af91290be7293438ae67549638189f/9710","OK",""
"9711","9711","Light Cult Crypto Club #9711","RE-011521","9701-9800","D:\github\ron-english-light-cult-9001-10000\images\9701-9746\RE-011521.jpg","73241","images/9701-9746/RE-011521.jpg","RE-011521.jpg","D:\github\ron-english-light-cult-9001-10000\images\9701-9746\RE-011521.jpg","items/lccc-9711.html","https://ronenglish-archive.github.io/ron-english-light-cult-9001-10000/items/lccc-9711.html","https://opensea.io/item/ethereum/0xbe85fbd182af91290be7293438ae67549638189f/9711","OK",""
"9712","9712","Light Cult Crypto Club #9712","RE-011522","9701-9800","D:\github\ron-english-light-cult-9001-10000\images\9701-9746\RE-011522.jpg","99881","images/9701-9746/RE-011522.jpg","RE-011522.jpg","D:\github\ron-english-light-cult-9001-10000\images\9701-9746\RE-011522.jpg","items/lccc-9712.html","https://ronenglish-archive.github.io/ron-english-light-cult-9001-10000/items/lccc-9712.html","https://opensea.io/item/ethereum/0xbe85fbd182af91290be7293438ae67549638189f/9712","OK",""
"9713","9713","Light Cult Crypto Club #9713","RE-011523","9701-9800","D:\github\ron-english-light-cult-9001-10000\images\9701-9746\RE-011523.jpg","129958","images/9701-9746/RE-011523.jpg","RE-011523.jpg","D:\github\ron-english-light-cult-9001-10000\images\9701-9746\RE-011523.jpg","items/lccc-9713.html","https://ronenglish-archive.github.io/ron-english-light-cult-9001-10000/items/lccc-9713.html","https://opensea.io/item/ethereum/0xbe85fbd182af91290be7293438ae67549638189f/9713","OK",""
"9714","9714","Light Cult Crypto Club #9714","RE-011524","9701-9800","D:\github\ron-english-light-cult-9001-10000\images\9701-9746\RE-011524.jpg","136523","images/9701-9746/RE-011524.jpg","RE-011524.jpg","D:\github\ron-english-light-cult-9001-10000\images\9701-9746\RE-011524.jpg","items/lccc-9714.html","https://ronenglish-archive.github.io/ron-english-light-cult-9001-10000/items/lccc-9714.html","https://opensea.io/item/ethereum/0xbe85fbd182af91290be7293438ae67549638189f/9714","OK",""
"9715","9715","Light Cult Crypto Club #9715","RE-011525","9701-9800","D:\github\ron-english-light-cult-9001-10000\images\9701-9746\RE-011525.jpg","131816","images/9701-9746/RE-011525.jpg","RE-011525.jpg","D:\github\ron-english-light-cult-9001-10000\images\9701-9746\RE-011525.jpg","items/lccc-9715.html","https://ronenglish-archive.github.io/ron-english-light-cult-9001-10000/items/lccc-9715.html","https://opensea.io/item/ethereum/0xbe85fbd182af91290be7293438ae67549638189f/9715","OK",""
"9716","9716","Light Cult Crypto Club #9716","RE-011526","9701-9800","D:\github\ron-english-light-cult-9001-10000\images\9701-9746\RE-011526.jpg","53008","images/9701-9746/RE-011526.jpg","RE-011526.jpg","D:\github\ron-english-light-cult-9001-10000\images\9701-9746\RE-011526.jpg","items/lccc-9716.html","https://ronenglish-archive.github.io/ron-english-light-cult-9001-10000/items/lccc-9716.html","https://opensea.io/item/ethereum/0xbe85fbd182af91290be7293438ae67549638189f/9716","OK",""
"9717","9717","Light Cult Crypto Club #9717","RE-011527","9701-9800","D:\github\ron-english-light-cult-9001-10000\images\9701-9746\RE-011527.jpg","151380","images/9701-9746/RE-011527.jpg","RE-011527.jpg","D:\github\ron-english-light-cult-9001-10000\images\9701-9746\RE-011527.jpg","items/lccc-9717.html","https://ronenglish-archive.github.io/ron-english-light-cult-9001-10000/items/lccc-9717.html","https://opensea.io/item/ethereum/0xbe85fbd182af91290be7293438ae67549638189f/9717","OK",""
"9718","9718","Light Cult Crypto Club #9718","RE-011528","9701-9800","D:\github\ron-english-light-cult-9001-10000\images\9701-9746\RE-011528.jpg","142277","images/9701-9746/RE-011528.jpg","RE-011528.jpg","D:\github\ron-english-light-cult-9001-10000\images\9701-9746\RE-011528.jpg","items/lccc-9718.html","https://ronenglish-archive.github.io/ron-english-light-cult-9001-10000/items/lccc-9718.html","https://opensea.io/item/ethereum/0xbe85fbd182af91290be7293438ae67549638189f/9718","OK",""
"9719","9719","Light Cult Crypto Club #9719","RE-011529","9701-9800","D:\github\ron-english-light-cult-9001-10000\images\9701-9746\RE-011529.jpg","90741","images/9701-9746/RE-011529.jpg","RE-011529.jpg","D:\github\ron-english-light-cult-9001-10000\images\9701-9746\RE-011529.jpg","items/lccc-9719.html","https://ronenglish-archive.github.io/ron-english-light-cult-9001-10000/items/lccc-9719.html","https://opensea.io/item/ethereum/0xbe85fbd182af91290be7293438ae67549638189f/9719","OK",""
"9720","9720","Light Cult Crypto Club #9720","RE-011530","9701-9800","D:\github\ron-english-light-cult-9001-10000\images\9701-9746\RE-011530.jpg","80066","images/9701-9746/RE-011530.jpg","RE-011530.jpg","D:\github\ron-english-light-cult-9001-10000\images\9701-9746\RE-011530.jpg","items/lccc-9720.html","https://ronenglish-archive.github.io/ron-english-light-cult-9001-10000/items/lccc-9720.html","https://opensea.io/item/ethereum/0xbe85fbd182af91290be7293438ae67549638189f/9720","OK",""
"9721","9721","Light Cult Crypto Club #9721","RE-011531","9701-9800","D:\github\ron-english-light-cult-9001-10000\images\9701-9746\RE-011531.jpg","51011","images/9701-9746/RE-011531.jpg","RE-011531.jpg","D:\github\ron-english-light-cult-9001-10000\images\9701-9746\RE-011531.jpg","items/lccc-9721.html","https://ronenglish-archive.github.io/ron-english-light-cult-9001-10000/items/lccc-9721.html","https://opensea.io/item/ethereum/0xbe85fbd182af91290be7293438ae67549638189f/9721","OK",""
"9722","9722","Light Cult Crypto Club #9722","RE-011532","9701-9800","D:\github\ron-english-light-cult-9001-10000\images\9701-9746\RE-011532.jpg","50632","images/9701-9746/RE-011532.jpg","RE-011532.jpg","D:\github\ron-english-light-cult-9001-10000\images\9701-9746\RE-011532.jpg","items/lccc-9722.html","https://ronenglish-archive.github.io/ron-english-light-cult-9001-10000/items/lccc-9722.html","https://opensea.io/item/ethereum/0xbe85fbd182af91290be7293438ae67549638189f/9722","OK",""
"9723","9723","Light Cult Crypto Club #9723","RE-011533","9701-9800","D:\github\ron-english-light-cult-9001-10000\images\9701-9746\RE-011533.jpg","59708","images/9701-9746/RE-011533.jpg","RE-011533.jpg","D:\github\ron-english-light-cult-9001-10000\images\9701-9746\RE-011533.jpg","items/lccc-9723.html","https://ronenglish-archive.github.io/ron-english-light-cult-9001-10000/items/lccc-9723.html","https://opensea.io/item/ethereum/0xbe85fbd182af91290be7293438ae67549638189f/9723","OK",""
"9724","9724","Light Cult Crypto Club #9724","RE-011534","9701-9800","D:\github\ron-english-light-cult-9001-10000\images\9701-9746\RE-011534.jpg","98576","images/9701-9746/RE-011534.jpg","RE-011534.jpg","D:\github\ron-english-light-cult-9001-10000\images\9701-9746\RE-011534.jpg","items/lccc-9724.html","https://ronenglish-archive.github.io/ron-english-light-cult-9001-10000/items/lccc-9724.html","https://opensea.io/item/ethereum/0xbe85fbd182af91290be7293438ae67549638189f/9724","OK",""
"9725","9725","Light Cult Crypto Club #9725","RE-011535","9701-9800","D:\github\ron-english-light-cult-9001-10000\images\9701-9746\RE-011535.jpg","35648","images/9701-9746/RE-011535.jpg","RE-011535.jpg","D:\github\ron-english-light-cult-9001-10000\images\9701-9746\RE-011535.jpg","items/lccc-9725.html","https://ronenglish-archive.github.io/ron-english-light-cult-9001-10000/items/lccc-9725.html","https://opensea.io/item/ethereum/0xbe85fbd182af91290be7293438ae67549638189f/9725","OK",""
"9726","9726","Light Cult Crypto Club #9726","RE-011536","9701-9800","D:\github\ron-english-light-cult-9001-10000\images\9701-9746\RE-011536.jpg","54891","images/9701-9746/RE-011536.jpg","RE-011536.jpg","D:\github\ron-english-light-cult-9001-10000\images\9701-9746\RE-011536.jpg","items/lccc-9726.html","https://ronenglish-archive.github.io/ron-english-light-cult-9001-10000/items/lccc-9726.html","https://opensea.io/item/ethereum/0xbe85fbd182af91290be7293438ae67549638189f/9726","OK",""
"9727","9727","Light Cult Crypto Club #9727","RE-011537","9701-9800","D:\github\ron-english-light-cult-9001-10000\images\9701-9746\RE-011537.jpg","86023","images/9701-9746/RE-011537.jpg","RE-011537.jpg","D:\github\ron-english-light-cult-9001-10000\images\9701-9746\RE-011537.jpg","items/lccc-9727.html","https://ronenglish-archive.github.io/ron-english-light-cult-9001-10000/items/lccc-9727.html","https://opensea.io/item/ethereum/0xbe85fbd182af91290be7293438ae67549638189f/9727","OK",""
"9728","9728","Light Cult Crypto Club #9728","RE-011538","9701-9800","D:\github\ron-english-light-cult-9001-10000\images\9701-9746\RE-011538.jpg","113689","images/9701-9746/RE-011538.jpg","RE-011538.jpg","D:\github\ron-english-light-cult-9001-10000\images\9701-9746\RE-011538.jpg","items/lccc-9728.html","https://ronenglish-archive.github.io/ron-english-light-cult-9001-10000/items/lccc-9728.html","https://opensea.io/item/ethereum/0xbe85fbd182af91290be7293438ae67549638189f/9728","OK",""
"9729","9729","Light Cult Crypto Club #9729","RE-011539","9701-9800","D:\github\ron-english-light-cult-9001-10000\images\9701-9746\RE-011539.jpg","117974","images/9701-9746/RE-011539.jpg","RE-011539.jpg","D:\github\ron-english-light-cult-9001-10000\images\9701-9746\RE-011539.jpg","items/lccc-9729.html","https://ronenglish-archive.github.io/ron-english-light-cult-9001-10000/items/lccc-9729.html","https://opensea.io/item/ethereum/0xbe85fbd182af91290be7293438ae67549638189f/9729","OK",""
"9730","9730","Light Cult Crypto Club #9730","RE-011540","9701-9800","D:\github\ron-english-light-cult-9001-10000\images\9701-9746\RE-011540.jpg","125517","images/9701-9746/RE-011540.jpg","RE-011540.jpg","D:\github\ron-english-light-cult-9001-10000\images\9701-9746\RE-011540.jpg","items/lccc-9730.html","https://ronenglish-archive.github.io/ron-english-light-cult-9001-10000/items/lccc-9730.html","https://opensea.io/item/ethereum/0xbe85fbd182af91290be7293438ae67549638189f/9730","OK",""
"9731","9731","Light Cult Crypto Club #9731","RE-011541","9701-9800","D:\github\ron-english-light-cult-9001-10000\images\9701-9746\RE-011541.jpg","48206","images/9701-9746/RE-011541.jpg","RE-011541.jpg","D:\github\ron-english-light-cult-9001-10000\images\9701-9746\RE-011541.jpg","items/lccc-9731.html","https://ronenglish-archive.github.io/ron-english-light-cult-9001-10000/items/lccc-9731.html","https://opensea.io/item/ethereum/0xbe85fbd182af91290be7293438ae67549638189f/9731","OK",""
"9732","9732","Light Cult Crypto Club #9732","RE-011542","9701-9800","D:\github\ron-english-light-cult-9001-10000\images\9701-9746\RE-011542.jpg","43332","images/9701-9746/RE-011542.jpg","RE-011542.jpg","D:\github\ron-english-light-cult-9001-10000\images\9701-9746\RE-011542.jpg","items/lccc-9732.html","https://ronenglish-archive.github.io/ron-english-light-cult-9001-10000/items/lccc-9732.html","https://opensea.io/item/ethereum/0xbe85fbd182af91290be7293438ae67549638189f/9732","OK",""
"9733","9733","Light Cult Crypto Club #9733","RE-011543","9701-9800","D:\github\ron-english-light-cult-9001-10000\images\9701-9746\RE-011543.jpg","82944","images/9701-9746/RE-011543.jpg","RE-011543.jpg","D:\github\ron-english-light-cult-9001-10000\images\9701-9746\RE-011543.jpg","items/lccc-9733.html","https://ronenglish-archive.github.io/ron-english-light-cult-9001-10000/items/lccc-9733.html","https://opensea.io/item/ethereum/0xbe85fbd182af91290be7293438ae67549638189f/9733","OK",""
"9734","9734","Light Cult Crypto Club #9734","RE-011544","9701-9800","D:\github\ron-english-light-cult-9001-10000\images\9701-9746\RE-011544.jpg","120774","images/9701-9746/RE-011544.jpg","RE-011544.jpg","D:\github\ron-english-light-cult-9001-10000\images\9701-9746\RE-011544.jpg","items/lccc-9734.html","https://ronenglish-archive.github.io/ron-english-light-cult-9001-10000/items/lccc-9734.html","https://opensea.io/item/ethereum/0xbe85fbd182af91290be7293438ae67549638189f/9734","OK",""
"9735","9735","Light Cult Crypto Club #9735","RE-011545","9701-9800","D:\github\ron-english-light-cult-9001-10000\images\9701-9746\RE-011545.jpg","43404","images/9701-9746/RE-011545.jpg","RE-011545.jpg","D:\github\ron-english-light-cult-9001-10000\images\9701-9746\RE-011545.jpg","items/lccc-9735.html","https://ronenglish-archive.github.io/ron-english-light-cult-9001-10000/items/lccc-9735.html","https://opensea.io/item/ethereum/0xbe85fbd182af91290be7293438ae67549638189f/9735","OK",""
"9736","9736","Light Cult Crypto Club #9736","RE-011546","9701-9800","D:\github\ron-english-light-cult-9001-10000\images\9701-9746\RE-011546.jpg","72364","images/9701-9746/RE-011546.jpg","RE-011546.jpg","D:\github\ron-english-light-cult-9001-10000\images\9701-9746\RE-011546.jpg","items/lccc-9736.html","https://ronenglish-archive.github.io/ron-english-light-cult-9001-10000/items/lccc-9736.html","https://opensea.io/item/ethereum/0xbe85fbd182af91290be7293438ae67549638189f/9736","OK",""
"9737","9737","Light Cult Crypto Club #9737","RE-011547","9701-9800","D:\github\ron-english-light-cult-9001-10000\images\9701-9746\RE-011547.jpg","116274","images/9701-9746/RE-011547.jpg","RE-011547.jpg","D:\github\ron-english-light-cult-9001-10000\images\9701-9746\RE-011547.jpg","items/lccc-9737.html","https://ronenglish-archive.github.io/ron-english-light-cult-9001-10000/items/lccc-9737.html","https://opensea.io/item/ethereum/0xbe85fbd182af91290be7293438ae67549638189f/9737","OK",""
"9738","9738","Light Cult Crypto Club #9738","RE-011548","9701-9800","D:\github\ron-english-light-cult-9001-10000\images\9701-9746\RE-011548.jpg","140690","images/9701-9746/RE-011548.jpg","RE-011548.jpg","D:\github\ron-english-light-cult-9001-10000\images\9701-9746\RE-011548.jpg","items/lccc-9738.html","https://ronenglish-archive.github.io/ron-english-light-cult-9001-10000/items/lccc-9738.html","https://opensea.io/item/ethereum/0xbe85fbd182af91290be7293438ae67549638189f/9738","OK",""
"9739","9739","Light Cult Crypto Club #9739","RE-011549","9701-9800","D:\github\ron-english-light-cult-9001-10000\images\9701-9746\RE-011549.jpg","136842","images/9701-9746/RE-011549.jpg","RE-011549.jpg","D:\github\ron-english-light-cult-9001-10000\images\9701-9746\RE-011549.jpg","items/lccc-9739.html","https://ronenglish-archive.github.io/ron-english-light-cult-9001-10000/items/lccc-9739.html","https://opensea.io/item/ethereum/0xbe85fbd182af91290be7293438ae67549638189f/9739","OK",""
"9740","9740","Light Cult Crypto Club #9740","RE-011550","9701-9800","D:\github\ron-english-light-cult-9001-10000\images\9701-9746\RE-011550.jpg","72819","images/9701-9746/RE-011550.jpg","RE-011550.jpg","D:\github\ron-english-light-cult-9001-10000\images\9701-9746\RE-011550.jpg","items/lccc-9740.html","https://ronenglish-archive.github.io/ron-english-light-cult-9001-10000/items/lccc-9740.html","https://opensea.io/item/ethereum/0xbe85fbd182af91290be7293438ae67549638189f/9740","OK",""
"9741","9741","Light Cult Crypto Club #9741","RE-011551","9701-9800","D:\github\ron-english-light-cult-9001-10000\images\9701-9746\RE-011551.jpg","76998","images/9701-9746/RE-011551.jpg","RE-011551.jpg","D:\github\ron-english-light-cult-9001-10000\images\9701-9746\RE-011551.jpg","items/lccc-9741.html","https://ronenglish-archive.github.io/ron-english-light-cult-9001-10000/items/lccc-9741.html","https://opensea.io/item/ethereum/0xbe85fbd182af91290be7293438ae67549638189f/9741","OK",""
"9742","9742","Light Cult Crypto Club #9742","RE-011552","9701-9800","D:\github\ron-english-light-cult-9001-10000\images\9701-9746\RE-011552.jpg","124423","images/9701-9746/RE-011552.jpg","RE-011552.jpg","D:\github\ron-english-light-cult-9001-10000\images\9701-9746\RE-011552.jpg","items/lccc-9742.html","https://ronenglish-archive.github.io/ron-english-light-cult-9001-10000/items/lccc-9742.html","https://opensea.io/item/ethereum/0xbe85fbd182af91290be7293438ae67549638189f/9742","OK",""
"9743","9743","Light Cult Crypto Club #9743","RE-011553","9701-9800","D:\github\ron-english-light-cult-9001-10000\images\9701-9746\RE-011553.jpg","96084","images/9701-9746/RE-011553.jpg","RE-011553.jpg","D:\github\ron-english-light-cult-9001-10000\images\9701-9746\RE-011553.jpg","items/lccc-9743.html","https://ronenglish-archive.github.io/ron-english-light-cult-9001-10000/items/lccc-9743.html","https://opensea.io/item/ethereum/0xbe85fbd182af91290be7293438ae67549638189f/9743","OK",""
"9744","9744","Light Cult Crypto Club #9744","RE-011554","9701-9800","D:\github\ron-english-light-cult-9001-10000\images\9701-9746\RE-011554.jpg","165899","images/9701-9746/RE-011554.jpg","RE-011554.jpg","D:\github\ron-english-light-cult-9001-10000\images\9701-9746\RE-011554.jpg","items/lccc-9744.html","https://ronenglish-archive.github.io/ron-english-light-cult-9001-10000/items/lccc-9744.html","https://opensea.io/item/ethereum/0xbe85fbd182af91290be7293438ae67549638189f/9744","OK",""
"9745","9745","Light Cult Crypto Club #9745","RE-011555","9701-9800","D:\github\ron-english-light-cult-9001-10000\images\9701-9746\RE-011555.jpg","118864","images/9701-9746/RE-011555.jpg","RE-011555.jpg","D:\github\ron-english-light-cult-9001-10000\images\9701-9746\RE-011555.jpg","items/lccc-9745.html","https://ronenglish-archive.github.io/ron-english-light-cult-9001-10000/items/lccc-9745.html","https://opensea.io/item/ethereum/0xbe85fbd182af91290be7293438ae67549638189f/9745","OK",""
"9746","9746","Light Cult Crypto Club #9746","RE-011556","9701-9800","D:\github\ron-english-light-cult-9001-10000\images\9701-9746\RE-011556.jpg","84271","images/9701-9746/RE-011556.jpg","RE-011556.jpg","D:\github\ron-english-light-cult-9001-10000\images\9701-9746\RE-011556.jpg","items/lccc-9746.html","https://ronenglish-archive.github.io/ron-english-light-cult-9001-10000/items/lccc-9746.html","https://opensea.io/item/ethereum/0xbe85fbd182af91290be7293438ae67549638189f/9746","OK",""
"9747","9747","Light Cult Crypto Club #9747","RE-011557","9701-9800","","","","","","items/lccc-9747.html","https://ronenglish-archive.github.io/ron-english-light-cult-9001-10000/items/lccc-9747.html","https://opensea.io/item/ethereum/0xbe85fbd182af91290be7293438ae67549638189f/9747","MISSING SOURCE IMAGE","No existing repo image found for token #9747"
"9748","9748","Light Cult Crypto Club #9748","RE-011558","9701-9800","","","","","","items/lccc-9748.html","https://ronenglish-archive.github.io/ron-english-light-cult-9001-10000/items/lccc-9748.html","https://opensea.io/item/ethereum/0xbe85fbd182af91290be7293438ae67549638189f/9748","MISSING SOURCE IMAGE","No existing repo image found for token #9748"
"9749","9749","Light Cult Crypto Club #9749","RE-011559","9701-9800","","","","","","items/lccc-9749.html","https://ronenglish-archive.github.io/ron-english-light-cult-9001-10000/items/lccc-9749.html","https://opensea.io/item/ethereum/0xbe85fbd182af91290be7293438ae67549638189f/9749","MISSING SOURCE IMAGE","No existing repo image found for token #9749"
"9750","9750","Light Cult Crypto Club #9750","RE-011560","9701-9800","","","","","","items/lccc-9750.html","https://ronenglish-archive.github.io/ron-english-light-cult-9001-10000/items/lccc-9750.html","https://opensea.io/item/ethereum/0xbe85fbd182af91290be7293438ae67549638189f/9750","MISSING SOURCE IMAGE","No existing repo image found for token #9750"
"9751","9751","Light Cult Crypto Club #9751","RE-011561","9701-9800","","","","","","items/lccc-9751.html","https://ronenglish-archive.github.io/ron-english-light-cult-9001-10000/items/lccc-9751.html","https://opensea.io/item/ethereum/0xbe85fbd182af91290be7293438ae67549638189f/9751","MISSING SOURCE IMAGE","No existing repo image found for token #9751"
"9752","9752","Light Cult Crypto Club #9752","RE-011562","9701-9800","","","","","","items/lccc-9752.html","https://ronenglish-archive.github.io/ron-english-light-cult-9001-10000/items/lccc-9752.html","https://opensea.io/item/ethereum/0xbe85fbd182af91290be7293438ae67549638189f/9752","MISSING SOURCE IMAGE","No existing repo image found for token #9752"
"9753","9753","Light Cult Crypto Club #9753","RE-011563","9701-9800","","","","","","items/lccc-9753.html","https://ronenglish-archive.github.io/ron-english-light-cult-9001-10000/items/lccc-9753.html","https://opensea.io/item/ethereum/0xbe85fbd182af91290be7293438ae67549638189f/9753","MISSING SOURCE IMAGE","No existing repo image found for token #9753"
"9754","9754","Light Cult Crypto Club #9754","RE-011564","9701-9800","","","","","","items/lccc-9754.html","https://ronenglish-archive.github.io/ron-english-light-cult-9001-10000/items/lccc-9754.html","https://opensea.io/item/ethereum/0xbe85fbd182af91290be7293438ae67549638189f/9754","MISSING SOURCE IMAGE","No existing repo image found for token #9754"
"9755","9755","Light Cult Crypto Club #9755","RE-011565","9701-9800","","","","","","items/lccc-9755.html","https://ronenglish-archive.github.io/ron-english-light-cult-9001-10000/items/lccc-9755.html","https://opensea.io/item/ethereum/0xbe85fbd182af91290be7293438ae67549638189f/9755","MISSING SOURCE IMAGE","No existing repo image found for token #9755"
"9756","9756","Light Cult Crypto Club #9756","RE-011566","9701-9800","","","","","","items/lccc-9756.html","https://ronenglish-archive.github.io/ron-english-light-cult-9001-10000/items/lccc-9756.html","https://opensea.io/item/ethereum/0xbe85fbd182af91290be7293438ae67549638189f/9756","MISSING SOURCE IMAGE","No existing repo image found for token #9756"
"9757","9757","Light Cult Crypto Club #9757","RE-011567","9701-9800","","","","","","items/lccc-9757.html","https://ronenglish-archive.github.io/ron-english-light-cult-9001-10000/items/lccc-9757.html","https://opensea.io/item/ethereum/0xbe85fbd182af91290be7293438ae67549638189f/9757","MISSING SOURCE IMAGE","No existing repo image found for token #9757"
"9758","9758","Light Cult Crypto Club #9758","RE-011568","9701-9800","","","","","","items/lccc-9758.html","https://ronenglish-archive.github.io/ron-english-light-cult-9001-10000/items/lccc-9758.html","https://opensea.io/item/ethereum/0xbe85fbd182af91290be7293438ae67549638189f/9758","MISSING SOURCE IMAGE","No existing repo image found for token #9758"
"9759","9759","Light Cult Crypto Club #9759","RE-011569","9701-9800","","","","","","items/lccc-9759.html","https://ronenglish-archive.github.io/ron-english-light-cult-9001-10000/items/lccc-9759.html","https://opensea.io/item/ethereum/0xbe85fbd182af91290be7293438ae67549638189f/9759","MISSING SOURCE IMAGE","No existing repo image found for token #9759"
"9760","9760","Light Cult Crypto Club #9760","RE-011570","9701-9800","","","","","","items/lccc-9760.html","https://ronenglish-archive.github.io/ron-english-light-cult-9001-10000/items/lccc-9760.html","https://opensea.io/item/ethereum/0xbe85fbd182af91290be7293438ae67549638189f/9760","MISSING SOURCE IMAGE","No existing repo image found for token #9760"
"9761","9761","Light Cult Crypto Club #9761","RE-011571","9701-9800","","","","","","items/lccc-9761.html","https://ronenglish-archive.github.io/ron-english-light-cult-9001-10000/items/lccc-9761.html","https://opensea.io/item/ethereum/0xbe85fbd182af91290be7293438ae67549638189f/9761","MISSING SOURCE IMAGE","No existing repo image found for token #9761"
"9762","9762","Light Cult Crypto Club #9762","RE-011572","9701-9800","","","","","","items/lccc-9762.html","https://ronenglish-archive.github.io/ron-english-light-cult-9001-10000/items/lccc-9762.html","https://opensea.io/item/ethereum/0xbe85fbd182af91290be7293438ae67549638189f/9762","MISSING SOURCE IMAGE","No existing repo image found for token #9762"
"9763","9763","Light Cult Crypto Club #9763","RE-011573","9701-9800","","","","","","items/lccc-9763.html","https://ronenglish-archive.github.io/ron-english-light-cult-9001-10000/items/lccc-9763.html","https://opensea.io/item/ethereum/0xbe85fbd182af91290be7293438ae67549638189f/9763","MISSING SOURCE IMAGE","No existing repo image found for token #9763"
"9764","9764","Light Cult Crypto Club #9764","RE-011574","9701-9800","","","","","","items/lccc-9764.html","https://ronenglish-archive.github.io/ron-english-light-cult-9001-10000/items/lccc-9764.html","https://opensea.io/item/ethereum/0xbe85fbd182af91290be7293438ae67549638189f/9764","MISSING SOURCE IMAGE","No existing repo image found for token #9764"
"9765","9765","Light Cult Crypto Club #9765","RE-011575","9701-9800","","","","","","items/lccc-9765.html","https://ronenglish-archive.github.io/ron-english-light-cult-9001-10000/items/lccc-9765.html","https://opensea.io/item/ethereum/0xbe85fbd182af91290be7293438ae67549638189f/9765","MISSING SOURCE IMAGE","No existing repo image found for token #9765"
"9766","9766","Light Cult Crypto Club #9766","RE-011576","9701-9800","","","","","","items/lccc-9766.html","https://ronenglish-archive.github.io/ron-english-light-cult-9001-10000/items/lccc-9766.html","https://opensea.io/item/ethereum/0xbe85fbd182af91290be7293438ae67549638189f/9766","MISSING SOURCE IMAGE","No existing repo image found for token #9766"
"9767","9767","Light Cult Crypto Club #9767","RE-011577","9701-9800","","","","","","items/lccc-9767.html","https://ronenglish-archive.github.io/ron-english-light-cult-9001-10000/items/lccc-9767.html","https://opensea.io/item/ethereum/0xbe85fbd182af91290be7293438ae67549638189f/9767","MISSING SOURCE IMAGE","No existing repo image found for token #9767"
"9768","9768","Light Cult Crypto Club #9768","RE-011578","9701-9800","","","","","","items/lccc-9768.html","https://ronenglish-archive.github.io/ron-english-light-cult-9001-10000/items/lccc-9768.html","https://opensea.io/item/ethereum/0xbe85fbd182af91290be7293438ae67549638189f/9768","MISSING SOURCE IMAGE","No existing repo image found for token #9768"
"9769","9769","Light Cult Crypto Club #9769","RE-011579","9701-9800","","","","","","items/lccc-9769.html","https://ronenglish-archive.github.io/ron-english-light-cult-9001-10000/items/lccc-9769.html","https://opensea.io/item/ethereum/0xbe85fbd182af91290be7293438ae67549638189f/9769","MISSING SOURCE IMAGE","No existing repo image found for token #9769"
"9770","9770","Light Cult Crypto Club #9770","RE-011580","9701-9800","","","","","","items/lccc-9770.html","https://ronenglish-archive.github.io/ron-english-light-cult-9001-10000/items/lccc-9770.html","https://opensea.io/item/ethereum/0xbe85fbd182af91290be7293438ae67549638189f/9770","MISSING SOURCE IMAGE","No existing repo image found for token #9770"
"9771","9771","Light Cult Crypto Club #9771","RE-011581","9701-9800","","","","","","items/lccc-9771.html","https://ronenglish-archive.github.io/ron-english-light-cult-9001-10000/items/lccc-9771.html","https://opensea.io/item/ethereum/0xbe85fbd182af91290be7293438ae67549638189f/9771","MISSING SOURCE IMAGE","No existing repo image found for token #9771"
"9772","9772","Light Cult Crypto Club #9772","RE-011582","9701-9800","","","","","","items/lccc-9772.html","https://ronenglish-archive.github.io/ron-english-light-cult-9001-10000/items/lccc-9772.html","https://opensea.io/item/ethereum/0xbe85fbd182af91290be7293438ae67549638189f/9772","MISSING SOURCE IMAGE","No existing repo image found for token #9772"
"9773","9773","Light Cult Crypto Club #9773","RE-011583","9701-9800","","","","","","items/lccc-9773.html","https://ronenglish-archive.github.io/ron-english-light-cult-9001-10000/items/lccc-9773.html","https://opensea.io/item/ethereum/0xbe85fbd182af91290be7293438ae67549638189f/9773","MISSING SOURCE IMAGE","No existing repo image found for token #9773"
"9774","9774","Light Cult Crypto Club #9774","RE-011584","9701-9800","","","","","","items/lccc-9774.html","https://ronenglish-archive.github.io/ron-english-light-cult-9001-10000/items/lccc-9774.html","https://opensea.io/item/ethereum/0xbe85fbd182af91290be7293438ae67549638189f/9774","MISSING SOURCE IMAGE","No existing repo image found for token #9774"
"9775","9775","Light Cult Crypto Club #9775","RE-011585","9701-9800","","","","","","items/lccc-9775.html","https://ronenglish-archive.github.io/ron-english-light-cult-9001-10000/items/lccc-9775.html","https://opensea.io/item/ethereum/0xbe85fbd182af91290be7293438ae67549638189f/9775","MISSING SOURCE IMAGE","No existing repo image found for token #9775"
"9776","9776","Light Cult Crypto Club #9776","RE-011586","9701-9800","","","","","","items/lccc-9776.html","https://ronenglish-archive.github.io/ron-english-light-cult-9001-10000/items/lccc-9776.html","https://opensea.io/item/ethereum/0xbe85fbd182af91290be7293438ae67549638189f/9776","MISSING SOURCE IMAGE","No existing repo image found for token #9776"
"9777","9777","Light Cult Crypto Club #9777","RE-011587","9701-9800","","","","","","items/lccc-9777.html","https://ronenglish-archive.github.io/ron-english-light-cult-9001-10000/items/lccc-9777.html","https://opensea.io/item/ethereum/0xbe85fbd182af91290be7293438ae67549638189f/9777","MISSING SOURCE IMAGE","No existing repo image found for token #9777"
"9778","9778","Light Cult Crypto Club #9778","RE-011588","9701-9800","","","","","","items/lccc-9778.html","https://ronenglish-archive.github.io/ron-english-light-cult-9001-10000/items/lccc-9778.html","https://opensea.io/item/ethereum/0xbe85fbd182af91290be7293438ae67549638189f/9778","MISSING SOURCE IMAGE","No existing repo image found for token #9778"
"9779","9779","Light Cult Crypto Club #9779","RE-011589","9701-9800","","","","","","items/lccc-9779.html","https://ronenglish-archive.github.io/ron-english-light-cult-9001-10000/items/lccc-9779.html","https://opensea.io/item/ethereum/0xbe85fbd182af91290be7293438ae67549638189f/9779","MISSING SOURCE IMAGE","No existing repo image found for token #9779"
"9780","9780","Light Cult Crypto Club #9780","RE-011590","9701-9800","","","","","","items/lccc-9780.html","https://ronenglish-archive.github.io/ron-english-light-cult-9001-10000/items/lccc-9780.html","https://opensea.io/item/ethereum/0xbe85fbd182af91290be7293438ae67549638189f/9780","MISSING SOURCE IMAGE","No existing repo image found for token #9780"
"9781","9781","Light Cult Crypto Club #9781","RE-011591","9701-9800","","","","","","items/lccc-9781.html","https://ronenglish-archive.github.io/ron-english-light-cult-9001-10000/items/lccc-9781.html","https://opensea.io/item/ethereum/0xbe85fbd182af91290be7293438ae67549638189f/9781","MISSING SOURCE IMAGE","No existing repo image found for token #9781"
"9782","9782","Light Cult Crypto Club #9782","RE-011592","9701-9800","","","","","","items/lccc-9782.html","https://ronenglish-archive.github.io/ron-english-light-cult-9001-10000/items/lccc-9782.html","https://opensea.io/item/ethereum/0xbe85fbd182af91290be7293438ae67549638189f/9782","MISSING SOURCE IMAGE","No existing repo image found for token #9782"
"9783","9783","Light Cult Crypto Club #9783","RE-011593","9701-9800","","","","","","items/lccc-9783.html","https://ronenglish-archive.github.io/ron-english-light-cult-9001-10000/items/lccc-9783.html","https://opensea.io/item/ethereum/0xbe85fbd182af91290be7293438ae67549638189f/9783","MISSING SOURCE IMAGE","No existing repo image found for token #9783"
"9784","9784","Light Cult Crypto Club #9784","RE-011594","9701-9800","","","","","","items/lccc-9784.html","https://ronenglish-archive.github.io/ron-english-light-cult-9001-10000/items/lccc-9784.html","https://opensea.io/item/ethereum/0xbe85fbd182af91290be7293438ae67549638189f/9784","MISSING SOURCE IMAGE","No existing repo image found for token #9784"
"9785","9785","Light Cult Crypto Club #9785","RE-011595","9701-9800","","","","","","items/lccc-9785.html","https://ronenglish-archive.github.io/ron-english-light-cult-9001-10000/items/lccc-9785.html","https://opensea.io/item/ethereum/0xbe85fbd182af91290be7293438ae67549638189f/9785","MISSING SOURCE IMAGE","No existing repo image found for token #9785"
"9786","9786","Light Cult Crypto Club #9786","RE-011596","9701-9800","","","","","","items/lccc-9786.html","https://ronenglish-archive.github.io/ron-english-light-cult-9001-10000/items/lccc-9786.html","https://opensea.io/item/ethereum/0xbe85fbd182af91290be7293438ae67549638189f/9786","MISSING SOURCE IMAGE","No existing repo image found for token #9786"
"9787","9787","Light Cult Crypto Club #9787","RE-011597","9701-9800","","","","","","items/lccc-9787.html","https://ronenglish-archive.github.io/ron-english-light-cult-9001-10000/items/lccc-9787.html","https://opensea.io/item/ethereum/0xbe85fbd182af91290be7293438ae67549638189f/9787","MISSING SOURCE IMAGE","No existing repo image found for token #9787"
"9788","9788","Light Cult Crypto Club #9788","RE-011598","9701-9800","","","","","","items/lccc-9788.html","https://ronenglish-archive.github.io/ron-english-light-cult-9001-10000/items/lccc-9788.html","https://opensea.io/item/ethereum/0xbe85fbd182af91290be7293438ae67549638189f/9788","MISSING SOURCE IMAGE","No existing repo image found for token #9788"
"9789","9789","Light Cult Crypto Club #9789","RE-011599","9701-9800","","","","","","items/lccc-9789.html","https://ronenglish-archive.github.io/ron-english-light-cult-9001-10000/items/lccc-9789.html","https://opensea.io/item/ethereum/0xbe85fbd182af91290be7293438ae67549638189f/9789","MISSING SOURCE IMAGE","No existing repo image found for token #9789"
"9790","9790","Light Cult Crypto Club #9790","RE-011600","9701-9800","","","","","","items/lccc-9790.html","https://ronenglish-archive.github.io/ron-english-light-cult-9001-10000/items/lccc-9790.html","https://opensea.io/item/ethereum/0xbe85fbd182af91290be7293438ae67549638189f/9790","MISSING SOURCE IMAGE","No existing repo image found for token #9790"
"9791","9791","Light Cult Crypto Club #9791","RE-011601","9701-9800","","","","","","items/lccc-9791.html","https://ronenglish-archive.github.io/ron-english-light-cult-9001-10000/items/lccc-9791.html","https://opensea.io/item/ethereum/0xbe85fbd182af91290be7293438ae67549638189f/9791","MISSING SOURCE IMAGE","No existing repo image found for token #9791"
"9792","9792","Light Cult Crypto Club #9792","RE-011602","9701-9800","","","","","","items/lccc-9792.html","https://ronenglish-archive.github.io/ron-english-light-cult-9001-10000/items/lccc-9792.html","https://opensea.io/item/ethereum/0xbe85fbd182af91290be7293438ae67549638189f/9792","MISSING SOURCE IMAGE","No existing repo image found for token #9792"
"9793","9793","Light Cult Crypto Club #9793","RE-011603","9701-9800","","","","","","items/lccc-9793.html","https://ronenglish-archive.github.io/ron-english-light-cult-9001-10000/items/lccc-9793.html","https://opensea.io/item/ethereum/0xbe85fbd182af91290be7293438ae67549638189f/9793","MISSING SOURCE IMAGE","No existing repo image found for token #9793"
"9794","9794","Light Cult Crypto Club #9794","RE-011604","9701-9800","","","","","","items/lccc-9794.html","https://ronenglish-archive.github.io/ron-english-light-cult-9001-10000/items/lccc-9794.html","https://opensea.io/item/ethereum/0xbe85fbd182af91290be7293438ae67549638189f/9794","MISSING SOURCE IMAGE","No existing repo image found for token #9794"
"9795","9795","Light Cult Crypto Club #9795","RE-011605","9701-9800","","","","","","items/lccc-9795.html","https://ronenglish-archive.github.io/ron-english-light-cult-9001-10000/items/lccc-9795.html","https://opensea.io/item/ethereum/0xbe85fbd182af91290be7293438ae67549638189f/9795","MISSING SOURCE IMAGE","No existing repo image found for token #9795"
"9796","9796","Light Cult Crypto Club #9796","RE-011606","9701-9800","","","","","","items/lccc-9796.html","https://ronenglish-archive.github.io/ron-english-light-cult-9001-10000/items/lccc-9796.html","https://opensea.io/item/ethereum/0xbe85fbd182af91290be7293438ae67549638189f/9796","MISSING SOURCE IMAGE","No existing repo image found for token #9796"
"9797","9797","Light Cult Crypto Club #9797","RE-011607","9701-9800","","","","","","items/lccc-9797.html","https://ronenglish-archive.github.io/ron-english-light-cult-9001-10000/items/lccc-9797.html","https://opensea.io/item/ethereum/0xbe85fbd182af91290be7293438ae67549638189f/9797","MISSING SOURCE IMAGE","No existing repo image found for token #9797"
"9798","9798","Light Cult Crypto Club #9798","RE-011608","9701-9800","","","","","","items/lccc-9798.html","https://ronenglish-archive.github.io/ron-english-light-cult-9001-10000/items/lccc-9798.html","https://opensea.io/item/ethereum/0xbe85fbd182af91290be7293438ae67549638189f/9798","MISSING SOURCE IMAGE","No existing repo image found for token #9798"
"9799","9799","Light Cult Crypto Club #9799","RE-011609","9701-9800","","","","","","items/lccc-9799.html","https://ronenglish-archive.github.io/ron-english-light-cult-9001-10000/items/lccc-9799.html","https://opensea.io/item/ethereum/0xbe85fbd182af91290be7293438ae67549638189f/9799","MISSING SOURCE IMAGE","No existing repo image found for token #9799"
"9800","9800","Light Cult Crypto Club #9800","RE-011610","9701-9800","","","","","","items/lccc-9800.html","https://ronenglish-archive.github.io/ron-english-light-cult-9001-10000/items/lccc-9800.html","https://opensea.io/item/ethereum/0xbe85fbd182af91290be7293438ae67549638189f/9800","MISSING SOURCE IMAGE","No existing repo image found for token #9800"
"9801","9801","Light Cult Crypto Club #9801","RE-011611","9801-9900","","","","","","items/lccc-9801.html","https://ronenglish-archive.github.io/ron-english-light-cult-9001-10000/items/lccc-9801.html","https://opensea.io/item/ethereum/0xbe85fbd182af91290be7293438ae67549638189f/9801","MISSING SOURCE IMAGE","No existing repo image found for token #9801"
"9802","9802","Light Cult Crypto Club #9802","RE-011612","9801-9900","","","","","","items/lccc-9802.html","https://ronenglish-archive.github.io/ron-english-light-cult-9001-10000/items/lccc-9802.html","https://opensea.io/item/ethereum/0xbe85fbd182af91290be7293438ae67549638189f/9802","MISSING SOURCE IMAGE","No existing repo image found for token #9802"
"9803","9803","Light Cult Crypto Club #9803","RE-011613","9801-9900","","","","","","items/lccc-9803.html","https://ronenglish-archive.github.io/ron-english-light-cult-9001-10000/items/lccc-9803.html","https://opensea.io/item/ethereum/0xbe85fbd182af91290be7293438ae67549638189f/9803","MISSING SOURCE IMAGE","No existing repo image found for token #9803"
"9804","9804","Light Cult Crypto Club #9804","RE-011614","9801-9900","","","","","","items/lccc-9804.html","https://ronenglish-archive.github.io/ron-english-light-cult-9001-10000/items/lccc-9804.html","https://opensea.io/item/ethereum/0xbe85fbd182af91290be7293438ae67549638189f/9804","MISSING SOURCE IMAGE","No existing repo image found for token #9804"
"9805","9805","Light Cult Crypto Club #9805","RE-011615","9801-9900","","","","","","items/lccc-9805.html","https://ronenglish-archive.github.io/ron-english-light-cult-9001-10000/items/lccc-9805.html","https://opensea.io/item/ethereum/0xbe85fbd182af91290be7293438ae67549638189f/9805","MISSING SOURCE IMAGE","No existing repo image found for token #9805"
"9806","9806","Light Cult Crypto Club #9806","RE-011616","9801-9900","","","","","","items/lccc-9806.html","https://ronenglish-archive.github.io/ron-english-light-cult-9001-10000/items/lccc-9806.html","https://opensea.io/item/ethereum/0xbe85fbd182af91290be7293438ae67549638189f/9806","MISSING SOURCE IMAGE","No existing repo image found for token #9806"
"9807","9807","Light Cult Crypto Club #9807","RE-011617","9801-9900","","","","","","items/lccc-9807.html","https://ronenglish-archive.github.io/ron-english-light-cult-9001-10000/items/lccc-9807.html","https://opensea.io/item/ethereum/0xbe85fbd182af91290be7293438ae67549638189f/9807","MISSING SOURCE IMAGE","No existing repo image found for token #9807"
"9808","9808","Light Cult Crypto Club #9808","RE-011618","9801-9900","","","","","","items/lccc-9808.html","https://ronenglish-archive.github.io/ron-english-light-cult-9001-10000/items/lccc-9808.html","https://opensea.io/item/ethereum/0xbe85fbd182af91290be7293438ae67549638189f/9808","MISSING SOURCE IMAGE","No existing repo image found for token #9808"
"9809","9809","Light Cult Crypto Club #9809","RE-011619","9801-9900","","","","","","items/lccc-9809.html","https://ronenglish-archive.github.io/ron-english-light-cult-9001-10000/items/lccc-9809.html","https://opensea.io/item/ethereum/0xbe85fbd182af91290be7293438ae67549638189f/9809","MISSING SOURCE IMAGE","No existing repo image found for token #9809"
"9810","9810","Light Cult Crypto Club #9810","RE-011620","9801-9900","","","","","","items/lccc-9810.html","https://ronenglish-archive.github.io/ron-english-light-cult-9001-10000/items/lccc-9810.html","https://opensea.io/item/ethereum/0xbe85fbd182af91290be7293438ae67549638189f/9810","MISSING SOURCE IMAGE","No existing repo image found for token #9810"
"9811","9811","Light Cult Crypto Club #9811","RE-011621","9801-9900","","","","","","items/lccc-9811.html","https://ronenglish-archive.github.io/ron-english-light-cult-9001-10000/items/lccc-9811.html","https://opensea.io/item/ethereum/0xbe85fbd182af91290be7293438ae67549638189f/9811","MISSING SOURCE IMAGE","No existing repo image found for token #9811"
"9812","9812","Light Cult Crypto Club #9812","RE-011622","9801-9900","","","","","","items/lccc-9812.html","https://ronenglish-archive.github.io/ron-english-light-cult-9001-10000/items/lccc-9812.html","https://opensea.io/item/ethereum/0xbe85fbd182af91290be7293438ae67549638189f/9812","MISSING SOURCE IMAGE","No existing repo image found for token #9812"
"9813","9813","Light Cult Crypto Club #9813","RE-011623","9801-9900","","","","","","items/lccc-9813.html","https://ronenglish-archive.github.io/ron-english-light-cult-9001-10000/items/lccc-9813.html","https://opensea.io/item/ethereum/0xbe85fbd182af91290be7293438ae67549638189f/9813","MISSING SOURCE IMAGE","No existing repo image found for token #9813"
"9814","9814","Light Cult Crypto Club #9814","RE-011624","9801-9900","","","","","","items/lccc-9814.html","https://ronenglish-archive.github.io/ron-english-light-cult-9001-10000/items/lccc-9814.html","https://opensea.io/item/ethereum/0xbe85fbd182af91290be7293438ae67549638189f/9814","MISSING SOURCE IMAGE","No existing repo image found for token #9814"
"9815","9815","Light Cult Crypto Club #9815","RE-011625","9801-9900","","","","","","items/lccc-9815.html","https://ronenglish-archive.github.io/ron-english-light-cult-9001-10000/items/lccc-9815.html","https://opensea.io/item/ethereum/0xbe85fbd182af91290be7293438ae67549638189f/9815","MISSING SOURCE IMAGE","No existing repo image found for token #9815"
"9816","9816","Light Cult Crypto Club #9816","RE-011626","9801-9900","","","","","","items/lccc-9816.html","https://ronenglish-archive.github.io/ron-english-light-cult-9001-10000/items/lccc-9816.html","https://opensea.io/item/ethereum/0xbe85fbd182af91290be7293438ae67549638189f/9816","MISSING SOURCE IMAGE","No existing repo image found for token #9816"
"9817","9817","Light Cult Crypto Club #9817","RE-011627","9801-9900","","","","","","items/lccc-9817.html","https://ronenglish-archive.github.io/ron-english-light-cult-9001-10000/items/lccc-9817.html","https://opensea.io/item/ethereum/0xbe85fbd182af91290be7293438ae67549638189f/9817","MISSING SOURCE IMAGE","No existing repo image found for token #9817"
"9818","9818","Light Cult Crypto Club #9818","RE-011628","9801-9900","","","","","","items/lccc-9818.html","https://ronenglish-archive.github.io/ron-english-light-cult-9001-10000/items/lccc-9818.html","https://opensea.io/item/ethereum/0xbe85fbd182af91290be7293438ae67549638189f/9818","MISSING SOURCE IMAGE","No existing repo image found for token #9818"
"9819","9819","Light Cult Crypto Club #9819","RE-011629","9801-9900","","","","","","items/lccc-9819.html","https://ronenglish-archive.github.io/ron-english-light-cult-9001-10000/items/lccc-9819.html","https://opensea.io/item/ethereum/0xbe85fbd182af91290be7293438ae67549638189f/9819","MISSING SOURCE IMAGE","No existing repo image found for token #9819"
"9820","9820","Light Cult Crypto Club #9820","RE-011630","9801-9900","","","","","","items/lccc-9820.html","https://ronenglish-archive.github.io/ron-english-light-cult-9001-10000/items/lccc-9820.html","https://opensea.io/item/ethereum/0xbe85fbd182af91290be7293438ae67549638189f/9820","MISSING SOURCE IMAGE","No existing repo image found for token #9820"
"9821","9821","Light Cult Crypto Club #9821","RE-011631","9801-9900","","","","","","items/lccc-9821.html","https://ronenglish-archive.github.io/ron-english-light-cult-9001-10000/items/lccc-9821.html","https://opensea.io/item/ethereum/0xbe85fbd182af91290be7293438ae67549638189f/9821","MISSING SOURCE IMAGE","No existing repo image found for token #9821"
"9822","9822","Light Cult Crypto Club #9822","RE-011632","9801-9900","","","","","","items/lccc-9822.html","https://ronenglish-archive.github.io/ron-english-light-cult-9001-10000/items/lccc-9822.html","https://opensea.io/item/ethereum/0xbe85fbd182af91290be7293438ae67549638189f/9822","MISSING SOURCE IMAGE","No existing repo image found for token #9822"
"9823","9823","Light Cult Crypto Club #9823","RE-011633","9801-9900","","","","","","items/lccc-9823.html","https://ronenglish-archive.github.io/ron-english-light-cult-9001-10000/items/lccc-9823.html","https://opensea.io/item/ethereum/0xbe85fbd182af91290be7293438ae67549638189f/9823","MISSING SOURCE IMAGE","No existing repo image found for token #9823"
"9824","9824","Light Cult Crypto Club #9824","RE-011634","9801-9900","","","","","","items/lccc-9824.html","https://ronenglish-archive.github.io/ron-english-light-cult-9001-10000/items/lccc-9824.html","https://opensea.io/item/ethereum/0xbe85fbd182af91290be7293438ae67549638189f/9824","MISSING SOURCE IMAGE","No existing repo image found for token #9824"
"9825","9825","Light Cult Crypto Club #9825","RE-011635","9801-9900","","","","","","items/lccc-9825.html","https://ronenglish-archive.github.io/ron-english-light-cult-9001-10000/items/lccc-9825.html","https://opensea.io/item/ethereum/0xbe85fbd182af91290be7293438ae67549638189f/9825","MISSING SOURCE IMAGE","No existing repo image found for token #9825"
"9826","9826","Light Cult Crypto Club #9826","RE-011636","9801-9900","","","","","","items/lccc-9826.html","https://ronenglish-archive.github.io/ron-english-light-cult-9001-10000/items/lccc-9826.html","https://opensea.io/item/ethereum/0xbe85fbd182af91290be7293438ae67549638189f/9826","MISSING SOURCE IMAGE","No existing repo image found for token #9826"
"9827","9827","Light Cult Crypto Club #9827","RE-011637","9801-9900","","","","","","items/lccc-9827.html","https://ronenglish-archive.github.io/ron-english-light-cult-9001-10000/items/lccc-9827.html","https://opensea.io/item/ethereum/0xbe85fbd182af91290be7293438ae67549638189f/9827","MISSING SOURCE IMAGE","No existing repo image found for token #9827"
"9828","9828","Light Cult Crypto Club #9828","RE-011638","9801-9900","","","","","","items/lccc-9828.html","https://ronenglish-archive.github.io/ron-english-light-cult-9001-10000/items/lccc-9828.html","https://opensea.io/item/ethereum/0xbe85fbd182af91290be7293438ae67549638189f/9828","MISSING SOURCE IMAGE","No existing repo image found for token #9828"
"9829","9829","Light Cult Crypto Club #9829","RE-011639","9801-9900","","","","","","items/lccc-9829.html","https://ronenglish-archive.github.io/ron-english-light-cult-9001-10000/items/lccc-9829.html","https://opensea.io/item/ethereum/0xbe85fbd182af91290be7293438ae67549638189f/9829","MISSING SOURCE IMAGE","No existing repo image found for token #9829"
"9830","9830","Light Cult Crypto Club #9830","RE-011640","9801-9900","","","","","","items/lccc-9830.html","https://ronenglish-archive.github.io/ron-english-light-cult-9001-10000/items/lccc-9830.html","https://opensea.io/item/ethereum/0xbe85fbd182af91290be7293438ae67549638189f/9830","MISSING SOURCE IMAGE","No existing repo image found for token #9830"
"9831","9831","Light Cult Crypto Club #9831","RE-011641","9801-9900","","","","","","items/lccc-9831.html","https://ronenglish-archive.github.io/ron-english-light-cult-9001-10000/items/lccc-9831.html","https://opensea.io/item/ethereum/0xbe85fbd182af91290be7293438ae67549638189f/9831","MISSING SOURCE IMAGE","No existing repo image found for token #9831"
"9832","9832","Light Cult Crypto Club #9832","RE-011642","9801-9900","","","","","","items/lccc-9832.html","https://ronenglish-archive.github.io/ron-english-light-cult-9001-10000/items/lccc-9832.html","https://opensea.io/item/ethereum/0xbe85fbd182af91290be7293438ae67549638189f/9832","MISSING SOURCE IMAGE","No existing repo image found for token #9832"
"9833","9833","Light Cult Crypto Club #9833","RE-011643","9801-9900","","","","","","items/lccc-9833.html","https://ronenglish-archive.github.io/ron-english-light-cult-9001-10000/items/lccc-9833.html","https://opensea.io/item/ethereum/0xbe85fbd182af91290be7293438ae67549638189f/9833","MISSING SOURCE IMAGE","No existing repo image found for token #9833"
"9834","9834","Light Cult Crypto Club #9834","RE-011644","9801-9900","","","","","","items/lccc-9834.html","https://ronenglish-archive.github.io/ron-english-light-cult-9001-10000/items/lccc-9834.html","https://opensea.io/item/ethereum/0xbe85fbd182af91290be7293438ae67549638189f/9834","MISSING SOURCE IMAGE","No existing repo image found for token #9834"
"9835","9835","Light Cult Crypto Club #9835","RE-011645","9801-9900","","","","","","items/lccc-9835.html","https://ronenglish-archive.github.io/ron-english-light-cult-9001-10000/items/lccc-9835.html","https://opensea.io/item/ethereum/0xbe85fbd182af91290be7293438ae67549638189f/9835","MISSING SOURCE IMAGE","No existing repo image found for token #9835"
"9836","9836","Light Cult Crypto Club #9836","RE-011646","9801-9900","","","","","","items/lccc-9836.html","https://ronenglish-archive.github.io/ron-english-light-cult-9001-10000/items/lccc-9836.html","https://opensea.io/item/ethereum/0xbe85fbd182af91290be7293438ae67549638189f/9836","MISSING SOURCE IMAGE","No existing repo image found for token #9836"
"9837","9837","Light Cult Crypto Club #9837","RE-011647","9801-9900","","","","","","items/lccc-9837.html","https://ronenglish-archive.github.io/ron-english-light-cult-9001-10000/items/lccc-9837.html","https://opensea.io/item/ethereum/0xbe85fbd182af91290be7293438ae67549638189f/9837","MISSING SOURCE IMAGE","No existing repo image found for token #9837"
"9838","9838","Light Cult Crypto Club #9838","RE-011648","9801-9900","","","","","","items/lccc-9838.html","https://ronenglish-archive.github.io/ron-english-light-cult-9001-10000/items/lccc-9838.html","https://opensea.io/item/ethereum/0xbe85fbd182af91290be7293438ae67549638189f/9838","MISSING SOURCE IMAGE","No existing repo image found for token #9838"
"9839","9839","Light Cult Crypto Club #9839","RE-011649","9801-9900","","","","","","items/lccc-9839.html","https://ronenglish-archive.github.io/ron-english-light-cult-9001-10000/items/lccc-9839.html","https://opensea.io/item/ethereum/0xbe85fbd182af91290be7293438ae67549638189f/9839","MISSING SOURCE IMAGE","No existing repo image found for token #9839"
"9840","9840","Light Cult Crypto Club #9840","RE-011650","9801-9900","","","","","","items/lccc-9840.html","https://ronenglish-archive.github.io/ron-english-light-cult-9001-10000/items/lccc-9840.html","https://opensea.io/item/ethereum/0xbe85fbd182af91290be7293438ae67549638189f/9840","MISSING SOURCE IMAGE","No existing repo image found for token #9840"
"9841","9841","Light Cult Crypto Club #9841","RE-011651","9801-9900","","","","","","items/lccc-9841.html","https://ronenglish-archive.github.io/ron-english-light-cult-9001-10000/items/lccc-9841.html","https://opensea.io/item/ethereum/0xbe85fbd182af91290be7293438ae67549638189f/9841","MISSING SOURCE IMAGE","No existing repo image found for token #9841"
"9842","9842","Light Cult Crypto Club #9842","RE-011652","9801-9900","","","","","","items/lccc-9842.html","https://ronenglish-archive.github.io/ron-english-light-cult-9001-10000/items/lccc-9842.html","https://opensea.io/item/ethereum/0xbe85fbd182af91290be7293438ae67549638189f/9842","MISSING SOURCE IMAGE","No existing repo image found for token #9842"
"9843","9843","Light Cult Crypto Club #9843","RE-011653","9801-9900","","","","","","items/lccc-9843.html","https://ronenglish-archive.github.io/ron-english-light-cult-9001-10000/items/lccc-9843.html","https://opensea.io/item/ethereum/0xbe85fbd182af91290be7293438ae67549638189f/9843","MISSING SOURCE IMAGE","No existing repo image found for token #9843"
"9844","9844","Light Cult Crypto Club #9844","RE-011654","9801-9900","","","","","","items/lccc-9844.html","https://ronenglish-archive.github.io/ron-english-light-cult-9001-10000/items/lccc-9844.html","https://opensea.io/item/ethereum/0xbe85fbd182af91290be7293438ae67549638189f/9844","MISSING SOURCE IMAGE","No existing repo image found for token #9844"
"9845","9845","Light Cult Crypto Club #9845","RE-011655","9801-9900","","","","","","items/lccc-9845.html","https://ronenglish-archive.github.io/ron-english-light-cult-9001-10000/items/lccc-9845.html","https://opensea.io/item/ethereum/0xbe85fbd182af91290be7293438ae67549638189f/9845","MISSING SOURCE IMAGE","No existing repo image found for token #9845"
"9846","9846","Light Cult Crypto Club #9846","RE-011656","9801-9900","","","","","","items/lccc-9846.html","https://ronenglish-archive.github.io/ron-english-light-cult-9001-10000/items/lccc-9846.html","https://opensea.io/item/ethereum/0xbe85fbd182af91290be7293438ae67549638189f/9846","MISSING SOURCE IMAGE","No existing repo image found for token #9846"
"9847","9847","Light Cult Crypto Club #9847","RE-011657","9801-9900","","","","","","items/lccc-9847.html","https://ronenglish-archive.github.io/ron-english-light-cult-9001-10000/items/lccc-9847.html","https://opensea.io/item/ethereum/0xbe85fbd182af91290be7293438ae67549638189f/9847","MISSING SOURCE IMAGE","No existing repo image found for token #9847"
"9848","9848","Light Cult Crypto Club #9848","RE-011658","9801-9900","","","","","","items/lccc-9848.html","https://ronenglish-archive.github.io/ron-english-light-cult-9001-10000/items/lccc-9848.html","https://opensea.io/item/ethereum/0xbe85fbd182af91290be7293438ae67549638189f/9848","MISSING SOURCE IMAGE","No existing repo image found for token #9848"
"9849","9849","Light Cult Crypto Club #9849","RE-011659","9801-9900","","","","","","items/lccc-9849.html","https://ronenglish-archive.github.io/ron-english-light-cult-9001-10000/items/lccc-9849.html","https://opensea.io/item/ethereum/0xbe85fbd182af91290be7293438ae67549638189f/9849","MISSING SOURCE IMAGE","No existing repo image found for token #9849"
"9850","9850","Light Cult Crypto Club #9850","RE-011660","9801-9900","","","","","","items/lccc-9850.html","https://ronenglish-archive.github.io/ron-english-light-cult-9001-10000/items/lccc-9850.html","https://opensea.io/item/ethereum/0xbe85fbd182af91290be7293438ae67549638189f/9850","MISSING SOURCE IMAGE","No existing repo image found for token #9850"
"9851","9851","Light Cult Crypto Club #9851","RE-011661","9801-9900","","","","","","items/lccc-9851.html","https://ronenglish-archive.github.io/ron-english-light-cult-9001-10000/items/lccc-9851.html","https://opensea.io/item/ethereum/0xbe85fbd182af91290be7293438ae67549638189f/9851","MISSING SOURCE IMAGE","No existing repo image found for token #9851"
"9852","9852","Light Cult Crypto Club #9852","RE-011662","9801-9900","","","","","","items/lccc-9852.html","https://ronenglish-archive.github.io/ron-english-light-cult-9001-10000/items/lccc-9852.html","https://opensea.io/item/ethereum/0xbe85fbd182af91290be7293438ae67549638189f/9852","MISSING SOURCE IMAGE","No existing repo image found for token #9852"
"9853","9853","Light Cult Crypto Club #9853","RE-011663","9801-9900","","","","","","items/lccc-9853.html","https://ronenglish-archive.github.io/ron-english-light-cult-9001-10000/items/lccc-9853.html","https://opensea.io/item/ethereum/0xbe85fbd182af91290be7293438ae67549638189f/9853","MISSING SOURCE IMAGE","No existing repo image found for token #9853"
"9854","9854","Light Cult Crypto Club #9854","RE-011664","9801-9900","","","","","","items/lccc-9854.html","https://ronenglish-archive.github.io/ron-english-light-cult-9001-10000/items/lccc-9854.html","https://opensea.io/item/ethereum/0xbe85fbd182af91290be7293438ae67549638189f/9854","MISSING SOURCE IMAGE","No existing repo image found for token #9854"
"9855","9855","Light Cult Crypto Club #9855","RE-011665","9801-9900","","","","","","items/lccc-9855.html","https://ronenglish-archive.github.io/ron-english-light-cult-9001-10000/items/lccc-9855.html","https://opensea.io/item/ethereum/0xbe85fbd182af91290be7293438ae67549638189f/9855","MISSING SOURCE IMAGE","No existing repo image found for token #9855"
"9856","9856","Light Cult Crypto Club #9856","RE-011666","9801-9900","","","","","","items/lccc-9856.html","https://ronenglish-archive.github.io/ron-english-light-cult-9001-10000/items/lccc-9856.html","https://opensea.io/item/ethereum/0xbe85fbd182af91290be7293438ae67549638189f/9856","MISSING SOURCE IMAGE","No existing repo image found for token #9856"
"9857","9857","Light Cult Crypto Club #9857","RE-011667","9801-9900","","","","","","items/lccc-9857.html","https://ronenglish-archive.github.io/ron-english-light-cult-9001-10000/items/lccc-9857.html","https://opensea.io/item/ethereum/0xbe85fbd182af91290be7293438ae67549638189f/9857","MISSING SOURCE IMAGE","No existing repo image found for token #9857"
"9858","9858","Light Cult Crypto Club #9858","RE-011668","9801-9900","","","","","","items/lccc-9858.html","https://ronenglish-archive.github.io/ron-english-light-cult-9001-10000/items/lccc-9858.html","https://opensea.io/item/ethereum/0xbe85fbd182af91290be7293438ae67549638189f/9858","MISSING SOURCE IMAGE","No existing repo image found for token #9858"
"9859","9859","Light Cult Crypto Club #9859","RE-011669","9801-9900","","","","","","items/lccc-9859.html","https://ronenglish-archive.github.io/ron-english-light-cult-9001-10000/items/lccc-9859.html","https://opensea.io/item/ethereum/0xbe85fbd182af91290be7293438ae67549638189f/9859","MISSING SOURCE IMAGE","No existing repo image found for token #9859"
"9860","9860","Light Cult Crypto Club #9860","RE-011670","9801-9900","","","","","","items/lccc-9860.html","https://ronenglish-archive.github.io/ron-english-light-cult-9001-10000/items/lccc-9860.html","https://opensea.io/item/ethereum/0xbe85fbd182af91290be7293438ae67549638189f/9860","MISSING SOURCE IMAGE","No existing repo image found for token #9860"
"9861","9861","Light Cult Crypto Club #9861","RE-011671","9801-9900","","","","","","items/lccc-9861.html","https://ronenglish-archive.github.io/ron-english-light-cult-9001-10000/items/lccc-9861.html","https://opensea.io/item/ethereum/0xbe85fbd182af91290be7293438ae67549638189f/9861","MISSING SOURCE IMAGE","No existing repo image found for token #9861"
"9862","9862","Light Cult Crypto Club #9862","RE-011672","9801-9900","","","","","","items/lccc-9862.html","https://ronenglish-archive.github.io/ron-english-light-cult-9001-10000/items/lccc-9862.html","https://opensea.io/item/ethereum/0xbe85fbd182af91290be7293438ae67549638189f/9862","MISSING SOURCE IMAGE","No existing repo image found for token #9862"
"9863","9863","Light Cult Crypto Club #9863","RE-011673","9801-9900","","","","","","items/lccc-9863.html","https://ronenglish-archive.github.io/ron-english-light-cult-9001-10000/items/lccc-9863.html","https://opensea.io/item/ethereum/0xbe85fbd182af91290be7293438ae67549638189f/9863","MISSING SOURCE IMAGE","No existing repo image found for token #9863"
"9864","9864","Light Cult Crypto Club #9864","RE-011674","9801-9900","","","","","","items/lccc-9864.html","https://ronenglish-archive.github.io/ron-english-light-cult-9001-10000/items/lccc-9864.html","https://opensea.io/item/ethereum/0xbe85fbd182af91290be7293438ae67549638189f/9864","MISSING SOURCE IMAGE","No existing repo image found for token #9864"
"9865","9865","Light Cult Crypto Club #9865","RE-011675","9801-9900","","","","","","items/lccc-9865.html","https://ronenglish-archive.github.io/ron-english-light-cult-9001-10000/items/lccc-9865.html","https://opensea.io/item/ethereum/0xbe85fbd182af91290be7293438ae67549638189f/9865","MISSING SOURCE IMAGE","No existing repo image found for token #9865"
"9866","9866","Light Cult Crypto Club #9866","RE-011676","9801-9900","","","","","","items/lccc-9866.html","https://ronenglish-archive.github.io/ron-english-light-cult-9001-10000/items/lccc-9866.html","https://opensea.io/item/ethereum/0xbe85fbd182af91290be7293438ae67549638189f/9866","MISSING SOURCE IMAGE","No existing repo image found for token #9866"
"9867","9867","Light Cult Crypto Club #9867","RE-011677","9801-9900","","","","","","items/lccc-9867.html","https://ronenglish-archive.github.io/ron-english-light-cult-9001-10000/items/lccc-9867.html","https://opensea.io/item/ethereum/0xbe85fbd182af91290be7293438ae67549638189f/9867","MISSING SOURCE IMAGE","No existing repo image found for token #9867"
"9868","9868","Light Cult Crypto Club #9868","RE-011678","9801-9900","","","","","","items/lccc-9868.html","https://ronenglish-archive.github.io/ron-english-light-cult-9001-10000/items/lccc-9868.html","https://opensea.io/item/ethereum/0xbe85fbd182af91290be7293438ae67549638189f/9868","MISSING SOURCE IMAGE","No existing repo image found for token #9868"
"9869","9869","Light Cult Crypto Club #9869","RE-011679","9801-9900","","","","","","items/lccc-9869.html","https://ronenglish-archive.github.io/ron-english-light-cult-9001-10000/items/lccc-9869.html","https://opensea.io/item/ethereum/0xbe85fbd182af91290be7293438ae67549638189f/9869","MISSING SOURCE IMAGE","No existing repo image found for token #9869"
"9870","9870","Light Cult Crypto Club #9870","RE-011680","9801-9900","","","","","","items/lccc-9870.html","https://ronenglish-archive.github.io/ron-english-light-cult-9001-10000/items/lccc-9870.html","https://opensea.io/item/ethereum/0xbe85fbd182af91290be7293438ae67549638189f/9870","MISSING SOURCE IMAGE","No existing repo image found for token #9870"
"9871","9871","Light Cult Crypto Club #9871","RE-011681","9801-9900","","","","","","items/lccc-9871.html","https://ronenglish-archive.github.io/ron-english-light-cult-9001-10000/items/lccc-9871.html","https://opensea.io/item/ethereum/0xbe85fbd182af91290be7293438ae67549638189f/9871","MISSING SOURCE IMAGE","No existing repo image found for token #9871"
"9872","9872","Light Cult Crypto Club #9872","RE-011682","9801-9900","","","","","","items/lccc-9872.html","https://ronenglish-archive.github.io/ron-english-light-cult-9001-10000/items/lccc-9872.html","https://opensea.io/item/ethereum/0xbe85fbd182af91290be7293438ae67549638189f/9872","MISSING SOURCE IMAGE","No existing repo image found for token #9872"
"9873","9873","Light Cult Crypto Club #9873","RE-011683","9801-9900","","","","","","items/lccc-9873.html","https://ronenglish-archive.github.io/ron-english-light-cult-9001-10000/items/lccc-9873.html","https://opensea.io/item/ethereum/0xbe85fbd182af91290be7293438ae67549638189f/9873","MISSING SOURCE IMAGE","No existing repo image found for token #9873"
"9874","9874","Light Cult Crypto Club #9874","RE-011684","9801-9900","","","","","","items/lccc-9874.html","https://ronenglish-archive.github.io/ron-english-light-cult-9001-10000/items/lccc-9874.html","https://opensea.io/item/ethereum/0xbe85fbd182af91290be7293438ae67549638189f/9874","MISSING SOURCE IMAGE","No existing repo image found for token #9874"
"9875","9875","Light Cult Crypto Club #9875","RE-011685","9801-9900","","","","","","items/lccc-9875.html","https://ronenglish-archive.github.io/ron-english-light-cult-9001-10000/items/lccc-9875.html","https://opensea.io/item/ethereum/0xbe85fbd182af91290be7293438ae67549638189f/9875","MISSING SOURCE IMAGE","No existing repo image found for token #9875"
"9876","9876","Light Cult Crypto Club #9876","RE-011686","9801-9900","","","","","","items/lccc-9876.html","https://ronenglish-archive.github.io/ron-english-light-cult-9001-10000/items/lccc-9876.html","https://opensea.io/item/ethereum/0xbe85fbd182af91290be7293438ae67549638189f/9876","MISSING SOURCE IMAGE","No existing repo image found for token #9876"
"9877","9877","Light Cult Crypto Club #9877","RE-011687","9801-9900","","","","","","items/lccc-9877.html","https://ronenglish-archive.github.io/ron-english-light-cult-9001-10000/items/lccc-9877.html","https://opensea.io/item/ethereum/0xbe85fbd182af91290be7293438ae67549638189f/9877","MISSING SOURCE IMAGE","No existing repo image found for token #9877"
"9878","9878","Light Cult Crypto Club #9878","RE-011688","9801-9900","","","","","","items/lccc-9878.html","https://ronenglish-archive.github.io/ron-english-light-cult-9001-10000/items/lccc-9878.html","https://opensea.io/item/ethereum/0xbe85fbd182af91290be7293438ae67549638189f/9878","MISSING SOURCE IMAGE","No existing repo image found for token #9878"
"9879","9879","Light Cult Crypto Club #9879","RE-011689","9801-9900","","","","","","items/lccc-9879.html","https://ronenglish-archive.github.io/ron-english-light-cult-9001-10000/items/lccc-9879.html","https://opensea.io/item/ethereum/0xbe85fbd182af91290be7293438ae67549638189f/9879","MISSING SOURCE IMAGE","No existing repo image found for token #9879"
"9880","9880","Light Cult Crypto Club #9880","RE-011690","9801-9900","","","","","","items/lccc-9880.html","https://ronenglish-archive.github.io/ron-english-light-cult-9001-10000/items/lccc-9880.html","https://opensea.io/item/ethereum/0xbe85fbd182af91290be7293438ae67549638189f/9880","MISSING SOURCE IMAGE","No existing repo image found for token #9880"
"9881","9881","Light Cult Crypto Club #9881","RE-011691","9801-9900","","","","","","items/lccc-9881.html","https://ronenglish-archive.github.io/ron-english-light-cult-9001-10000/items/lccc-9881.html","https://opensea.io/item/ethereum/0xbe85fbd182af91290be7293438ae67549638189f/9881","MISSING SOURCE IMAGE","No existing repo image found for token #9881"
"9882","9882","Light Cult Crypto Club #9882","RE-011692","9801-9900","","","","","","items/lccc-9882.html","https://ronenglish-archive.github.io/ron-english-light-cult-9001-10000/items/lccc-9882.html","https://opensea.io/item/ethereum/0xbe85fbd182af91290be7293438ae67549638189f/9882","MISSING SOURCE IMAGE","No existing repo image found for token #9882"
"9883","9883","Light Cult Crypto Club #9883","RE-011693","9801-9900","","","","","","items/lccc-9883.html","https://ronenglish-archive.github.io/ron-english-light-cult-9001-10000/items/lccc-9883.html","https://opensea.io/item/ethereum/0xbe85fbd182af91290be7293438ae67549638189f/9883","MISSING SOURCE IMAGE","No existing repo image found for token #9883"
"9884","9884","Light Cult Crypto Club #9884","RE-011694","9801-9900","","","","","","items/lccc-9884.html","https://ronenglish-archive.github.io/ron-english-light-cult-9001-10000/items/lccc-9884.html","https://opensea.io/item/ethereum/0xbe85fbd182af91290be7293438ae67549638189f/9884","MISSING SOURCE IMAGE","No existing repo image found for token #9884"
"9885","9885","Light Cult Crypto Club #9885","RE-011695","9801-9900","","","","","","items/lccc-9885.html","https://ronenglish-archive.github.io/ron-english-light-cult-9001-10000/items/lccc-9885.html","https://opensea.io/item/ethereum/0xbe85fbd182af91290be7293438ae67549638189f/9885","MISSING SOURCE IMAGE","No existing repo image found for token #9885"
"9886","9886","Light Cult Crypto Club #9886","RE-011696","9801-9900","","","","","","items/lccc-9886.html","https://ronenglish-archive.github.io/ron-english-light-cult-9001-10000/items/lccc-9886.html","https://opensea.io/item/ethereum/0xbe85fbd182af91290be7293438ae67549638189f/9886","MISSING SOURCE IMAGE","No existing repo image found for token #9886"
"9887","9887","Light Cult Crypto Club #9887","RE-011697","9801-9900","","","","","","items/lccc-9887.html","https://ronenglish-archive.github.io/ron-english-light-cult-9001-10000/items/lccc-9887.html","https://opensea.io/item/ethereum/0xbe85fbd182af91290be7293438ae67549638189f/9887","MISSING SOURCE IMAGE","No existing repo image found for token #9887"
"9888","9888","Light Cult Crypto Club #9888","RE-011698","9801-9900","","","","","","items/lccc-9888.html","https://ronenglish-archive.github.io/ron-english-light-cult-9001-10000/items/lccc-9888.html","https://opensea.io/item/ethereum/0xbe85fbd182af91290be7293438ae67549638189f/9888","MISSING SOURCE IMAGE","No existing repo image found for token #9888"
"9889","9889","Light Cult Crypto Club #9889","RE-011699","9801-9900","","","","","","items/lccc-9889.html","https://ronenglish-archive.github.io/ron-english-light-cult-9001-10000/items/lccc-9889.html","https://opensea.io/item/ethereum/0xbe85fbd182af91290be7293438ae67549638189f/9889","MISSING SOURCE IMAGE","No existing repo image found for token #9889"
"9890","9890","Light Cult Crypto Club #9890","RE-011700","9801-9900","","","","","","items/lccc-9890.html","https://ronenglish-archive.github.io/ron-english-light-cult-9001-10000/items/lccc-9890.html","https://opensea.io/item/ethereum/0xbe85fbd182af91290be7293438ae67549638189f/9890","MISSING SOURCE IMAGE","No existing repo image found for token #9890"
"9891","9891","Light Cult Crypto Club #9891","RE-011701","9801-9900","","","","","","items/lccc-9891.html","https://ronenglish-archive.github.io/ron-english-light-cult-9001-10000/items/lccc-9891.html","https://opensea.io/item/ethereum/0xbe85fbd182af91290be7293438ae67549638189f/9891","MISSING SOURCE IMAGE","No existing repo image found for token #9891"
"9892","9892","Light Cult Crypto Club #9892","RE-011702","9801-9900","","","","","","items/lccc-9892.html","https://ronenglish-archive.github.io/ron-english-light-cult-9001-10000/items/lccc-9892.html","https://opensea.io/item/ethereum/0xbe85fbd182af91290be7293438ae67549638189f/9892","MISSING SOURCE IMAGE","No existing repo image found for token #9892"
"9893","9893","Light Cult Crypto Club #9893","RE-011703","9801-9900","","","","","","items/lccc-9893.html","https://ronenglish-archive.github.io/ron-english-light-cult-9001-10000/items/lccc-9893.html","https://opensea.io/item/ethereum/0xbe85fbd182af91290be7293438ae67549638189f/9893","MISSING SOURCE IMAGE","No existing repo image found for token #9893"
"9894","9894","Light Cult Crypto Club #9894","RE-011704","9801-9900","","","","","","items/lccc-9894.html","https://ronenglish-archive.github.io/ron-english-light-cult-9001-10000/items/lccc-9894.html","https://opensea.io/item/ethereum/0xbe85fbd182af91290be7293438ae67549638189f/9894","MISSING SOURCE IMAGE","No existing repo image found for token #9894"
"9895","9895","Light Cult Crypto Club #9895","RE-011705","9801-9900","","","","","","items/lccc-9895.html","https://ronenglish-archive.github.io/ron-english-light-cult-9001-10000/items/lccc-9895.html","https://opensea.io/item/ethereum/0xbe85fbd182af91290be7293438ae67549638189f/9895","MISSING SOURCE IMAGE","No existing repo image found for token #9895"
"9896","9896","Light Cult Crypto Club #9896","RE-011706","9801-9900","","","","","","items/lccc-9896.html","https://ronenglish-archive.github.io/ron-english-light-cult-9001-10000/items/lccc-9896.html","https://opensea.io/item/ethereum/0xbe85fbd182af91290be7293438ae67549638189f/9896","MISSING SOURCE IMAGE","No existing repo image found for token #9896"
"9897","9897","Light Cult Crypto Club #9897","RE-011707","9801-9900","","","","","","items/lccc-9897.html","https://ronenglish-archive.github.io/ron-english-light-cult-9001-10000/items/lccc-9897.html","https://opensea.io/item/ethereum/0xbe85fbd182af91290be7293438ae67549638189f/9897","MISSING SOURCE IMAGE","No existing repo image found for token #9897"
"9898","9898","Light Cult Crypto Club #9898","RE-011708","9801-9900","","","","","","items/lccc-9898.html","https://ronenglish-archive.github.io/ron-english-light-cult-9001-10000/items/lccc-9898.html","https://opensea.io/item/ethereum/0xbe85fbd182af91290be7293438ae67549638189f/9898","MISSING SOURCE IMAGE","No existing repo image found for token #9898"
"9899","9899","Light Cult Crypto Club #9899","RE-011709","9801-9900","","","","","","items/lccc-9899.html","https://ronenglish-archive.github.io/ron-english-light-cult-9001-10000/items/lccc-9899.html","https://opensea.io/item/ethereum/0xbe85fbd182af91290be7293438ae67549638189f/9899","MISSING SOURCE IMAGE","No existing repo image found for token #9899"
"9900","9900","Light Cult Crypto Club #9900","RE-011710","9801-9900","","","","","","items/lccc-9900.html","https://ronenglish-archive.github.io/ron-english-light-cult-9001-10000/items/lccc-9900.html","https://opensea.io/item/ethereum/0xbe85fbd182af91290be7293438ae67549638189f/9900","MISSING SOURCE IMAGE","No existing repo image found for token #9900"
"9901","9901","Light Cult Crypto Club #9901","RE-011711","9901-10000","","","","","","items/lccc-9901.html","https://ronenglish-archive.github.io/ron-english-light-cult-9001-10000/items/lccc-9901.html","https://opensea.io/item/ethereum/0xbe85fbd182af91290be7293438ae67549638189f/9901","MISSING SOURCE IMAGE","No existing repo image found for token #9901"
"9902","9902","Light Cult Crypto Club #9902","RE-011712","9901-10000","","","","","","items/lccc-9902.html","https://ronenglish-archive.github.io/ron-english-light-cult-9001-10000/items/lccc-9902.html","https://opensea.io/item/ethereum/0xbe85fbd182af91290be7293438ae67549638189f/9902","MISSING SOURCE IMAGE","No existing repo image found for token #9902"
"9903","9903","Light Cult Crypto Club #9903","RE-011713","9901-10000","","","","","","items/lccc-9903.html","https://ronenglish-archive.github.io/ron-english-light-cult-9001-10000/items/lccc-9903.html","https://opensea.io/item/ethereum/0xbe85fbd182af91290be7293438ae67549638189f/9903","MISSING SOURCE IMAGE","No existing repo image found for token #9903"
"9904","9904","Light Cult Crypto Club #9904","RE-011714","9901-10000","","","","","","items/lccc-9904.html","https://ronenglish-archive.github.io/ron-english-light-cult-9001-10000/items/lccc-9904.html","https://opensea.io/item/ethereum/0xbe85fbd182af91290be7293438ae67549638189f/9904","MISSING SOURCE IMAGE","No existing repo image found for token #9904"
"9905","9905","Light Cult Crypto Club #9905","RE-011715","9901-10000","","","","","","items/lccc-9905.html","https://ronenglish-archive.github.io/ron-english-light-cult-9001-10000/items/lccc-9905.html","https://opensea.io/item/ethereum/0xbe85fbd182af91290be7293438ae67549638189f/9905","MISSING SOURCE IMAGE","No existing repo image found for token #9905"
"9906","9906","Light Cult Crypto Club #9906","RE-011716","9901-10000","","","","","","items/lccc-9906.html","https://ronenglish-archive.github.io/ron-english-light-cult-9001-10000/items/lccc-9906.html","https://opensea.io/item/ethereum/0xbe85fbd182af91290be7293438ae67549638189f/9906","MISSING SOURCE IMAGE","No existing repo image found for token #9906"
"9907","9907","Light Cult Crypto Club #9907","RE-011717","9901-10000","","","","","","items/lccc-9907.html","https://ronenglish-archive.github.io/ron-english-light-cult-9001-10000/items/lccc-9907.html","https://opensea.io/item/ethereum/0xbe85fbd182af91290be7293438ae67549638189f/9907","MISSING SOURCE IMAGE","No existing repo image found for token #9907"
"9908","9908","Light Cult Crypto Club #9908","RE-011718","9901-10000","","","","","","items/lccc-9908.html","https://ronenglish-archive.github.io/ron-english-light-cult-9001-10000/items/lccc-9908.html","https://opensea.io/item/ethereum/0xbe85fbd182af91290be7293438ae67549638189f/9908","MISSING SOURCE IMAGE","No existing repo image found for token #9908"
"9909","9909","Light Cult Crypto Club #9909","RE-011719","9901-10000","","","","","","items/lccc-9909.html","https://ronenglish-archive.github.io/ron-english-light-cult-9001-10000/items/lccc-9909.html","https://opensea.io/item/ethereum/0xbe85fbd182af91290be7293438ae67549638189f/9909","MISSING SOURCE IMAGE","No existing repo image found for token #9909"
"9910","9910","Light Cult Crypto Club #9910","RE-011720","9901-10000","","","","","","items/lccc-9910.html","https://ronenglish-archive.github.io/ron-english-light-cult-9001-10000/items/lccc-9910.html","https://opensea.io/item/ethereum/0xbe85fbd182af91290be7293438ae67549638189f/9910","MISSING SOURCE IMAGE","No existing repo image found for token #9910"
"9911","9911","Light Cult Crypto Club #9911","RE-011721","9901-10000","","","","","","items/lccc-9911.html","https://ronenglish-archive.github.io/ron-english-light-cult-9001-10000/items/lccc-9911.html","https://opensea.io/item/ethereum/0xbe85fbd182af91290be7293438ae67549638189f/9911","MISSING SOURCE IMAGE","No existing repo image found for token #9911"
"9912","9912","Light Cult Crypto Club #9912","RE-011722","9901-10000","","","","","","items/lccc-9912.html","https://ronenglish-archive.github.io/ron-english-light-cult-9001-10000/items/lccc-9912.html","https://opensea.io/item/ethereum/0xbe85fbd182af91290be7293438ae67549638189f/9912","MISSING SOURCE IMAGE","No existing repo image found for token #9912"
"9913","9913","Light Cult Crypto Club #9913","RE-011723","9901-10000","","","","","","items/lccc-9913.html","https://ronenglish-archive.github.io/ron-english-light-cult-9001-10000/items/lccc-9913.html","https://opensea.io/item/ethereum/0xbe85fbd182af91290be7293438ae67549638189f/9913","MISSING SOURCE IMAGE","No existing repo image found for token #9913"
"9914","9914","Light Cult Crypto Club #9914","RE-011724","9901-10000","","","","","","items/lccc-9914.html","https://ronenglish-archive.github.io/ron-english-light-cult-9001-10000/items/lccc-9914.html","https://opensea.io/item/ethereum/0xbe85fbd182af91290be7293438ae67549638189f/9914","MISSING SOURCE IMAGE","No existing repo image found for token #9914"
"9915","9915","Light Cult Crypto Club #9915","RE-011725","9901-10000","","","","","","items/lccc-9915.html","https://ronenglish-archive.github.io/ron-english-light-cult-9001-10000/items/lccc-9915.html","https://opensea.io/item/ethereum/0xbe85fbd182af91290be7293438ae67549638189f/9915","MISSING SOURCE IMAGE","No existing repo image found for token #9915"
"9916","9916","Light Cult Crypto Club #9916","RE-011726","9901-10000","","","","","","items/lccc-9916.html","https://ronenglish-archive.github.io/ron-english-light-cult-9001-10000/items/lccc-9916.html","https://opensea.io/item/ethereum/0xbe85fbd182af91290be7293438ae67549638189f/9916","MISSING SOURCE IMAGE","No existing repo image found for token #9916"
"9917","9917","Light Cult Crypto Club #9917","RE-011727","9901-10000","","","","","","items/lccc-9917.html","https://ronenglish-archive.github.io/ron-english-light-cult-9001-10000/items/lccc-9917.html","https://opensea.io/item/ethereum/0xbe85fbd182af91290be7293438ae67549638189f/9917","MISSING SOURCE IMAGE","No existing repo image found for token #9917"
"9918","9918","Light Cult Crypto Club #9918","RE-011728","9901-10000","","","","","","items/lccc-9918.html","https://ronenglish-archive.github.io/ron-english-light-cult-9001-10000/items/lccc-9918.html","https://opensea.io/item/ethereum/0xbe85fbd182af91290be7293438ae67549638189f/9918","MISSING SOURCE IMAGE","No existing repo image found for token #9918"
"9919","9919","Light Cult Crypto Club #9919","RE-011729","9901-10000","","","","","","items/lccc-9919.html","https://ronenglish-archive.github.io/ron-english-light-cult-9001-10000/items/lccc-9919.html","https://opensea.io/item/ethereum/0xbe85fbd182af91290be7293438ae67549638189f/9919","MISSING SOURCE IMAGE","No existing repo image found for token #9919"
"9920","9920","Light Cult Crypto Club #9920","RE-011730","9901-10000","","","","","","items/lccc-9920.html","https://ronenglish-archive.github.io/ron-english-light-cult-9001-10000/items/lccc-9920.html","https://opensea.io/item/ethereum/0xbe85fbd182af91290be7293438ae67549638189f/9920","MISSING SOURCE IMAGE","No existing repo image found for token #9920"
"9921","9921","Light Cult Crypto Club #9921","RE-011731","9901-10000","","","","","","items/lccc-9921.html","https://ronenglish-archive.github.io/ron-english-light-cult-9001-10000/items/lccc-9921.html","https://opensea.io/item/ethereum/0xbe85fbd182af91290be7293438ae67549638189f/9921","MISSING SOURCE IMAGE","No existing repo image found for token #9921"
"9922","9922","Light Cult Crypto Club #9922","RE-011732","9901-10000","","","","","","items/lccc-9922.html","https://ronenglish-archive.github.io/ron-english-light-cult-9001-10000/items/lccc-9922.html","https://opensea.io/item/ethereum/0xbe85fbd182af91290be7293438ae67549638189f/9922","MISSING SOURCE IMAGE","No existing repo image found for token #9922"
"9923","9923","Light Cult Crypto Club #9923","RE-011733","9901-10000","","","","","","items/lccc-9923.html","https://ronenglish-archive.github.io/ron-english-light-cult-9001-10000/items/lccc-9923.html","https://opensea.io/item/ethereum/0xbe85fbd182af91290be7293438ae67549638189f/9923","MISSING SOURCE IMAGE","No existing repo image found for token #9923"
"9924","9924","Light Cult Crypto Club #9924","RE-011734","9901-10000","","","","","","items/lccc-9924.html","https://ronenglish-archive.github.io/ron-english-light-cult-9001-10000/items/lccc-9924.html","https://opensea.io/item/ethereum/0xbe85fbd182af91290be7293438ae67549638189f/9924","MISSING SOURCE IMAGE","No existing repo image found for token #9924"
"9925","9925","Light Cult Crypto Club #9925","RE-011735","9901-10000","","","","","","items/lccc-9925.html","https://ronenglish-archive.github.io/ron-english-light-cult-9001-10000/items/lccc-9925.html","https://opensea.io/item/ethereum/0xbe85fbd182af91290be7293438ae67549638189f/9925","MISSING SOURCE IMAGE","No existing repo image found for token #9925"
"9926","9926","Light Cult Crypto Club #9926","RE-011736","9901-10000","","","","","","items/lccc-9926.html","https://ronenglish-archive.github.io/ron-english-light-cult-9001-10000/items/lccc-9926.html","https://opensea.io/item/ethereum/0xbe85fbd182af91290be7293438ae67549638189f/9926","MISSING SOURCE IMAGE","No existing repo image found for token #9926"
"9927","9927","Light Cult Crypto Club #9927","RE-011737","9901-10000","","","","","","items/lccc-9927.html","https://ronenglish-archive.github.io/ron-english-light-cult-9001-10000/items/lccc-9927.html","https://opensea.io/item/ethereum/0xbe85fbd182af91290be7293438ae67549638189f/9927","MISSING SOURCE IMAGE","No existing repo image found for token #9927"
"9928","9928","Light Cult Crypto Club #9928","RE-011738","9901-10000","","","","","","items/lccc-9928.html","https://ronenglish-archive.github.io/ron-english-light-cult-9001-10000/items/lccc-9928.html","https://opensea.io/item/ethereum/0xbe85fbd182af91290be7293438ae67549638189f/9928","MISSING SOURCE IMAGE","No existing repo image found for token #9928"
"9929","9929","Light Cult Crypto Club #9929","RE-011739","9901-10000","","","","","","items/lccc-9929.html","https://ronenglish-archive.github.io/ron-english-light-cult-9001-10000/items/lccc-9929.html","https://opensea.io/item/ethereum/0xbe85fbd182af91290be7293438ae67549638189f/9929","MISSING SOURCE IMAGE","No existing repo image found for token #9929"
"9930","9930","Light Cult Crypto Club #9930","RE-011740","9901-10000","","","","","","items/lccc-9930.html","https://ronenglish-archive.github.io/ron-english-light-cult-9001-10000/items/lccc-9930.html","https://opensea.io/item/ethereum/0xbe85fbd182af91290be7293438ae67549638189f/9930","MISSING SOURCE IMAGE","No existing repo image found for token #9930"
"9931","9931","Light Cult Crypto Club #9931","RE-011741","9901-10000","","","","","","items/lccc-9931.html","https://ronenglish-archive.github.io/ron-english-light-cult-9001-10000/items/lccc-9931.html","https://opensea.io/item/ethereum/0xbe85fbd182af91290be7293438ae67549638189f/9931","MISSING SOURCE IMAGE","No existing repo image found for token #9931"
"9932","9932","Light Cult Crypto Club #9932","RE-011742","9901-10000","","","","","","items/lccc-9932.html","https://ronenglish-archive.github.io/ron-english-light-cult-9001-10000/items/lccc-9932.html","https://opensea.io/item/ethereum/0xbe85fbd182af91290be7293438ae67549638189f/9932","MISSING SOURCE IMAGE","No existing repo image found for token #9932"
"9933","9933","Light Cult Crypto Club #9933","RE-011743","9901-10000","","","","","","items/lccc-9933.html","https://ronenglish-archive.github.io/ron-english-light-cult-9001-10000/items/lccc-9933.html","https://opensea.io/item/ethereum/0xbe85fbd182af91290be7293438ae67549638189f/9933","MISSING SOURCE IMAGE","No existing repo image found for token #9933"
"9934","9934","Light Cult Crypto Club #9934","RE-011744","9901-10000","","","","","","items/lccc-9934.html","https://ronenglish-archive.github.io/ron-english-light-cult-9001-10000/items/lccc-9934.html","https://opensea.io/item/ethereum/0xbe85fbd182af91290be7293438ae67549638189f/9934","MISSING SOURCE IMAGE","No existing repo image found for token #9934"
"9935","9935","Light Cult Crypto Club #9935","RE-011745","9901-10000","","","","","","items/lccc-9935.html","https://ronenglish-archive.github.io/ron-english-light-cult-9001-10000/items/lccc-9935.html","https://opensea.io/item/ethereum/0xbe85fbd182af91290be7293438ae67549638189f/9935","MISSING SOURCE IMAGE","No existing repo image found for token #9935"
"9936","9936","Light Cult Crypto Club #9936","RE-011746","9901-10000","","","","","","items/lccc-9936.html","https://ronenglish-archive.github.io/ron-english-light-cult-9001-10000/items/lccc-9936.html","https://opensea.io/item/ethereum/0xbe85fbd182af91290be7293438ae67549638189f/9936","MISSING SOURCE IMAGE","No existing repo image found for token #9936"
"9937","9937","Light Cult Crypto Club #9937","RE-011747","9901-10000","","","","","","items/lccc-9937.html","https://ronenglish-archive.github.io/ron-english-light-cult-9001-10000/items/lccc-9937.html","https://opensea.io/item/ethereum/0xbe85fbd182af91290be7293438ae67549638189f/9937","MISSING SOURCE IMAGE","No existing repo image found for token #9937"
"9938","9938","Light Cult Crypto Club #9938","RE-011748","9901-10000","","","","","","items/lccc-9938.html","https://ronenglish-archive.github.io/ron-english-light-cult-9001-10000/items/lccc-9938.html","https://opensea.io/item/ethereum/0xbe85fbd182af91290be7293438ae67549638189f/9938","MISSING SOURCE IMAGE","No existing repo image found for token #9938"
"9939","9939","Light Cult Crypto Club #9939","RE-011749","9901-10000","","","","","","items/lccc-9939.html","https://ronenglish-archive.github.io/ron-english-light-cult-9001-10000/items/lccc-9939.html","https://opensea.io/item/ethereum/0xbe85fbd182af91290be7293438ae67549638189f/9939","MISSING SOURCE IMAGE","No existing repo image found for token #9939"
"9940","9940","Light Cult Crypto Club #9940","RE-011750","9901-10000","","","","","","items/lccc-9940.html","https://ronenglish-archive.github.io/ron-english-light-cult-9001-10000/items/lccc-9940.html","https://opensea.io/item/ethereum/0xbe85fbd182af91290be7293438ae67549638189f/9940","MISSING SOURCE IMAGE","No existing repo image found for token #9940"
"9941","9941","Light Cult Crypto Club #9941","RE-011751","9901-10000","","","","","","items/lccc-9941.html","https://ronenglish-archive.github.io/ron-english-light-cult-9001-10000/items/lccc-9941.html","https://opensea.io/item/ethereum/0xbe85fbd182af91290be7293438ae67549638189f/9941","MISSING SOURCE IMAGE","No existing repo image found for token #9941"
"9942","9942","Light Cult Crypto Club #9942","RE-011752","9901-10000","","","","","","items/lccc-9942.html","https://ronenglish-archive.github.io/ron-english-light-cult-9001-10000/items/lccc-9942.html","https://opensea.io/item/ethereum/0xbe85fbd182af91290be7293438ae67549638189f/9942","MISSING SOURCE IMAGE","No existing repo image found for token #9942"
"9943","9943","Light Cult Crypto Club #9943","RE-011753","9901-10000","","","","","","items/lccc-9943.html","https://ronenglish-archive.github.io/ron-english-light-cult-9001-10000/items/lccc-9943.html","https://opensea.io/item/ethereum/0xbe85fbd182af91290be7293438ae67549638189f/9943","MISSING SOURCE IMAGE","No existing repo image found for token #9943"
"9944","9944","Light Cult Crypto Club #9944","RE-011754","9901-10000","","","","","","items/lccc-9944.html","https://ronenglish-archive.github.io/ron-english-light-cult-9001-10000/items/lccc-9944.html","https://opensea.io/item/ethereum/0xbe85fbd182af91290be7293438ae67549638189f/9944","MISSING SOURCE IMAGE","No existing repo image found for token #9944"
"9945","9945","Light Cult Crypto Club #9945","RE-011755","9901-10000","","","","","","items/lccc-9945.html","https://ronenglish-archive.github.io/ron-english-light-cult-9001-10000/items/lccc-9945.html","https://opensea.io/item/ethereum/0xbe85fbd182af91290be7293438ae67549638189f/9945","MISSING SOURCE IMAGE","No existing repo image found for token #9945"
"9946","9946","Light Cult Crypto Club #9946","RE-011756","9901-10000","","","","","","items/lccc-9946.html","https://ronenglish-archive.github.io/ron-english-light-cult-9001-10000/items/lccc-9946.html","https://opensea.io/item/ethereum/0xbe85fbd182af91290be7293438ae67549638189f/9946","MISSING SOURCE IMAGE","No existing repo image found for token #9946"
"9947","9947","Light Cult Crypto Club #9947","RE-011757","9901-10000","","","","","","items/lccc-9947.html","https://ronenglish-archive.github.io/ron-english-light-cult-9001-10000/items/lccc-9947.html","https://opensea.io/item/ethereum/0xbe85fbd182af91290be7293438ae67549638189f/9947","MISSING SOURCE IMAGE","No existing repo image found for token #9947"
"9948","9948","Light Cult Crypto Club #9948","RE-011758","9901-10000","","","","","","items/lccc-9948.html","https://ronenglish-archive.github.io/ron-english-light-cult-9001-10000/items/lccc-9948.html","https://opensea.io/item/ethereum/0xbe85fbd182af91290be7293438ae67549638189f/9948","MISSING SOURCE IMAGE","No existing repo image found for token #9948"
"9949","9949","Light Cult Crypto Club #9949","RE-011759","9901-10000","","","","","","items/lccc-9949.html","https://ronenglish-archive.github.io/ron-english-light-cult-9001-10000/items/lccc-9949.html","https://opensea.io/item/ethereum/0xbe85fbd182af91290be7293438ae67549638189f/9949","MISSING SOURCE IMAGE","No existing repo image found for token #9949"
"9950","9950","Light Cult Crypto Club #9950","RE-011760","9901-10000","","","","","","items/lccc-9950.html","https://ronenglish-archive.github.io/ron-english-light-cult-9001-10000/items/lccc-9950.html","https://opensea.io/item/ethereum/0xbe85fbd182af91290be7293438ae67549638189f/9950","MISSING SOURCE IMAGE","No existing repo image found for token #9950"
"9951","9951","Light Cult Crypto Club #9951","RE-011761","9901-10000","","","","","","items/lccc-9951.html","https://ronenglish-archive.github.io/ron-english-light-cult-9001-10000/items/lccc-9951.html","https://opensea.io/item/ethereum/0xbe85fbd182af91290be7293438ae67549638189f/9951","MISSING SOURCE IMAGE","No existing repo image found for token #9951"
"9952","9952","Light Cult Crypto Club #9952","RE-011762","9901-10000","","","","","","items/lccc-9952.html","https://ronenglish-archive.github.io/ron-english-light-cult-9001-10000/items/lccc-9952.html","https://opensea.io/item/ethereum/0xbe85fbd182af91290be7293438ae67549638189f/9952","MISSING SOURCE IMAGE","No existing repo image found for token #9952"
"9953","9953","Light Cult Crypto Club #9953","RE-011763","9901-10000","","","","","","items/lccc-9953.html","https://ronenglish-archive.github.io/ron-english-light-cult-9001-10000/items/lccc-9953.html","https://opensea.io/item/ethereum/0xbe85fbd182af91290be7293438ae67549638189f/9953","MISSING SOURCE IMAGE","No existing repo image found for token #9953"
"9954","9954","Light Cult Crypto Club #9954","RE-011764","9901-10000","","","","","","items/lccc-9954.html","https://ronenglish-archive.github.io/ron-english-light-cult-9001-10000/items/lccc-9954.html","https://opensea.io/item/ethereum/0xbe85fbd182af91290be7293438ae67549638189f/9954","MISSING SOURCE IMAGE","No existing repo image found for token #9954"
"9955","9955","Light Cult Crypto Club #9955","RE-011765","9901-10000","","","","","","items/lccc-9955.html","https://ronenglish-archive.github.io/ron-english-light-cult-9001-10000/items/lccc-9955.html","https://opensea.io/item/ethereum/0xbe85fbd182af91290be7293438ae67549638189f/9955","MISSING SOURCE IMAGE","No existing repo image found for token #9955"
"9956","9956","Light Cult Crypto Club #9956","RE-011766","9901-10000","","","","","","items/lccc-9956.html","https://ronenglish-archive.github.io/ron-english-light-cult-9001-10000/items/lccc-9956.html","https://opensea.io/item/ethereum/0xbe85fbd182af91290be7293438ae67549638189f/9956","MISSING SOURCE IMAGE","No existing repo image found for token #9956"
"9957","9957","Light Cult Crypto Club #9957","RE-011767","9901-10000","","","","","","items/lccc-9957.html","https://ronenglish-archive.github.io/ron-english-light-cult-9001-10000/items/lccc-9957.html","https://opensea.io/item/ethereum/0xbe85fbd182af91290be7293438ae67549638189f/9957","MISSING SOURCE IMAGE","No existing repo image found for token #9957"
"9958","9958","Light Cult Crypto Club #9958","RE-011768","9901-10000","","","","","","items/lccc-9958.html","https://ronenglish-archive.github.io/ron-english-light-cult-9001-10000/items/lccc-9958.html","https://opensea.io/item/ethereum/0xbe85fbd182af91290be7293438ae67549638189f/9958","MISSING SOURCE IMAGE","No existing repo image found for token #9958"
"9959","9959","Light Cult Crypto Club #9959","RE-011769","9901-10000","","","","","","items/lccc-9959.html","https://ronenglish-archive.github.io/ron-english-light-cult-9001-10000/items/lccc-9959.html","https://opensea.io/item/ethereum/0xbe85fbd182af91290be7293438ae67549638189f/9959","MISSING SOURCE IMAGE","No existing repo image found for token #9959"
"9960","9960","Light Cult Crypto Club #9960","RE-011770","9901-10000","","","","","","items/lccc-9960.html","https://ronenglish-archive.github.io/ron-english-light-cult-9001-10000/items/lccc-9960.html","https://opensea.io/item/ethereum/0xbe85fbd182af91290be7293438ae67549638189f/9960","MISSING SOURCE IMAGE","No existing repo image found for token #9960"
"9961","9961","Light Cult Crypto Club #9961","RE-011771","9901-10000","","","","","","items/lccc-9961.html","https://ronenglish-archive.github.io/ron-english-light-cult-9001-10000/items/lccc-9961.html","https://opensea.io/item/ethereum/0xbe85fbd182af91290be7293438ae67549638189f/9961","MISSING SOURCE IMAGE","No existing repo image found for token #9961"
"9962","9962","Light Cult Crypto Club #9962","RE-011772","9901-10000","","","","","","items/lccc-9962.html","https://ronenglish-archive.github.io/ron-english-light-cult-9001-10000/items/lccc-9962.html","https://opensea.io/item/ethereum/0xbe85fbd182af91290be7293438ae67549638189f/9962","MISSING SOURCE IMAGE","No existing repo image found for token #9962"
"9963","9963","Light Cult Crypto Club #9963","RE-011773","9901-10000","","","","","","items/lccc-9963.html","https://ronenglish-archive.github.io/ron-english-light-cult-9001-10000/items/lccc-9963.html","https://opensea.io/item/ethereum/0xbe85fbd182af91290be7293438ae67549638189f/9963","MISSING SOURCE IMAGE","No existing repo image found for token #9963"
"9964","9964","Light Cult Crypto Club #9964","RE-011774","9901-10000","","","","","","items/lccc-9964.html","https://ronenglish-archive.github.io/ron-english-light-cult-9001-10000/items/lccc-9964.html","https://opensea.io/item/ethereum/0xbe85fbd182af91290be7293438ae67549638189f/9964","MISSING SOURCE IMAGE","No existing repo image found for token #9964"
"9965","9965","Light Cult Crypto Club #9965","RE-011775","9901-10000","","","","","","items/lccc-9965.html","https://ronenglish-archive.github.io/ron-english-light-cult-9001-10000/items/lccc-9965.html","https://opensea.io/item/ethereum/0xbe85fbd182af91290be7293438ae67549638189f/9965","MISSING SOURCE IMAGE","No existing repo image found for token #9965"
"9966","9966","Light Cult Crypto Club #9966","RE-011776","9901-10000","","","","","","items/lccc-9966.html","https://ronenglish-archive.github.io/ron-english-light-cult-9001-10000/items/lccc-9966.html","https://opensea.io/item/ethereum/0xbe85fbd182af91290be7293438ae67549638189f/9966","MISSING SOURCE IMAGE","No existing repo image found for token #9966"
"9967","9967","Light Cult Crypto Club #9967","RE-011777","9901-10000","","","","","","items/lccc-9967.html","https://ronenglish-archive.github.io/ron-english-light-cult-9001-10000/items/lccc-9967.html","https://opensea.io/item/ethereum/0xbe85fbd182af91290be7293438ae67549638189f/9967","MISSING SOURCE IMAGE","No existing repo image found for token #9967"
"9968","9968","Light Cult Crypto Club #9968","RE-011778","9901-10000","","","","","","items/lccc-9968.html","https://ronenglish-archive.github.io/ron-english-light-cult-9001-10000/items/lccc-9968.html","https://opensea.io/item/ethereum/0xbe85fbd182af91290be7293438ae67549638189f/9968","MISSING SOURCE IMAGE","No existing repo image found for token #9968"
"9969","9969","Light Cult Crypto Club #9969","RE-011779","9901-10000","","","","","","items/lccc-9969.html","https://ronenglish-archive.github.io/ron-english-light-cult-9001-10000/items/lccc-9969.html","https://opensea.io/item/ethereum/0xbe85fbd182af91290be7293438ae67549638189f/9969","MISSING SOURCE IMAGE","No existing repo image found for token #9969"
"9970","9970","Light Cult Crypto Club #9970","RE-011780","9901-10000","","","","","","items/lccc-9970.html","https://ronenglish-archive.github.io/ron-english-light-cult-9001-10000/items/lccc-9970.html","https://opensea.io/item/ethereum/0xbe85fbd182af91290be7293438ae67549638189f/9970","MISSING SOURCE IMAGE","No existing repo image found for token #9970"
"9971","9971","Light Cult Crypto Club #9971","RE-011781","9901-10000","","","","","","items/lccc-9971.html","https://ronenglish-archive.github.io/ron-english-light-cult-9001-10000/items/lccc-9971.html","https://opensea.io/item/ethereum/0xbe85fbd182af91290be7293438ae67549638189f/9971","MISSING SOURCE IMAGE","No existing repo image found for token #9971"
"9972","9972","Light Cult Crypto Club #9972","RE-011782","9901-10000","","","","","","items/lccc-9972.html","https://ronenglish-archive.github.io/ron-english-light-cult-9001-10000/items/lccc-9972.html","https://opensea.io/item/ethereum/0xbe85fbd182af91290be7293438ae67549638189f/9972","MISSING SOURCE IMAGE","No existing repo image found for token #9972"
"9973","9973","Light Cult Crypto Club #9973","RE-011783","9901-10000","","","","","","items/lccc-9973.html","https://ronenglish-archive.github.io/ron-english-light-cult-9001-10000/items/lccc-9973.html","https://opensea.io/item/ethereum/0xbe85fbd182af91290be7293438ae67549638189f/9973","MISSING SOURCE IMAGE","No existing repo image found for token #9973"
"9974","9974","Light Cult Crypto Club #9974","RE-011784","9901-10000","","","","","","items/lccc-9974.html","https://ronenglish-archive.github.io/ron-english-light-cult-9001-10000/items/lccc-9974.html","https://opensea.io/item/ethereum/0xbe85fbd182af91290be7293438ae67549638189f/9974","MISSING SOURCE IMAGE","No existing repo image found for token #9974"
"9975","9975","Light Cult Crypto Club #9975","RE-011785","9901-10000","","","","","","items/lccc-9975.html","https://ronenglish-archive.github.io/ron-english-light-cult-9001-10000/items/lccc-9975.html","https://opensea.io/item/ethereum/0xbe85fbd182af91290be7293438ae67549638189f/9975","MISSING SOURCE IMAGE","No existing repo image found for token #9975"
"9976","9976","Light Cult Crypto Club #9976","RE-011786","9901-10000","","","","","","items/lccc-9976.html","https://ronenglish-archive.github.io/ron-english-light-cult-9001-10000/items/lccc-9976.html","https://opensea.io/item/ethereum/0xbe85fbd182af91290be7293438ae67549638189f/9976","MISSING SOURCE IMAGE","No existing repo image found for token #9976"
"9977","9977","Light Cult Crypto Club #9977","RE-011787","9901-10000","","","","","","items/lccc-9977.html","https://ronenglish-archive.github.io/ron-english-light-cult-9001-10000/items/lccc-9977.html","https://opensea.io/item/ethereum/0xbe85fbd182af91290be7293438ae67549638189f/9977","MISSING SOURCE IMAGE","No existing repo image found for token #9977"
"9978","9978","Light Cult Crypto Club #9978","RE-011788","9901-10000","","","","","","items/lccc-9978.html","https://ronenglish-archive.github.io/ron-english-light-cult-9001-10000/items/lccc-9978.html","https://opensea.io/item/ethereum/0xbe85fbd182af91290be7293438ae67549638189f/9978","MISSING SOURCE IMAGE","No existing repo image found for token #9978"
"9979","9979","Light Cult Crypto Club #9979","RE-011789","9901-10000","","","","","","items/lccc-9979.html","https://ronenglish-archive.github.io/ron-english-light-cult-9001-10000/items/lccc-9979.html","https://opensea.io/item/ethereum/0xbe85fbd182af91290be7293438ae67549638189f/9979","MISSING SOURCE IMAGE","No existing repo image found for token #9979"
"9980","9980","Light Cult Crypto Club #9980","RE-011790","9901-10000","","","","","","items/lccc-9980.html","https://ronenglish-archive.github.io/ron-english-light-cult-9001-10000/items/lccc-9980.html","https://opensea.io/item/ethereum/0xbe85fbd182af91290be7293438ae67549638189f/9980","MISSING SOURCE IMAGE","No existing repo image found for token #9980"
"9981","9981","Light Cult Crypto Club #9981","RE-011791","9901-10000","","","","","","items/lccc-9981.html","https://ronenglish-archive.github.io/ron-english-light-cult-9001-10000/items/lccc-9981.html","https://opensea.io/item/ethereum/0xbe85fbd182af91290be7293438ae67549638189f/9981","MISSING SOURCE IMAGE","No existing repo image found for token #9981"
"9982","9982","Light Cult Crypto Club #9982","RE-011792","9901-10000","","","","","","items/lccc-9982.html","https://ronenglish-archive.github.io/ron-english-light-cult-9001-10000/items/lccc-9982.html","https://opensea.io/item/ethereum/0xbe85fbd182af91290be7293438ae67549638189f/9982","MISSING SOURCE IMAGE","No existing repo image found for token #9982"
"9983","9983","Light Cult Crypto Club #9983","RE-011793","9901-10000","","","","","","items/lccc-9983.html","https://ronenglish-archive.github.io/ron-english-light-cult-9001-10000/items/lccc-9983.html","https://opensea.io/item/ethereum/0xbe85fbd182af91290be7293438ae67549638189f/9983","MISSING SOURCE IMAGE","No existing repo image found for token #9983"
"9984","9984","Light Cult Crypto Club #9984","RE-011794","9901-10000","","","","","","items/lccc-9984.html","https://ronenglish-archive.github.io/ron-english-light-cult-9001-10000/items/lccc-9984.html","https://opensea.io/item/ethereum/0xbe85fbd182af91290be7293438ae67549638189f/9984","MISSING SOURCE IMAGE","No existing repo image found for token #9984"
"9985","9985","Light Cult Crypto Club #9985","RE-011795","9901-10000","","","","","","items/lccc-9985.html","https://ronenglish-archive.github.io/ron-english-light-cult-9001-10000/items/lccc-9985.html","https://opensea.io/item/ethereum/0xbe85fbd182af91290be7293438ae67549638189f/9985","MISSING SOURCE IMAGE","No existing repo image found for token #9985"
"9986","9986","Light Cult Crypto Club #9986","RE-011796","9901-10000","","","","","","items/lccc-9986.html","https://ronenglish-archive.github.io/ron-english-light-cult-9001-10000/items/lccc-9986.html","https://opensea.io/item/ethereum/0xbe85fbd182af91290be7293438ae67549638189f/9986","MISSING SOURCE IMAGE","No existing repo image found for token #9986"
"9987","9987","Light Cult Crypto Club #9987","RE-011797","9901-10000","","","","","","items/lccc-9987.html","https://ronenglish-archive.github.io/ron-english-light-cult-9001-10000/items/lccc-9987.html","https://opensea.io/item/ethereum/0xbe85fbd182af91290be7293438ae67549638189f/9987","MISSING SOURCE IMAGE","No existing repo image found for token #9987"
"9988","9988","Light Cult Crypto Club #9988","RE-011798","9901-10000","","","","","","items/lccc-9988.html","https://ronenglish-archive.github.io/ron-english-light-cult-9001-10000/items/lccc-9988.html","https://opensea.io/item/ethereum/0xbe85fbd182af91290be7293438ae67549638189f/9988","MISSING SOURCE IMAGE","No existing repo image found for token #9988"
"9989","9989","Light Cult Crypto Club #9989","RE-011799","9901-10000","","","","","","items/lccc-9989.html","https://ronenglish-archive.github.io/ron-english-light-cult-9001-10000/items/lccc-9989.html","https://opensea.io/item/ethereum/0xbe85fbd182af91290be7293438ae67549638189f/9989","MISSING SOURCE IMAGE","No existing repo image found for token #9989"
"9990","9990","Light Cult Crypto Club #9990","RE-011800","9901-10000","","","","","","items/lccc-9990.html","https://ronenglish-archive.github.io/ron-english-light-cult-9001-10000/items/lccc-9990.html","https://opensea.io/item/ethereum/0xbe85fbd182af91290be7293438ae67549638189f/9990","MISSING SOURCE IMAGE","No existing repo image found for token #9990"
"9991","9991","Light Cult Crypto Club #9991","RE-011801","9901-10000","","","","","","items/lccc-9991.html","https://ronenglish-archive.github.io/ron-english-light-cult-9001-10000/items/lccc-9991.html","https://opensea.io/item/ethereum/0xbe85fbd182af91290be7293438ae67549638189f/9991","MISSING SOURCE IMAGE","No existing repo image found for token #9991"
"9992","9992","Light Cult Crypto Club #9992","RE-011802","9901-10000","","","","","","items/lccc-9992.html","https://ronenglish-archive.github.io/ron-english-light-cult-9001-10000/items/lccc-9992.html","https://opensea.io/item/ethereum/0xbe85fbd182af91290be7293438ae67549638189f/9992","MISSING SOURCE IMAGE","No existing repo image found for token #9992"
"9993","9993","Light Cult Crypto Club #9993","RE-011803","9901-10000","","","","","","items/lccc-9993.html","https://ronenglish-archive.github.io/ron-english-light-cult-9001-10000/items/lccc-9993.html","https://opensea.io/item/ethereum/0xbe85fbd182af91290be7293438ae67549638189f/9993","MISSING SOURCE IMAGE","No existing repo image found for token #9993"
"9994","9994","Light Cult Crypto Club #9994","RE-011804","9901-10000","","","","","","items/lccc-9994.html","https://ronenglish-archive.github.io/ron-english-light-cult-9001-10000/items/lccc-9994.html","https://opensea.io/item/ethereum/0xbe85fbd182af91290be7293438ae67549638189f/9994","MISSING SOURCE IMAGE","No existing repo image found for token #9994"
"9995","9995","Light Cult Crypto Club #9995","RE-011805","9901-10000","","","","","","items/lccc-9995.html","https://ronenglish-archive.github.io/ron-english-light-cult-9001-10000/items/lccc-9995.html","https://opensea.io/item/ethereum/0xbe85fbd182af91290be7293438ae67549638189f/9995","MISSING SOURCE IMAGE","No existing repo image found for token #9995"
"9996","9996","Light Cult Crypto Club #9996","RE-011806","9901-10000","","","","","","items/lccc-9996.html","https://ronenglish-archive.github.io/ron-english-light-cult-9001-10000/items/lccc-9996.html","https://opensea.io/item/ethereum/0xbe85fbd182af91290be7293438ae67549638189f/9996","MISSING SOURCE IMAGE","No existing repo image found for token #9996"
"9997","9997","Light Cult Crypto Club #9997","RE-011807","9901-10000","","","","","","items/lccc-9997.html","https://ronenglish-archive.github.io/ron-english-light-cult-9001-10000/items/lccc-9997.html","https://opensea.io/item/ethereum/0xbe85fbd182af91290be7293438ae67549638189f/9997","MISSING SOURCE IMAGE","No existing repo image found for token #9997"
"9998","9998","Light Cult Crypto Club #9998","RE-011808","9901-10000","","","","","","items/lccc-9998.html","https://ronenglish-archive.github.io/ron-english-light-cult-9001-10000/items/lccc-9998.html","https://opensea.io/item/ethereum/0xbe85fbd182af91290be7293438ae67549638189f/9998","MISSING SOURCE IMAGE","No existing repo image found for token #9998"
"9999","9999","Light Cult Crypto Club #9999","RE-011809","9901-10000","","","","","","items/lccc-9999.html","https://ronenglish-archive.github.io/ron-english-light-cult-9001-10000/items/lccc-9999.html","https://opensea.io/item/ethereum/0xbe85fbd182af91290be7293438ae67549638189f/9999","MISSING SOURCE IMAGE","No existing repo image found for token #9999"
"10000","10000","Light Cult Crypto Club #10000","RE-011810","9901-10000","","","","","","items/lccc-10000.html","https://ronenglish-archive.github.io/ron-english-light-cult-9001-10000/items/lccc-10000.html","https://opensea.io/item/ethereum/0xbe85fbd182af91290be7293438ae67549638189f/10000","MISSING SOURCE IMAGE","No existing repo image found for token #10000"
